i,|B_i|/n
1,1.000000000000000020816681711721685132943093776702880859375
2,0.368043000000000026811913800273146080144215375185012817383
3,0.205536000000000005369718558689839937869692221283912658691
4,0.136514500000000022546936540024375972279813140630722045898
5,0.099476999999999996416449876690535347734112292528152465820
6,0.077030500000000007277366209645919070680974982678890228271
7,0.062099000000000002938080334580206454120343551039695739746
8,0.051552000000000003799693198969222862615424674004316329956
9,0.043818500000000000678401779197201904025860130786895751953
10,0.037948000000000003267570242160289240018755663186311721802
11,0.033339500000000001566583668344279089978954289108514785767
12,0.029639499999999999722312404859536627554916776716709136963
13,0.026581499999999999523997082362392063714651158079504966736
14,0.024093000000000001242263236722607189221889711916446685791
15,0.021999000000000000623395432497453327869152417406439781189
16,0.020150999999999997310418803353471162154164630919694900513
17,0.018609000000000000893266363655165207546815508976578712463
18,0.017248499999999999265530223335751713875652058050036430359
19,0.016047499999999998397670619709742823033593595027923583984
20,0.014994000000000000776272275626599395081939292140305042267
21,0.014033999999999999803274551568588179861762910149991512299
22,0.013195500000000000970419057610971691474333056248724460602
23,0.012449000000000000579094931729695616695607895962893962860
24,0.011759999999999999213727910896132300422323169186711311340
25,0.011150999999999998776476980988370257819042308256030082703
26,0.010595999999999999855089007072539430964752682484686374664
27,0.010096499999999998962367346588830940845582517795264720917
28,0.009629499999999999876060946535361040332645643502473831177
29,0.009199000000000001202619601126109216693294001743197441101
30,0.008810000000000000353072605874249489943395019508898258209
31,0.008431500000000000504137530332737782146068639121949672699
32,0.008097000000000000572743241722406537519418634474277496338
33,0.007790499999999999356826985152935094447457231581211090088
34,0.007472000000000000627495451432924511436795000918209552765
35,0.007199999999999999674186405146381062536420358810573816299
36,0.006937999999999999472166580666288027146038075443357229233
37,0.006709499999999999881141517915628114110404567327350378036
38,0.006485000000000000590632143887548366478768002707511186600
39,0.006259499999999999954444426797373068893648451194167137146
40,0.006067499999999999929251471436630893663277674932032823563
41,0.005866500000000000498447637331533854876397526822984218597
42,0.005685499999999999182090457822136286836212093476206064224
43,0.005529499999999999320439859201714583036846306640654802322
44,0.005361000000000000001985391018255455719554447568953037262
45,0.005212999999999999894333222588693743659860047046095132828
46,0.005076000000000000189582724519077316926995990797877311707
47,0.004943999999999999589927416471235588346644362900406122208
48,0.004802999999999999584661229679038996209783363156020641327
49,0.004669499999999999931103722428105129438336007297039031982
50,0.004539500000000000328739205995853822628305351827293634415
51,0.004426000000000000483694247849220104740197712089866399765
52,0.004320499999999999545614772639146039523438957985490560532
53,0.004218999999999999755083933405952478778999648056924343109
54,0.004122499999999999916681231448833955255395267158746719360
55,0.004024999999999999579633133683920220846630400046706199646
56,0.003932500000000000041746120449381862727022962644696235657
57,0.003848999999999999909469985959198368163924897089600563049
58,0.003767499999999999927451695830304956302825303282588720322
59,0.003685999999999999945433405701411544441725709475576877594
60,0.003606999999999999939479184210555651191043580183759331703
61,0.003537999999999999837781237271849832382031308952718973160
62,0.003456499999999999855762947142956420520931715145707130432
63,0.003391999999999999880386913203578203024335380177944898605
64,0.003329999999999999881074947902237504138156509725376963615
65,0.003271000000000000107149749142831929304975346894934773445
66,0.003207000000000000381096413107351317250959255034103989601
67,0.003145499999999999784074198455607884739038127008825540543
68,0.003085499999999999935020077515557268554857728304341435432
69,0.003023499999999999935708112214216569668678857851773500443
70,0.002959499999999999786138302551585788080501515651121735573
71,0.002910499999999999916469378344330287688990210881456732750
72,0.002854999999999999770220696776457103283064498100429773331
73,0.002803499999999999924487703931164084281135728815570473671
74,0.002757499999999999856689072638693538408460881328210234642
75,0.002715999999999999915212354345550593848201970104128122330
76,0.002667500000000000294866128042192698899270908441394567490
77,0.002634000000000000107387839939909746078683383530005812645
78,0.002585500000000000063525140009401681595591071527451276779
79,0.002546000000000000272306266077548819737330632051452994347
80,0.002499499999999999955184936881180668422075541457161307335
81,0.002454499999999999962515227769355163900399929843842983246
82,0.002414499999999999921973655933604696599559247260913252831
83,0.002381499999999999983818065735219349221551965456455945969
84,0.002342500000000000018405416080113923271710518747568130493
85,0.002305499999999999779734137159148410489706293446943163872
86,0.002273499999999999916707469141408104462698247516527771950
87,0.002240499999999999978551878943022757084690965712070465088
88,0.002199000000000000037075160649879812524432054487988352776
89,0.002170500000000000225241483450822066458840708946809172630
90,0.002143000000000000065020254805259192210087348939850926399
91,0.002118999999999999955992016978378877922750689322128891945
92,0.002086000000000000017836426779993530544743407517671585083
93,0.002056500000000000130873827400290743128152826102450489998
94,0.002019000000000000066396324202577794437729608034715056419
95,0.001985499999999999878918036100294841617142083123326301575
96,0.001957499999999999892890583177984531459969730349257588387
97,0.001935000000000000108313965435646863966212549712508916855
98,0.001907999999999999773898961066831425625878182472661137581
99,0.001884500000000000125951657957423801548202391131781041622
100,0.001861500000000000092052342311188528611864967388100922108
101,0.001838500000000000058153026664953255675527543644420802593
102,0.001810000000000000034561112652320424842855572933331131935
103,0.001791499999999999915225473191837668451853460283018648624
104,0.001770500000000000031584001906892478217514508287422358990
105,0.001741499999999999970427626803937126709342919639311730862
106,0.001717000000000000035593164700309376513587267254479229450
107,0.001693499999999999964129387963751582901750225573778152466
108,0.001673999999999999981423063136198869926829502219334244728
109,0.001654000000000000172910514031898721043489786097779870033
110,0.001628000000000000125382668657303408821235279901884496212
111,0.001611500000000000156304873558110735132231638999655842781
112,0.001596500000000000088162224916310538702646226738579571247
113,0.001575499999999999992762516817790263701226649573072791100
114,0.001553500000000000033992123352200032115888461703434586525
115,0.001533500000000000013721337434324798465468120411969721317
116,0.001512999999999999955886090426127044139548161183483898640
117,0.001497999999999999887743441784326847709962748922407627106
118,0.001483500000000000068923491046424256722957579768262803555
119,0.001467999999999999963216381314301539617872549570165574551
120,0.001452500000000000069267508395753907279868144541978836060
121,0.001438999999999999902060006211346188109700960922054946423
122,0.001423999999999999833917357569545991680115548660978674889
123,0.001409000000000000189291182554895964784691386739723384380
124,0.001391499999999999933326228461483164977607884793542325497
125,0.001379999999999999916376570638365528509439172921702265739
126,0.001365499999999999885798383086887852755353378597646951675
127,0.001352499999999999967913578806377739027766438084654510021
128,0.001341499999999999988528382073582623235097344149835407734
129,0.001326999999999999957950194522104947481011549825780093670
130,0.001311499999999999852243084789982230375926519627682864666
131,0.001301000000000000122180585961084720025837668799795210361
132,0.001288500000000000030102005957322042206669721053913235664
133,0.001276499999999999975587887043881885063001391245052218437
134,0.001263999999999999883509307040119207243833443499170243740
135,0.001249500000000000064689356302216616256828274345025420189
136,0.001235500000000000071675629841061461178242097957991063595
137,0.001217999999999999815710675747648661371158596011810004711
138,0.001203499999999999996890725009746070384153426857665181160
139,0.001194999999999999993569596914988473201901797438040375710
140,0.001184500000000000051748861272515878084732321440242230892
141,0.001173500000000000072363664539720762292063227505423128605
142,0.001165500000000000106606997535285685785311216022819280624
143,0.001154499999999999915463563988915485225561496918089687824
144,0.001147500000000000024835819165125450069808721309527754784
145,0.001137999999999999946385768889722811536557856015861034393
146,0.001129999999999999980629101885287735029805844533257186413
147,0.001120499999999999902179051609885096496554979239590466022
148,0.001114000000000000049115767876417582016301821568049490452
149,0.001107499999999999984294247329374982768968038726598024368
150,0.001101999999999999994601648962977424872633491759188473225
151,0.001095499999999999929780128415934825625299708917737007141
152,0.001084499999999999950394931683139709832630614982917904854
153,0.001077999999999999885573411136097110585296832141466438770
154,0.001067000000000000117946451216877079559708363376557826996
155,0.001060000000000000015560469579511959636874962598085403442
156,0.001045499999999999984982282028034283882789168274030089378
157,0.001033999999999999968032624204916647414620456402190029621
158,0.001025499999999999964711496110159050232368826982565224171
159,0.001015000000000000022890760467686455115199350984767079353
160,0.001008500000000000169827476734218940634946193313226103783
161,0.001001500000000000067441495096853820712112792534753680229
162,0.000995500000000000040184435640133742140278627630323171616
163,0.000985999999999999961734385364731103607027762336656451225
164,0.000982500000000000122299631359623628412691687117330729961
165,0.000970999999999999893591736722930907177442350075580179691
166,0.000965000000000000078092914079785913372688810341060161591
167,0.000958500000000000013271393532743314125355027499608695507
168,0.000949500000000000078264922754450738651144092727918177843
169,0.000944500000000000020257667071588159046768851112574338913
170,0.000938499999999999993000607614868080474934686208143830299
171,0.000928499999999999982865214655930463649724515562411397696
172,0.000922999999999999993172616289532905753389968595001846552
173,0.000914499999999999989851488194775308571138339175377041101
174,0.000909000000000000000158889828377750674803792207967489958
175,0.000903000000000000078780948778445214486509939888492226601
176,0.000895999999999999976394967141080094563676539110019803047
177,0.000888499999999999942323642820179996348883832979481667280
178,0.000881500000000000051695897996389961193131057370919734240
179,0.000874000000000000017624573675489862978338351240381598473
180,0.000867499999999999952803053128447263731004568398930132389
181,0.000858500000000000017796582350154688256793633627239614725
182,0.000851500000000000021289719119577110717500545433722436428
183,0.000843499999999999949653933708354491827208221366163343191
184,0.000836499999999999953147070477776914287915133172646164894
185,0.000829000000000000024954864563664358456662739627063274384
186,0.000825000000000000042076531061446820203286733885761350393
187,0.000818999999999999908940353197939199247912256396375596523
188,0.000814499999999999994376677012186682702576945303007960320
189,0.000805500000000000059370206233894107228366010531317442656
190,0.000798000000000000025298881912994009013573304400779306889
191,0.000795000000000000011670352184633969727656221948564052582
192,0.000790000000000000059542214908558932506821292918175458908
193,0.000782999999999999957156233271193812583987892139703035355
194,0.000779999999999999943527703542833773298070809687487781048
195,0.000773999999999999916270644086113694726236644783057272434
196,0.000767000000000000025642899262323659570483869174495339394
197,0.000761999999999999967635643579461079966108627559151500463
198,0.000757000000000000015507506303386042745273698528762906790
199,0.000754000000000000001878976575026003459356616076547652483
200,0.000748999999999999943871720892163423854981374461203813553
201,0.000747000000000000005372113344448425920063527883030474186
202,0.000741500000000000015679514978050868023728980915620923042
203,0.000736999999999999995236720385510809094853357237298041582
204,0.000729499999999999961165396064610710880060651106759905815
205,0.000723000000000000002222993924355654016267180850263684988
206,0.000719000000000000019344660422138115762891175108961760998
207,0.000715499999999999968151669603455555801474474719725549221
208,0.000711499999999999985273336101238017548098468978423625231
209,0.000706999999999999964830541508697958619222845300100743771
210,0.000703500000000000019516669096802941041346457495819777250
211,0.000699999999999999968323678278120381079929757106583565474
212,0.000693500000000000009381276137865324216136286850087344646
213,0.000690499999999999995752746409505284930219204397872090340
214,0.000687499999999999982124216681145245644302121945656836033
215,0.000681999999999999992431618314747687747967574978247284889
216,0.000677500000000000077867942128995171202632263884879648685
217,0.000676500000000000002739019948350129851633028010837733746
218,0.000670499999999999975481960491630051279798863106407225132
219,0.000667999999999999999417891853592532669381398591212928295
220,0.000662999999999999941410636170729953065006156975869089365
221,0.000658999999999999958532302668512414811630151234567165375
222,0.000654999999999999975653969166294876558254145493265241385
223,0.000652000000000000067904557844722379655877375626005232334
224,0.000647499999999999941582644845394778343461439362727105618
225,0.000641999999999999951890046478997220447126892395317554474
226,0.000635000000000000061262301655207185291374116786755621433
227,0.000630499999999999934940388655879583978958180523477494717
228,0.000625499999999999982812251379804546758123251493088901043
229,0.000622499999999999969183721651444507472206169040873646736
230,0.000617999999999999948740927058904448543330545362550765276
231,0.000614500000000000003427054647009430965454157558269798756
232,0.000612499999999999959048328692506890646995998395141214132
233,0.000606999999999999969355730326109332750661451427731662989
234,0.000603500000000000024041857914214315172785063623450696468
235,0.000599999999999999972848867095531755211368363234214484692
236,0.000597499999999999996784798457494236600950898719020187855
237,0.000592500000000000044656661181419199380115969688631594181
238,0.000588500000000000061778327679201661126739963947329670191
239,0.000587499999999999986649405498556619775740728073287755251
240,0.000585000000000000010585336860519101165323263558093458414
241,0.000581000000000000027707003358301562911947257816791534424
242,0.000577999999999999908199355223153981242489862779621034861
243,0.000573999999999999925321021720936442989113857038319110870
244,0.000569500000000000010757345535183926443778545944951474667
245,0.000565999999999999959564354716501366482361845555715262890
246,0.000563499999999999983500286078463847871944381040520966053
247,0.000561000000000000007436217440426329261526916525326669216
248,0.000559000000000000068936609892711331326609069947153329849
249,0.000554499999999999942614696893383730014193133683875203133
250,0.000546999999999999908543372572483631799400427553337067366
251,0.000543500000000000069108618567376156605064352334011346102
252,0.000540499999999999949600970432228574935606957296840846539
253,0.000536499999999999966722636930011036682230951555538922548
254,0.000534500000000000028223029382296038747313104977365583181
255,0.000530000000000000007780234789755979818437481299042701721
256,0.000529499999999999970215773699433459142937863362021744251
257,0.000524999999999999949772979106893400214062239683698862791
258,0.000520999999999999966894645604675861960686233942396938801
259,0.000518499999999999990830576966638343350268769427202641964
260,0.000515499999999999977202047238278304064351686974987387657
261,0.000513499999999999932823321283775763745893527811858803034
262,0.000513000000000000001137978600240785453934222459793090820
263,0.000510500000000000025073909962203266843516757944598793983
264,0.000509000000000000018259645098023247200558216718491166830
265,0.000504499999999999997816850505483188271682593040168285370
266,0.000503999999999999960252389415160667596182975103147327900
267,0.000501999999999999915873663460658127277724815940018743277
268,0.000498500000000000076438909455550652083388740720693022013
269,0.000496500000000000032060183501048111764930581557564437389
270,0.000492999999999999980867192682365551803513881168328225613
271,0.000489500000000000035553320270470534225637493364047259092
272,0.000487499999999999991174594315967993907179334200918674469
273,0.000484499999999999977546064587607954621262251748703420162
274,0.000481000000000000032232192175712937043385863944422453642
275,0.000478000000000000018603662447352897757468781492207199335
276,0.000475000000000000004975132718992858471551699039991945028
277,0.000473000000000000013535965967884089344863696169340983033
278,0.000471500000000000006721701103704069701905154943233355880
279,0.000469499999999999962342975149201529383446995780104771256
280,0.000468499999999999993093171375344030415988072491018101573
281,0.000466500000000000001654004624235261289300069620367139578
282,0.000464500000000000010214837873126492162612066749716177583
283,0.000462500000000000018775671122017723035924063879065215588
284,0.000460500000000000027336504370908953909236061008414253592
285,0.000458999999999999967582680303335163074507363489829003811
286,0.000456000000000000006893709778368894980360437330091372132
287,0.000452999999999999993265180050008855694443354877876117826
288,0.000450500000000000017201111411971337084025890362681820989
289,0.000447500000000000003572581683611297798108807910466566682
290,0.000444999999999999974568953842180007995921187102794647217
291,0.000443499999999999967754688977999988352962645876687020063
292,0.000440999999999999991690620339962469742545181361492723227
293,0.000439000000000000000251453588853700615857178490841761231
294,0.000436000000000000039562483063887432521710252331104129553
295,0.000433999999999999995183757109384892203252093167975544930
296,0.000432000000000000003744590358276123076564090297324582934
297,0.000430000000000000012305423607167353949876087426673620939
298,0.000426999999999999998676893878807314663959004974458366632
299,0.000424500000000000022612825240769796053541540459264069796
300,0.000422999999999999962859001173196005218812842940678820014
301,0.000420499999999999986794932535158486608395378425484523177
302,0.000419500000000000017545128761300987640936455136397853494
303,0.000416999999999999988541500919869697838748834328725934029
304,0.000413500000000000043227628507974680260872446524444967508
305,0.000411000000000000014224000666543390458684825716773048043
306,0.000408499999999999985220372825112100656497204909101128578
307,0.000407000000000000031345667164325852205308819975471124053
308,0.000404000000000000017717137435965812919391737523255869746
309,0.000401000000000000004088607707605773633474655071040615439
310,0.000398000000000000043399637182639505539327728911302983761
311,0.000395000000000000029771107454279466253410646459087729454
312,0.000394499999999999992206646363956945577911028522066771984
313,0.000391499999999999978578116635596906291993946069851517677
314,0.000389000000000000002514047997559387681576481554657220840
315,0.000387499999999999995699783133379368038617940328549593687
316,0.000385999999999999988885518269199348395659399102441966534
317,0.000383500000000000012821449631161829785241934587247669697
318,0.000382999999999999975256988540839309109742316650226712227
319,0.000382999999999999975256988540839309109742316650226712227
320,0.000382000000000000006007184766981810142283393361140042543
321,0.000380499999999999999192919902801790499324852135032415390
322,0.000378500000000000007753753151693021372636849264381453395
323,0.000373999999999999987310958559152962443761225586058571935
324,0.000371999999999999995871791808044193317073222715407609940
325,0.000370499999999999989057526943864173674114681489299982786
326,0.000368000000000000012993458305826655063697216974105685949
327,0.000366000000000000021554291554717885937009214103454723954
328,0.000365499999999999983989830464395365261509596166433766484
329,0.000364500000000000014740026690537866294050672877347096801
330,0.000363499999999999992550663713286596134821593295782804489
331,0.000363000000000000007925761826357846651092131651239469647
332,0.000360499999999999978922133984926556848904510843567550182
333,0.000357500000000000018233163459960288754757584683829918504
334,0.000356499999999999996043800482709018595528505102265626192
335,0.000355999999999999958479339392386497920028887165244668722
336,0.000354999999999999989229535618528998952569963876157999039
337,0.000353999999999999967040172641277728793340884294593706727
338,0.000352999999999999997790368867420229825881961005507037044
339,0.000352500000000000013165466980491480342152499360963702202
340,0.000351499999999999990976104003240210182923419779399409890
341,0.000349000000000000014912035365202691572505955264205113053
342,0.000347500000000000008097770501022671929547414038097485900
343,0.000346999999999999970533309410700151254047796101076528430
344,0.000346000000000000001283505636842652286588872811989858747
345,0.000344000000000000009844338885733883159900869941338896751
346,0.000343500000000000025219436998805133676171408296795561910
347,0.000340000000000000026966005383516344906524864200036972761
348,0.000337999999999999982587279429013804588066705036908388138
349,0.000335999999999999991148112677905035461378702166257426143
350,0.000334499999999999984333847813725015818420160940149798989
351,0.000332000000000000008269779175687497208002696424955502152
352,0.000330500000000000001455514311507477565044155198847874999
353,0.000328000000000000025391445673469958954626690683653578162
354,0.000327000000000000003202082696218688795397611102089285851
355,0.000326000000000000033952278922361189827938687813002616167
356,0.000323999999999999989573552967858649509480528649874031544
357,0.000323500000000000004948651080929900025751067005330696702
358,0.000322999999999999967384189990607379350251449068309739232
359,0.000320499999999999991320121352569860739833984553115442395
360,0.000318499999999999999880954601461091613145981682464480400
361,0.000316999999999999993066689737281071970187440456356853247
362,0.000315999999999999970877326760029801810958360874792560935
363,0.000314500000000000017002621099243553359769975941162556410
364,0.000313000000000000010188356235063533716811434715054929256
365,0.000311500000000000003374091370883514073852893488947302103
366,0.000310500000000000034124287597026015106393970199860632420
367,0.000309500000000000011934924619774744947164890618296340108
368,0.000308999999999999974370463529452224271665272681275382638
369,0.000307499999999999967556198665272204628706731455167755485
370,0.000306000000000000013681493004485956177518346521537750959
371,0.000304999999999999991492130027234686018289266939973458648
372,0.000304000000000000022242326253377187050830343650886788964
373,0.000303000000000000000052963276125916891601264069322496653
374,0.000302000000000000030803159502268417924142340780235826969
375,0.000299500000000000001799531660837128121954719972563907504
376,0.000299000000000000017174629773908378638225258328020572662
377,0.000297500000000000010360364909728358995266717101912945509
378,0.000295500000000000018921198158619589868578714231261983514
379,0.000294499999999999996731835181368319709349634649697691202
380,0.000293499999999999974542472204117049550120555068133398890
381,0.000292500000000000005292668430259550582661631779046729207
382,0.000292500000000000005292668430259550582661631779046729207
383,0.000292000000000000020667766543330801098932170134503394365
384,0.000290500000000000013853501679150781455973628908395767212
385,0.000288999999999999954099677611576990621244931389810517430
386,0.000288500000000000022414334928042012329285626037744805217
387,0.000286500000000000030975168176933243202597623167093843222
388,0.000285500000000000008785805199681973043368543585529550910
389,0.000284499999999999986596442222430702884139464003965258598
390,0.000284000000000000001971540335501953400410002359421923757
391,0.000283500000000000017346638448573203916680540714878588915
392,0.000283500000000000017346638448573203916680540714878588915
393,0.000282000000000000010532373584393184273721999488770961761
394,0.000281500000000000025907471697464434789992537844227626920
395,0.000279500000000000034468304946355665663304534973576664925
396,0.000277000000000000005464677104924375861116914165904745460
397,0.000276500000000000020839775217995626377387452521361410618
398,0.000275999999999999983275314127673105701887834584340453148
399,0.000275000000000000014025510353815606734428911295253783464
400,0.000273999999999999991836147376564336575199831713689491153
401,0.000273000000000000022586343602706837607740908424602821469
402,0.000272000000000000000396980625455567448511828843038529158
403,0.000270499999999999993582715761275547805553287616930902004
404,0.000269499999999999971393352784024277646324208035366609693
405,0.000268500000000000002143549010166778678865284746279940009
406,0.000267499999999999979954186032915508519636205164715647697
407,0.000266000000000000026079480372129260068447820231085643172
408,0.000265000000000000003890117394877989909218740649521350861
409,0.000264000000000000034640313621020490941759817360434681177
410,0.000263000000000000012450950643769220782530737778870388865
411,0.000260499999999999983447322802337930980343116971198469400
412,0.000258499999999999992008156051229161853655114100547507405
413,0.000257500000000000022758352277371662886196190811460837722
414,0.000257500000000000022758352277371662886196190811460837722
415,0.000255499999999999978379626322869122567738031648332253098
416,0.000253999999999999971565361458689102924779490422224625945
417,0.000250500000000000026251489046794085346903102617943659425
418,0.000248999999999999966497664979220294512174405099358409643
419,0.000247500000000000012622959318434046060986020165728405118
420,0.000245500000000000021183792567325276934298017295077443123
421,0.000243500000000000029744625816216507807610014424426481128
422,0.000242500000000000007555262838965237648380934842862188816
423,0.000240500000000000016116096087856468521692931972211226821
424,0.000240000000000000031491194200927719037963470327667891979
425,0.000239499999999999993926733110605198362463852390646934509
426,0.000239000000000000009301831223676448878734390746103599668
427,0.000237500000000000002487566359496429235775849519995972514
428,0.000236999999999999991392884870870794156161309729213826358
429,0.000235500000000000011048399608387660109087846649345010519
430,0.000234000000000000004234134744207640466129305423237383366
431,0.000234000000000000004234134744207640466129305423237383366
432,0.000233500000000000019609232857278890982399843778694048524
433,0.000233500000000000019609232857278890982399843778694048524
434,0.000233000000000000008514551368653255902785303987911902368
435,0.000232000000000000012794967993098871339441302552586421371
436,0.000232000000000000012794967993098871339441302552586421371
437,0.000231500000000000001700286504473236259826762761804275215
438,0.000229999999999999994886021640293216616868221535696648061
439,0.000229999999999999994886021640293216616868221535696648061
440,0.000229999999999999994886021640293216616868221535696648061
441,0.000228999999999999999166438264738832053524220100371167064
442,0.000228000000000000003446854889184447490180218665045686066
443,0.000226499999999999996632590025004427847221677438938058913
444,0.000225999999999999985537908536378792767607137648155912757
445,0.000224500000000000005193423273895658720533674568287096918
446,0.000222999999999999998379158409715639077575133342179469764
447,0.000222499999999999987284476921090003997960593551397323608
448,0.000221000000000000006939991658606869950887130471528507769
449,0.000220000000000000011220408283052485387543129036203026772
450,0.000220000000000000011220408283052485387543129036203026772
451,0.000219000000000000015500824907498100824199127600877545774
452,0.000216999999999999997591878554692446101626046583987772465
453,0.000214500000000000021527809916654927491208582068793475628
454,0.000213499999999999999338446939403657331979502487229183316
455,0.000213499999999999999338446939403657331979502487229183316
456,0.000211999999999999992524182075223637689020961261121556163
457,0.000210999999999999996804598699669253125676959825796075165
458,0.000210999999999999996804598699669253125676959825796075165
459,0.000209000000000000005365431948560483998988956955145113170
460,0.000208499999999999994270750459934848919374417164362967014
461,0.000207499999999999998551167084380464356030415729037486017
462,0.000205500000000000007112000333271695229342412858386524022
463,0.000204000000000000000297735469091675586383871632278896868
464,0.000202499999999999993483470604911655943425330406171269715
465,0.000200500000000000002044303853802886816737327535520307720
466,0.000199000000000000021699818591319752769663864455651491880
467,0.000199000000000000021699818591319752769663864455651491880
468,0.000199000000000000021699818591319752769663864455651491880
469,0.000197999999999999999510455614068482610434784874087199569
470,0.000197500000000000014885553727139733126705323229543864727
471,0.000195999999999999981601509261262827887861703857197426260
472,0.000195499999999999996976607374334078404132242212654091418
473,0.000194500000000000001257023998779693840788240777328610420
474,0.000193999999999999990162342510154058761173700986546464264
475,0.000192499999999999983348077645974039118215159760438837111
476,0.000191499999999999987628494270419654554871158325113356113
477,0.000190499999999999991908910894865269991527156889787875116
478,0.000189499999999999996189327519310885428183155454462394118
479,0.000187999999999999989375062655130865785224614228354766965
480,0.000187500000000000004750160768202116301495152583811432123
481,0.000187500000000000004750160768202116301495152583811432123
482,0.000186500000000000009030577392647731738151151148485951126
483,0.000185999999999999997935895904022096658536611357703804970
484,0.000185000000000000002216312528467712095192609922378323972
485,0.000184000000000000006496729152913327531848608487052842975
486,0.000183499999999999995402047664287692452234068696270696819
487,0.000183499999999999995402047664287692452234068696270696819
488,0.000183000000000000010777145777358942968504607051727361977
489,0.000181000000000000019337979026250173841816604181076399982
490,0.000181000000000000019337979026250173841816604181076399982
491,0.000181000000000000019337979026250173841816604181076399982
492,0.000180500000000000008243297537624538762202064390294253826
493,0.000180000000000000023618395650695789278472602745750918984
494,0.000179499999999999986053934560373268602972984808729961514
495,0.000179499999999999986053934560373268602972984808729961514
496,0.000178499999999999990334351184818884039628983373404480517
497,0.000176999999999999983520086320638864396670442147296853364
498,0.000175999999999999987800502945084479833326440711971372366
499,0.000175999999999999987800502945084479833326440711971372366
500,0.000175500000000000003175601058155730349596979067428037524
501,0.000175500000000000003175601058155730349596979067428037524
502,0.000173999999999999996361336193975710706638437841320410371
503,0.000172000000000000004922169442866941579950434970669448376
504,0.000170499999999999998107904578686921936991893744561821222
505,0.000169500000000000002388321203132537373647892309236340225
506,0.000168500000000000006668737827578152810303890873910859227
507,0.000166999999999999999854472963398133167345349647803232074
508,0.000166500000000000015229571076469383683615888003259897232
509,0.000165000000000000008415306212289364040657346777152270079
510,0.000164000000000000012695722836734979477313345341826789081
511,0.000164000000000000012695722836734979477313345341826789081
512,0.000161999999999999994786776483929324754740264324937015772
513,0.000161499999999999983692094995303689675125724534154869616
514,0.000160999999999999999067193108374940191396262889611534774
515,0.000159499999999999992252928244194920548437721663503907621
516,0.000158499999999999996533344868640535985093720228178426623
517,0.000157999999999999985438663380014900905479180437396280468
518,0.000156999999999999989719080004460516342135179002070799470
519,0.000156999999999999989719080004460516342135179002070799470
520,0.000155500000000000009374594741977382295061715922201983631
521,0.000155500000000000009374594741977382295061715922201983631
522,0.000155500000000000009374594741977382295061715922201983631
523,0.000154499999999999987185231764726112135832636340637691319
524,0.000154499999999999987185231764726112135832636340637691319
525,0.000153499999999999991465648389171727572488634905312210321
526,0.000152000000000000011121163126688593525415171825443394482
527,0.000152000000000000011121163126688593525415171825443394482
528,0.000151000000000000015401579751134208962071170390117913485
529,0.000150500000000000004306898262508573882456630599335767329
530,0.000150500000000000004306898262508573882456630599335767329
531,0.000148999999999999997492633398328554239498089373228140175
532,0.000148999999999999997492633398328554239498089373228140175
533,0.000148500000000000012867731511399804755768627728684805334
534,0.000147500000000000017148148135845420192424626293359324336
535,0.000146500000000000021428564760291035629080624858033843338
536,0.000144999999999999988144520294414130390237005485687404871
537,0.000144499999999999977049838805788495310622465694905258715
538,0.000144499999999999977049838805788495310622465694905258715
539,0.000144499999999999977049838805788495310622465694905258715
540,0.000143499999999999981330255430234110747278464259579777718
541,0.000142499999999999985610672054679726183934462824254296720
542,0.000142000000000000000985770167750976700205001179710961878
543,0.000140499999999999994171505303570957057246459953603334725
544,0.000140499999999999994171505303570957057246459953603334725
545,0.000140499999999999994171505303570957057246459953603334725
546,0.000139999999999999983076823814945321977631920162821188569
547,0.000139499999999999998451921928016572493902458518277853727
548,0.000139499999999999998451921928016572493902458518277853727
549,0.000139499999999999998451921928016572493902458518277853727
550,0.000138500000000000002732338552462187930558457082952372730
551,0.000137500000000000007012755176907803367214455647626891732
552,0.000136999999999999995918073688282168287599915856844745576
553,0.000136999999999999995918073688282168287599915856844745576
554,0.000136000000000000000198490312727783724255914421519264579
555,0.000136000000000000000198490312727783724255914421519264579
556,0.000135000000000000004478906937173399160911912986193783581
557,0.000134499999999999993384225448547764081297373195411637425
558,0.000133499999999999997664642072993379517953371760086156428
559,0.000133499999999999997664642072993379517953371760086156428
560,0.000133000000000000013039740186064630034223910115542821586
561,0.000132500000000000001945058697438994954609370324760675430
562,0.000131000000000000021600573434955860907535907244891859591
563,0.000131000000000000021600573434955860907535907244891859591
564,0.000130500000000000010505891946330225827921367454109713435
565,0.000129999999999999999411210457704590748306827663327567279
566,0.000129000000000000003691627082150206184962826228002086282
567,0.000129000000000000003691627082150206184962826228002086282
568,0.000127999999999999981502264104898936025733746646437793970
569,0.000127999999999999981502264104898936025733746646437793970
570,0.000126500000000000001157778842415801978660283566568978131
571,0.000125999999999999990063097353790166899045743775786831975
572,0.000124999999999999994343513978235782335701742340461350977
573,0.000124499999999999983248832489610147256087202549679204822
574,0.000124499999999999983248832489610147256087202549679204822
575,0.000123999999999999998623930602681397772357740905135869980
576,0.000123499999999999987529249114055762692743201114353723824
577,0.000123000000000000002904347227127013209013739469810388982
578,0.000122499999999999991809665738501378129399199679028242826
579,0.000122499999999999991809665738501378129399199679028242826
580,0.000121499999999999996090082362946993566055198243702761829
581,0.000121000000000000011465180476018244082325736599159426987
582,0.000120500000000000000370498987392609002711196808377280831
583,0.000120500000000000000370498987392609002711196808377280831
584,0.000119500000000000004650915611838224439367195373051799834
585,0.000119500000000000004650915611838224439367195373051799834
586,0.000118499999999999995696442435435397078080654864606913179
587,0.000117499999999999999976859059881012514736653429281432182
588,0.000115500000000000008537692308772243388048650558630470186
589,0.000114999999999999997443010820146608308434110767848324031
590,0.000114499999999999999583219132369416026762110050185583532
591,0.000114000000000000001723427444592223745090109332522843033
592,0.000113499999999999990628745955966588665475569541740696877
593,0.000111999999999999997049370892635011820459567388752475381
594,0.000111999999999999997049370892635011820459567388752475381
595,0.000111499999999999999189579204857819538787566671089734882
596,0.000111499999999999999189579204857819538787566671089734882
597,0.000111000000000000001329787517080627257115565953426994383
598,0.000110000000000000005610204141526242693771564518101513386
599,0.000110000000000000005610204141526242693771564518101513386
600,0.000109500000000000007750412453749050412099563800438772887
601,0.000109500000000000007750412453749050412099563800438772887
602,0.000108000000000000000936147589569030769141022574331145734
603,0.000107500000000000003076355901791838487469021856668405235
604,0.000107000000000000005216564214014646205797021139005664736
605,0.000106499999999999994121882725389011126182481348223518580
606,0.000105999999999999996262091037611818844510480630560778081
607,0.000105499999999999998402299349834626562838479912898037583
608,0.000104500000000000002682715974280241999494478477572556585
609,0.000102499999999999998008659422323030074863936533802188933
610,0.000102499999999999998008659422323030074863936533802188933
611,0.000102499999999999998008659422323030074863936533802188933
612,0.000101000000000000004429284358991453229847934380813967437
613,0.000100500000000000006569492671214260948175933663151226938
614,0.000100500000000000006569492671214260948175933663151226938
615,0.000100500000000000006569492671214260948175933663151226938
616,0.000099500000000000010849909295659876384831932227825745940
617,0.000098999999999999999755227807034241305217392437043599784
618,0.000098500000000000001895436119257049023545391719380859286
619,0.000098500000000000001895436119257049023545391719380859286
620,0.000098500000000000001895436119257049023545391719380859286
621,0.000097999999999999990800754630631413943930851928598713130
622,0.000097999999999999990800754630631413943930851928598713130
623,0.000097999999999999990800754630631413943930851928598713130
624,0.000097999999999999990800754630631413943930851928598713130
625,0.000097499999999999992940962942854221662258851210935972631
626,0.000096999999999999995081171255077029380586850493273232132
627,0.000096999999999999995081171255077029380586850493273232132
628,0.000096999999999999995081171255077029380586850493273232132
629,0.000096499999999999997221379567299837098914849775610491633
630,0.000096499999999999997221379567299837098914849775610491633
631,0.000095500000000000001501796191745452535570848340285010636
632,0.000095500000000000001501796191745452535570848340285010636
633,0.000095000000000000003642004503968260253898847622622270137
634,0.000093999999999999994687531327565432892612307114177383482
635,0.000093999999999999994687531327565432892612307114177383482
636,0.000093499999999999996827739639788240610940306396514642984
637,0.000092999999999999998967947952011048329268305678851902485
638,0.000092999999999999998967947952011048329268305678851902485
639,0.000092500000000000001108156264233856047596304961189161986
640,0.000091000000000000007528781200902279202580302808200940490
641,0.000090500000000000009668989513125086920908302090538199991
642,0.000090000000000000011809197825347894639236301372875459492
643,0.000090000000000000011809197825347894639236301372875459492
644,0.000089499999999999987479626535873816761679222508973907679
645,0.000089499999999999987479626535873816761679222508973907679
646,0.000088999999999999989619834848096624480007221791311167181
647,0.000087999999999999993900251472542239916663220355985686183
648,0.000087999999999999993900251472542239916663220355985686183
649,0.000087999999999999993900251472542239916663220355985686183
650,0.000087499999999999996040459784765047634991219638322945684
651,0.000087499999999999996040459784765047634991219638322945684
652,0.000087499999999999996040459784765047634991219638322945684
653,0.000086999999999999998180668096987855353319218920660205185
654,0.000086500000000000000320876409210663071647218202997464687
655,0.000086500000000000000320876409210663071647218202997464687
656,0.000086500000000000000320876409210663071647218202997464687
657,0.000086500000000000000320876409210663071647218202997464687
658,0.000086000000000000002461084721433470789975217485334724188
659,0.000085500000000000004601293033656278508303216767671983689
660,0.000085500000000000004601293033656278508303216767671983689
661,0.000083999999999999997787028169476258865344675541564356536
662,0.000083999999999999997787028169476258865344675541564356536
663,0.000083499999999999999927236481699066583672674823901616037
664,0.000082500000000000004207653106144682020328673388576135039
665,0.000082500000000000004207653106144682020328673388576135039
666,0.000082000000000000006347861418367489738656672670913394541
667,0.000080999999999999997393388241964662377370132162468507886
668,0.000080999999999999997393388241964662377370132162468507886
669,0.000080499999999999999533596554187470095698131444805767387
670,0.000080499999999999999533596554187470095698131444805767387
671,0.000080000000000000001673804866410277814026130727143026888
672,0.000080000000000000001673804866410277814026130727143026888
673,0.000080000000000000001673804866410277814026130727143026888
674,0.000079499999999999990579123377784642734411590936360880733
675,0.000079499999999999990579123377784642734411590936360880733
676,0.000079499999999999990579123377784642734411590936360880733
677,0.000078999999999999992719331690007450452739590218698140234
678,0.000078999999999999992719331690007450452739590218698140234
679,0.000078499999999999994859540002230258171067589501035399735
680,0.000077499999999999999139956626675873607723588065709918737
681,0.000077000000000000001280164938898681326051587348047178239
682,0.000077000000000000001280164938898681326051587348047178239
683,0.000076000000000000005560581563344296762707585912721697241
684,0.000074999999999999996606108386941469401421045404276810586
685,0.000074999999999999996606108386941469401421045404276810586
686,0.000074999999999999996606108386941469401421045404276810586
687,0.000074000000000000000886525011387084838077043968951329589
688,0.000073000000000000005166941635832700274733042533625848591
689,0.000073000000000000005166941635832700274733042533625848591
690,0.000073000000000000005166941635832700274733042533625848591
691,0.000073000000000000005166941635832700274733042533625848591
692,0.000073000000000000005166941635832700274733042533625848591
693,0.000072499999999999994072260147207065195118502742843702435
694,0.000072499999999999994072260147207065195118502742843702435
695,0.000071999999999999996212468459429872913446502025180961937
696,0.000071999999999999996212468459429872913446502025180961937
697,0.000071499999999999998352676771652680631774501307518221438
698,0.000071499999999999998352676771652680631774501307518221438
699,0.000071000000000000000492885083875488350102500589855480939
700,0.000071000000000000000492885083875488350102500589855480939
701,0.000070500000000000002633093396098296068430499872192740440
702,0.000069999999999999991538411907472660988815960081410594285
703,0.000069499999999999993678620219695468707143959363747853786
704,0.000069499999999999993678620219695468707143959363747853786
705,0.000069499999999999993678620219695468707143959363747853786
706,0.000068999999999999995818828531918276425471958646085113287
707,0.000068499999999999997959036844141084143799957928422372788
708,0.000068000000000000000099245156363891862127957210759632289
709,0.000068000000000000000099245156363891862127957210759632289
710,0.000067500000000000002239453468586699580455956493096891791
711,0.000067500000000000002239453468586699580455956493096891791
712,0.000067500000000000002239453468586699580455956493096891791
713,0.000067000000000000004379661780809507298783955775434151292
714,0.000067000000000000004379661780809507298783955775434151292
715,0.000066500000000000006519870093032315017111955057771410793
716,0.000066000000000000008660078405255122735439954340108670294
717,0.000065500000000000010800286717477930453767953622445929796
718,0.000064500000000000001845813541075103092481413114001043141
719,0.000064500000000000001845813541075103092481413114001043141
720,0.000064500000000000001845813541075103092481413114001043141
721,0.000063999999999999990751132052449468012866873323218896985
722,0.000063499999999999992891340364672275731194872605556156486
723,0.000063499999999999992891340364672275731194872605556156486
724,0.000063499999999999992891340364672275731194872605556156486
725,0.000062999999999999995031548676895083449522871887893415987
726,0.000062999999999999995031548676895083449522871887893415987
727,0.000062999999999999995031548676895083449522871887893415987
728,0.000062499999999999997171756989117891167850871170230675489
729,0.000062499999999999997171756989117891167850871170230675489
730,0.000062499999999999997171756989117891167850871170230675489
731,0.000061999999999999999311965301340698886178870452567934990
732,0.000061999999999999999311965301340698886178870452567934990
733,0.000061999999999999999311965301340698886178870452567934990
734,0.000061999999999999999311965301340698886178870452567934990
735,0.000061999999999999999311965301340698886178870452567934990
736,0.000061500000000000001452173613563506604506869734905194491
737,0.000061500000000000001452173613563506604506869734905194491
738,0.000061500000000000001452173613563506604506869734905194491
739,0.000061500000000000001452173613563506604506869734905194491
740,0.000061000000000000003592381925786314322834869017242453992
741,0.000061000000000000003592381925786314322834869017242453992
742,0.000060500000000000005732590238009122041162868299579713494
743,0.000060500000000000005732590238009122041162868299579713494
744,0.000060000000000000007872798550231929759490867581916972995
745,0.000059500000000000003395561962030516078847597327694529667
746,0.000059500000000000003395561962030516078847597327694529667
747,0.000059500000000000003395561962030516078847597327694529667
748,0.000058999999999999998918325373829102398204327073472086340
749,0.000058999999999999998918325373829102398204327073472086340
750,0.000058500000000000001058533686051910116532326355809345841
751,0.000058500000000000001058533686051910116532326355809345841
752,0.000058500000000000001058533686051910116532326355809345841
753,0.000058000000000000003198741998274717834860325638146605343
754,0.000057499999999999998721505410073304154217055383924162015
755,0.000057000000000000000861713722296111872545054666261421517
756,0.000056499999999999996384477134094698191901784412038978189
757,0.000056499999999999996384477134094698191901784412038978189
758,0.000056499999999999996384477134094698191901784412038978189
759,0.000055999999999999998524685446317505910229783694376237690
760,0.000055500000000000000664893758540313628557782976713497192
761,0.000055500000000000000664893758540313628557782976713497192
762,0.000055500000000000000664893758540313628557782976713497192
763,0.000055500000000000000664893758540313628557782976713497192
764,0.000055500000000000000664893758540313628557782976713497192
765,0.000055000000000000002805102070763121346885782259050756693
766,0.000054500000000000004945310382985929065213781541388016194
767,0.000054500000000000004945310382985929065213781541388016194
768,0.000053500000000000002608282107007323102898510569502832368
769,0.000053500000000000002608282107007323102898510569502832368
770,0.000053500000000000002608282107007323102898510569502832368
771,0.000052999999999999998131045518805909422255240315280389041
772,0.000052500000000000000271253831028717140583239597617648542
773,0.000051499999999999997934225555050111178267968625732464716
774,0.000051499999999999997934225555050111178267968625732464716
775,0.000051000000000000000074433867272918896595967908069724217
776,0.000051000000000000000074433867272918896595967908069724217
777,0.000051000000000000000074433867272918896595967908069724217
778,0.000051000000000000000074433867272918896595967908069724217
779,0.000050500000000000002214642179495726614923967190406983718
780,0.000050000000000000004354850491718534333251966472744243219
781,0.000050000000000000004354850491718534333251966472744243219
782,0.000050000000000000004354850491718534333251966472744243219
783,0.000050000000000000004354850491718534333251966472744243219
784,0.000049499999999999999877613903517120652608696218521799892
785,0.000049499999999999999877613903517120652608696218521799892
786,0.000049499999999999999877613903517120652608696218521799892
787,0.000049499999999999999877613903517120652608696218521799892
788,0.000048999999999999995400377315315706971965425964299356565
789,0.000048999999999999995400377315315706971965425964299356565
790,0.000047999999999999999680793939761322408621424528973875567
791,0.000047999999999999999680793939761322408621424528973875567
792,0.000047999999999999999680793939761322408621424528973875567
793,0.000047500000000000001821002251984130126949423811311135069
794,0.000047500000000000001821002251984130126949423811311135069
795,0.000047500000000000001821002251984130126949423811311135069
796,0.000047500000000000001821002251984130126949423811311135069
797,0.000046999999999999997343765663782716446306153557088691741
798,0.000046499999999999999483973976005524164634152839425951242
799,0.000046000000000000001624182288228331882962152121763210744
800,0.000046000000000000001624182288228331882962152121763210744
801,0.000046000000000000001624182288228331882962152121763210744
802,0.000046000000000000001624182288228331882962152121763210744
803,0.000045500000000000003764390600451139601290151404100470245
804,0.000045500000000000003764390600451139601290151404100470245
805,0.000045500000000000003764390600451139601290151404100470245
806,0.000045500000000000003764390600451139601290151404100470245
807,0.000045000000000000005904598912673947319618150686437729746
808,0.000045000000000000005904598912673947319618150686437729746
809,0.000045000000000000005904598912673947319618150686437729746
810,0.000044499999999999994809917424048312240003610895655583590
811,0.000043999999999999996950125736271119958331610177992843091
812,0.000043999999999999996950125736271119958331610177992843091
813,0.000043499999999999999090334048493927676659609460330102593
814,0.000043499999999999999090334048493927676659609460330102593
815,0.000043499999999999999090334048493927676659609460330102593
816,0.000043499999999999999090334048493927676659609460330102593
817,0.000043499999999999999090334048493927676659609460330102593
818,0.000043000000000000001230542360716735394987608742667362094
819,0.000043000000000000001230542360716735394987608742667362094
820,0.000042500000000000003370750672939543113315608025004621595
821,0.000041999999999999998893514084738129432672337770782178268
822,0.000041000000000000003173930709183744869328336335456697270
823,0.000041000000000000003173930709183744869328336335456697270
824,0.000041000000000000003173930709183744869328336335456697270
825,0.000041000000000000003173930709183744869328336335456697270
826,0.000041000000000000003173930709183744869328336335456697270
827,0.000041000000000000003173930709183744869328336335456697270
828,0.000041000000000000003173930709183744869328336335456697270
829,0.000041000000000000003173930709183744869328336335456697270
830,0.000041000000000000003173930709183744869328336335456697270
831,0.000040499999999999998696694120982331188685066081234253943
832,0.000040499999999999998696694120982331188685066081234253943
833,0.000040499999999999998696694120982331188685066081234253943
834,0.000040499999999999998696694120982331188685066081234253943
835,0.000040499999999999998696694120982331188685066081234253943
836,0.000040499999999999998696694120982331188685066081234253943
837,0.000040000000000000000836902433205138907013065363571513444
838,0.000039499999999999996359665845003725226369795109349070117
839,0.000039499999999999996359665845003725226369795109349070117
840,0.000039499999999999996359665845003725226369795109349070117
841,0.000039499999999999996359665845003725226369795109349070117
842,0.000039499999999999996359665845003725226369795109349070117
843,0.000038999999999999998499874157226532944697794391686329618
844,0.000038999999999999998499874157226532944697794391686329618
845,0.000038999999999999998499874157226532944697794391686329618
846,0.000038999999999999998499874157226532944697794391686329618
847,0.000038999999999999998499874157226532944697794391686329618
848,0.000038999999999999998499874157226532944697794391686329618
849,0.000038000000000000002780290781672148381353792956360848621
850,0.000038000000000000002780290781672148381353792956360848621
851,0.000037499999999999998303054193470734700710522702138405293
852,0.000037000000000000000443262505693542419038521984475664794
853,0.000036500000000000002583470817916350137366521266812924296
854,0.000036500000000000002583470817916350137366521266812924296
855,0.000036500000000000002583470817916350137366521266812924296
856,0.000036500000000000002583470817916350137366521266812924296
857,0.000036500000000000002583470817916350137366521266812924296
858,0.000036500000000000002583470817916350137366521266812924296
859,0.000036500000000000002583470817916350137366521266812924296
860,0.000036500000000000002583470817916350137366521266812924296
861,0.000036500000000000002583470817916350137366521266812924296
862,0.000036500000000000002583470817916350137366521266812924296
863,0.000035999999999999998106234229714936456723251012590480968
864,0.000035999999999999998106234229714936456723251012590480968
865,0.000035500000000000000246442541937744175051250294927740470
866,0.000035500000000000000246442541937744175051250294927740470
867,0.000034999999999999995769205953736330494407980040705297142
868,0.000034999999999999995769205953736330494407980040705297142
869,0.000034499999999999997909414265959138212735979323042556643
870,0.000034499999999999997909414265959138212735979323042556643
871,0.000034499999999999997909414265959138212735979323042556643
872,0.000034499999999999997909414265959138212735979323042556643
873,0.000034499999999999997909414265959138212735979323042556643
874,0.000033500000000000002189830890404753649391977887717075646
875,0.000033500000000000002189830890404753649391977887717075646
876,0.000033500000000000002189830890404753649391977887717075646
877,0.000033000000000000004330039202627561367719977170054335147
878,0.000033000000000000004330039202627561367719977170054335147
879,0.000032499999999999999852802614426147687076706915831891820
880,0.000032499999999999999852802614426147687076706915831891820
881,0.000031999999999999995375566026224734006433436661609448493
882,0.000031999999999999995375566026224734006433436661609448493
883,0.000031999999999999995375566026224734006433436661609448493
884,0.000031499999999999997515774338447541724761435943946707994
885,0.000031499999999999997515774338447541724761435943946707994
886,0.000031499999999999997515774338447541724761435943946707994
887,0.000031499999999999997515774338447541724761435943946707994
888,0.000030999999999999999655982650670349443089435226283967495
889,0.000030999999999999999655982650670349443089435226283967495
890,0.000030999999999999999655982650670349443089435226283967495
891,0.000030999999999999999655982650670349443089435226283967495
892,0.000030999999999999999655982650670349443089435226283967495
893,0.000030999999999999999655982650670349443089435226283967495
894,0.000030999999999999999655982650670349443089435226283967495
895,0.000030999999999999999655982650670349443089435226283967495
896,0.000030999999999999999655982650670349443089435226283967495
897,0.000030500000000000001796190962893157161417434508621226996
898,0.000030000000000000003936399275115964879745433790958486497
899,0.000030000000000000003936399275115964879745433790958486497
900,0.000030000000000000003936399275115964879745433790958486497
901,0.000029499999999999999459162686914551199102163536736043170
902,0.000029499999999999999459162686914551199102163536736043170
903,0.000029499999999999999459162686914551199102163536736043170
904,0.000029000000000000001599370999137358917430162819073302671
905,0.000029000000000000001599370999137358917430162819073302671
906,0.000029000000000000001599370999137358917430162819073302671
907,0.000029000000000000001599370999137358917430162819073302671
908,0.000029000000000000001599370999137358917430162819073302671
909,0.000027999999999999999262342723158752955114891847188118845
910,0.000027999999999999999262342723158752955114891847188118845
911,0.000027500000000000001402551035381560673442891129525378346
912,0.000027500000000000001402551035381560673442891129525378346
913,0.000027500000000000001402551035381560673442891129525378346
914,0.000027500000000000001402551035381560673442891129525378346
915,0.000027000000000000000234036897392257692285255643582786433
916,0.000027000000000000000234036897392257692285255643582786433
917,0.000026499999999999999065522759402954711127620157640194520
918,0.000025999999999999997897008621413651729969984671697602607
919,0.000025999999999999997897008621413651729969984671697602607
920,0.000025999999999999997897008621413651729969984671697602607
921,0.000025999999999999997897008621413651729969984671697602607
922,0.000025999999999999997897008621413651729969984671697602607
923,0.000025999999999999997897008621413651729969984671697602607
924,0.000025999999999999997897008621413651729969984671697602607
925,0.000025500000000000000037216933636459448297983954034862109
926,0.000025500000000000000037216933636459448297983954034862109
927,0.000025500000000000000037216933636459448297983954034862109
928,0.000025500000000000000037216933636459448297983954034862109
929,0.000025000000000000002177425245859267166625983236372121610
930,0.000025000000000000002177425245859267166625983236372121610
931,0.000025000000000000002177425245859267166625983236372121610
932,0.000025000000000000002177425245859267166625983236372121610
933,0.000025000000000000002177425245859267166625983236372121610
934,0.000025000000000000002177425245859267166625983236372121610
935,0.000025000000000000002177425245859267166625983236372121610
936,0.000025000000000000002177425245859267166625983236372121610
937,0.000025000000000000002177425245859267166625983236372121610
938,0.000025000000000000002177425245859267166625983236372121610
939,0.000024499999999999997700188657657853485982712982149678282
940,0.000024499999999999997700188657657853485982712982149678282
941,0.000023999999999999999840396969880661204310712264486937784
942,0.000023999999999999999840396969880661204310712264486937784
943,0.000023999999999999999840396969880661204310712264486937784
944,0.000023999999999999999840396969880661204310712264486937784
945,0.000023000000000000000812091144114165941481076060881605372
946,0.000023000000000000000812091144114165941481076060881605372
947,0.000023000000000000000812091144114165941481076060881605372
948,0.000022500000000000002952299456336973659809075343218864873
949,0.000022500000000000002952299456336973659809075343218864873
950,0.000022500000000000002952299456336973659809075343218864873
951,0.000021999999999999998475062868135559979165805088996421546
952,0.000021999999999999998475062868135559979165805088996421546
953,0.000021500000000000000615271180358367697493804371333681047
954,0.000021500000000000000615271180358367697493804371333681047
955,0.000020500000000000001586965354591872434664168167728348635
956,0.000020000000000000000418451216602569453506532681785756722
957,0.000020000000000000000418451216602569453506532681785756722
958,0.000020000000000000000418451216602569453506532681785756722
959,0.000020000000000000000418451216602569453506532681785756722
960,0.000020000000000000000418451216602569453506532681785756722
961,0.000020000000000000000418451216602569453506532681785756722
962,0.000020000000000000000418451216602569453506532681785756722
963,0.000020000000000000000418451216602569453506532681785756722
964,0.000020000000000000000418451216602569453506532681785756722
965,0.000019499999999999999249937078613266472348897195843164809
966,0.000019499999999999999249937078613266472348897195843164809
967,0.000019499999999999999249937078613266472348897195843164809
968,0.000019000000000000001390145390836074190676896478180424310
969,0.000019000000000000001390145390836074190676896478180424310
970,0.000019000000000000001390145390836074190676896478180424310
971,0.000019000000000000001390145390836074190676896478180424310
972,0.000018500000000000000221631252846771209519260992237832397
973,0.000017999999999999999053117114857468228361625506295240484
974,0.000017999999999999999053117114857468228361625506295240484
975,0.000017999999999999999053117114857468228361625506295240484
976,0.000017999999999999999053117114857468228361625506295240484
977,0.000017999999999999999053117114857468228361625506295240484
978,0.000017999999999999999053117114857468228361625506295240484
979,0.000017999999999999999053117114857468228361625506295240484
980,0.000017999999999999999053117114857468228361625506295240484
981,0.000017999999999999999053117114857468228361625506295240484
982,0.000017999999999999999053117114857468228361625506295240484
983,0.000017999999999999999053117114857468228361625506295240484
984,0.000017999999999999999053117114857468228361625506295240484
985,0.000017499999999999997884602976868165247203990020352648571
986,0.000017000000000000000024811289090972965531989302689908072
987,0.000017000000000000000024811289090972965531989302689908072
988,0.000017000000000000000024811289090972965531989302689908072
989,0.000016500000000000002165019601313780683859988585027167574
990,0.000016500000000000002165019601313780683859988585027167574
991,0.000016500000000000002165019601313780683859988585027167574
992,0.000016500000000000002165019601313780683859988585027167574
993,0.000016500000000000002165019601313780683859988585027167574
994,0.000016500000000000002165019601313780683859988585027167574
995,0.000016500000000000002165019601313780683859988585027167574
996,0.000016500000000000002165019601313780683859988585027167574
997,0.000016500000000000002165019601313780683859988585027167574
998,0.000016500000000000002165019601313780683859988585027167574
999,0.000016500000000000002165019601313780683859988585027167574
1000,0.000016500000000000002165019601313780683859988585027167574
1001,0.000016500000000000002165019601313780683859988585027167574
1002,0.000016500000000000002165019601313780683859988585027167574
1003,0.000016500000000000002165019601313780683859988585027167574
1004,0.000015999999999999997687783013112367003216718330804724246
1005,0.000015999999999999997687783013112367003216718330804724246
1006,0.000015999999999999997687783013112367003216718330804724246
1007,0.000015999999999999997687783013112367003216718330804724246
1008,0.000015999999999999997687783013112367003216718330804724246
1009,0.000015999999999999997687783013112367003216718330804724246
1010,0.000015499999999999999827991325335174721544717613141983747
1011,0.000015499999999999999827991325335174721544717613141983747
1012,0.000015000000000000001968199637557982439872716895479243249
1013,0.000015000000000000001968199637557982439872716895479243249
1014,0.000015000000000000001968199637557982439872716895479243249
1015,0.000015000000000000001968199637557982439872716895479243249
1016,0.000015000000000000001968199637557982439872716895479243249
1017,0.000015000000000000001968199637557982439872716895479243249
1018,0.000015000000000000001968199637557982439872716895479243249
1019,0.000015000000000000001968199637557982439872716895479243249
1020,0.000015000000000000001968199637557982439872716895479243249
1021,0.000015000000000000001968199637557982439872716895479243249
1022,0.000015000000000000001968199637557982439872716895479243249
1023,0.000014500000000000000799685499568679458715081409536651336
1024,0.000014500000000000000799685499568679458715081409536651336
1025,0.000014500000000000000799685499568679458715081409536651336
1026,0.000014500000000000000799685499568679458715081409536651336
1027,0.000014500000000000000799685499568679458715081409536651336
1028,0.000014500000000000000799685499568679458715081409536651336
1029,0.000014500000000000000799685499568679458715081409536651336
1030,0.000014500000000000000799685499568679458715081409536651336
1031,0.000014500000000000000799685499568679458715081409536651336
1032,0.000013999999999999999631171361579376477557445923594059423
1033,0.000013999999999999999631171361579376477557445923594059423
1034,0.000013999999999999999631171361579376477557445923594059423
1035,0.000013999999999999999631171361579376477557445923594059423
1036,0.000013999999999999999631171361579376477557445923594059423
1037,0.000013999999999999999631171361579376477557445923594059423
1038,0.000013999999999999999631171361579376477557445923594059423
1039,0.000013999999999999999631171361579376477557445923594059423
1040,0.000013999999999999999631171361579376477557445923594059423
1041,0.000013999999999999999631171361579376477557445923594059423
1042,0.000012999999999999998948504310706825864984992335848801304
1043,0.000012500000000000001088712622929633583312991618186060805
1044,0.000011500000000000000406045572057082970740538030440802686
1045,0.000011500000000000000406045572057082970740538030440802686
1046,0.000011500000000000000406045572057082970740538030440802686
1047,0.000011500000000000000406045572057082970740538030440802686
1048,0.000011500000000000000406045572057082970740538030440802686
1049,0.000011500000000000000406045572057082970740538030440802686
1050,0.000011500000000000000406045572057082970740538030440802686
1051,0.000011500000000000000406045572057082970740538030440802686
1052,0.000011500000000000000406045572057082970740538030440802686
1053,0.000011500000000000000406045572057082970740538030440802686
1054,0.000011500000000000000406045572057082970740538030440802686
1055,0.000011500000000000000406045572057082970740538030440802686
1056,0.000011500000000000000406045572057082970740538030440802686
1057,0.000011500000000000000406045572057082970740538030440802686
1058,0.000011500000000000000406045572057082970740538030440802686
1059,0.000011500000000000000406045572057082970740538030440802686
1060,0.000011500000000000000406045572057082970740538030440802686
1061,0.000011500000000000000406045572057082970740538030440802686
1062,0.000011500000000000000406045572057082970740538030440802686
1063,0.000011500000000000000406045572057082970740538030440802686
1064,0.000010999999999999999237531434067779989582902544498210773
1065,0.000010999999999999999237531434067779989582902544498210773
1066,0.000010999999999999999237531434067779989582902544498210773
1067,0.000010999999999999999237531434067779989582902544498210773
1068,0.000010999999999999999237531434067779989582902544498210773
1069,0.000010999999999999999237531434067779989582902544498210773
1070,0.000010999999999999999237531434067779989582902544498210773
1071,0.000010999999999999999237531434067779989582902544498210773
1072,0.000010999999999999999237531434067779989582902544498210773
1073,0.000010999999999999999237531434067779989582902544498210773
1074,0.000010999999999999999237531434067779989582902544498210773
1075,0.000010499999999999999723378521184532358168084442695544567
1076,0.000010499999999999999723378521184532358168084442695544567
1077,0.000010499999999999999723378521184532358168084442695544567
1078,0.000010499999999999999723378521184532358168084442695544567
1079,0.000010499999999999999723378521184532358168084442695544567
1080,0.000010499999999999999723378521184532358168084442695544567
1081,0.000010499999999999999723378521184532358168084442695544567
1082,0.000010499999999999999723378521184532358168084442695544567
1083,0.000010499999999999999723378521184532358168084442695544567
1084,0.000010499999999999999723378521184532358168084442695544567
1085,0.000010499999999999999723378521184532358168084442695544567
1086,0.000010499999999999999723378521184532358168084442695544567
1087,0.000010499999999999999723378521184532358168084442695544567
1088,0.000010499999999999999723378521184532358168084442695544567
1089,0.000010499999999999999723378521184532358168084442695544567
1090,0.000010499999999999999723378521184532358168084442695544567
1091,0.000010499999999999999723378521184532358168084442695544567
1092,0.000010499999999999999723378521184532358168084442695544567
1093,0.000010499999999999999723378521184532358168084442695544567
1094,0.000010499999999999999723378521184532358168084442695544567
1095,0.000010499999999999999723378521184532358168084442695544567
1096,0.000010499999999999999723378521184532358168084442695544567
1097,0.000010499999999999999723378521184532358168084442695544567
1098,0.000010499999999999999723378521184532358168084442695544567
1099,0.000010000000000000000209225608301284726753266340892878361
1100,0.000010000000000000000209225608301284726753266340892878361
1101,0.000010000000000000000209225608301284726753266340892878361
1102,0.000010000000000000000209225608301284726753266340892878361
1103,0.000010000000000000000209225608301284726753266340892878361
1104,0.000010000000000000000209225608301284726753266340892878361
1105,0.000010000000000000000209225608301284726753266340892878361
1106,0.000010000000000000000209225608301284726753266340892878361
1107,0.000010000000000000000209225608301284726753266340892878361
1108,0.000009500000000000000695072695418037095338448239090212155
1109,0.000009500000000000000695072695418037095338448239090212155
1110,0.000009500000000000000695072695418037095338448239090212155
1111,0.000009500000000000000695072695418037095338448239090212155
1112,0.000009500000000000000695072695418037095338448239090212155
1113,0.000009500000000000000695072695418037095338448239090212155
1114,0.000009500000000000000695072695418037095338448239090212155
1115,0.000009500000000000000695072695418037095338448239090212155
1116,0.000009500000000000000695072695418037095338448239090212155
1117,0.000009500000000000000695072695418037095338448239090212155
1118,0.000009500000000000000695072695418037095338448239090212155
1119,0.000009500000000000000695072695418037095338448239090212155
1120,0.000009500000000000000695072695418037095338448239090212155
1121,0.000009500000000000000695072695418037095338448239090212155
1122,0.000009500000000000000695072695418037095338448239090212155
1123,0.000009500000000000000695072695418037095338448239090212155
1124,0.000009500000000000000695072695418037095338448239090212155
1125,0.000009500000000000000695072695418037095338448239090212155
1126,0.000009500000000000000695072695418037095338448239090212155
1127,0.000009500000000000000695072695418037095338448239090212155
1128,0.000009500000000000000695072695418037095338448239090212155
1129,0.000009500000000000000695072695418037095338448239090212155
1130,0.000009500000000000000695072695418037095338448239090212155
1131,0.000009500000000000000695072695418037095338448239090212155
1132,0.000008999999999999999526558557428734114180812753147620242
1133,0.000008999999999999999526558557428734114180812753147620242
1134,0.000008999999999999999526558557428734114180812753147620242
1135,0.000008999999999999999526558557428734114180812753147620242
1136,0.000008999999999999999526558557428734114180812753147620242
1137,0.000008999999999999999526558557428734114180812753147620242
1138,0.000008999999999999999526558557428734114180812753147620242
1139,0.000008999999999999999526558557428734114180812753147620242
1140,0.000008500000000000000012405644545486482765994651344954036
1141,0.000008500000000000000012405644545486482765994651344954036
1142,0.000007999999999999998843891506556183501608359165402362123
1143,0.000007999999999999998843891506556183501608359165402362123
1144,0.000007999999999999998843891506556183501608359165402362123
1145,0.000007999999999999998843891506556183501608359165402362123
1146,0.000007999999999999998843891506556183501608359165402362123
1147,0.000007999999999999998843891506556183501608359165402362123
1148,0.000007999999999999998843891506556183501608359165402362123
1149,0.000007999999999999998843891506556183501608359165402362123
1150,0.000007999999999999998843891506556183501608359165402362123
1151,0.000007999999999999998843891506556183501608359165402362123
1152,0.000007999999999999998843891506556183501608359165402362123
1153,0.000007999999999999998843891506556183501608359165402362123
1154,0.000007999999999999998843891506556183501608359165402362123
1155,0.000007999999999999998843891506556183501608359165402362123
1156,0.000007999999999999998843891506556183501608359165402362123
1157,0.000007999999999999998843891506556183501608359165402362123
1158,0.000007999999999999998843891506556183501608359165402362123
1159,0.000007999999999999998843891506556183501608359165402362123
1160,0.000007999999999999998843891506556183501608359165402362123
1161,0.000007999999999999998843891506556183501608359165402362123
1162,0.000007999999999999998843891506556183501608359165402362123
1163,0.000007999999999999998843891506556183501608359165402362123
1164,0.000007999999999999998843891506556183501608359165402362123
1165,0.000007999999999999998843891506556183501608359165402362123
1166,0.000007999999999999998843891506556183501608359165402362123
1167,0.000007999999999999998843891506556183501608359165402362123
1168,0.000007999999999999998843891506556183501608359165402362123
1169,0.000007999999999999998843891506556183501608359165402362123
1170,0.000007999999999999998843891506556183501608359165402362123
1171,0.000007999999999999998843891506556183501608359165402362123
1172,0.000007999999999999998843891506556183501608359165402362123
1173,0.000007999999999999998843891506556183501608359165402362123
1174,0.000007999999999999998843891506556183501608359165402362123
1175,0.000007999999999999998843891506556183501608359165402362123
1176,0.000007999999999999998843891506556183501608359165402362123
1177,0.000006999999999999999815585680789688238778722961797029711
1178,0.000006999999999999999815585680789688238778722961797029711
1179,0.000006999999999999999815585680789688238778722961797029711
1180,0.000006999999999999999815585680789688238778722961797029711
1181,0.000006999999999999999815585680789688238778722961797029711
1182,0.000006999999999999999815585680789688238778722961797029711
1183,0.000006999999999999999815585680789688238778722961797029711
1184,0.000006499999999999999474252155353412932492496167924400652
1185,0.000006499999999999999474252155353412932492496167924400652
1186,0.000006499999999999999474252155353412932492496167924400652
1187,0.000006499999999999999474252155353412932492496167924400652
1188,0.000006499999999999999474252155353412932492496167924400652
1189,0.000006499999999999999474252155353412932492496167924400652
1190,0.000006499999999999999474252155353412932492496167924400652
1191,0.000006499999999999999474252155353412932492496167924400652
1192,0.000006499999999999999474252155353412932492496167924400652
1193,0.000006499999999999999474252155353412932492496167924400652
1194,0.000006499999999999999474252155353412932492496167924400652
1195,0.000006499999999999999474252155353412932492496167924400652
1196,0.000006499999999999999474252155353412932492496167924400652
1197,0.000006499999999999999474252155353412932492496167924400652
1198,0.000005999999999999999960099242470165301077678066121734446
1199,0.000005999999999999999960099242470165301077678066121734446
1200,0.000005999999999999999960099242470165301077678066121734446
1201,0.000005499999999999999618765717033889994791451272249105386
1202,0.000005499999999999999618765717033889994791451272249105386
1203,0.000005499999999999999618765717033889994791451272249105386
1204,0.000005499999999999999618765717033889994791451272249105386
1205,0.000005499999999999999618765717033889994791451272249105386
1206,0.000005499999999999999618765717033889994791451272249105386
1207,0.000005499999999999999618765717033889994791451272249105386
1208,0.000005499999999999999618765717033889994791451272249105386
1209,0.000005499999999999999618765717033889994791451272249105386
1210,0.000005499999999999999618765717033889994791451272249105386
1211,0.000005499999999999999618765717033889994791451272249105386
1212,0.000005499999999999999618765717033889994791451272249105386
1213,0.000005499999999999999618765717033889994791451272249105386
1214,0.000005499999999999999618765717033889994791451272249105386
1215,0.000005499999999999999618765717033889994791451272249105386
1216,0.000005499999999999999618765717033889994791451272249105386
1217,0.000005499999999999999618765717033889994791451272249105386
1218,0.000005499999999999999618765717033889994791451272249105386
1219,0.000005499999999999999618765717033889994791451272249105386
1220,0.000005499999999999999618765717033889994791451272249105386
1221,0.000005499999999999999618765717033889994791451272249105386
1222,0.000005499999999999999618765717033889994791451272249105386
1223,0.000005499999999999999618765717033889994791451272249105386
1224,0.000005499999999999999618765717033889994791451272249105386
1225,0.000005499999999999999618765717033889994791451272249105386
1226,0.000005499999999999999618765717033889994791451272249105386
1227,0.000005499999999999999618765717033889994791451272249105386
1228,0.000005499999999999999618765717033889994791451272249105386
1229,0.000005499999999999999618765717033889994791451272249105386
1230,0.000005499999999999999618765717033889994791451272249105386
1231,0.000005499999999999999618765717033889994791451272249105386
1232,0.000005499999999999999618765717033889994791451272249105386
1233,0.000005499999999999999618765717033889994791451272249105386
1234,0.000005000000000000000104612804150642363376633170446439181
1235,0.000005000000000000000104612804150642363376633170446439181
1236,0.000003999999999999999421945753278091750804179582701181062
1237,0.000003999999999999999421945753278091750804179582701181062
1238,0.000003999999999999999421945753278091750804179582701181062
1239,0.000003999999999999999421945753278091750804179582701181062
1240,0.000003999999999999999421945753278091750804179582701181062
1241,0.000003999999999999999421945753278091750804179582701181062
1242,0.000003999999999999999421945753278091750804179582701181062
1243,0.000003499999999999999907792840394844119389361480898514856
1244,0.000003499999999999999907792840394844119389361480898514856
1245,0.000003499999999999999907792840394844119389361480898514856
1246,0.000003499999999999999907792840394844119389361480898514856
1247,0.000003499999999999999907792840394844119389361480898514856
1248,0.000003499999999999999907792840394844119389361480898514856
1249,0.000003499999999999999907792840394844119389361480898514856
1250,0.000003499999999999999907792840394844119389361480898514856
1251,0.000003499999999999999907792840394844119389361480898514856
1252,0.000003499999999999999907792840394844119389361480898514856
1253,0.000003499999999999999907792840394844119389361480898514856
1254,0.000003499999999999999907792840394844119389361480898514856
1255,0.000003499999999999999907792840394844119389361480898514856
1256,0.000003499999999999999907792840394844119389361480898514856
1257,0.000003499999999999999907792840394844119389361480898514856
1258,0.000003499999999999999907792840394844119389361480898514856
1259,0.000003499999999999999907792840394844119389361480898514856
1260,0.000003499999999999999907792840394844119389361480898514856
1261,0.000003499999999999999907792840394844119389361480898514856
1262,0.000003499999999999999907792840394844119389361480898514856
1263,0.000003499999999999999907792840394844119389361480898514856
1264,0.000003499999999999999907792840394844119389361480898514856
1265,0.000003499999999999999907792840394844119389361480898514856
1266,0.000003499999999999999907792840394844119389361480898514856
1267,0.000003499999999999999907792840394844119389361480898514856
1268,0.000003499999999999999907792840394844119389361480898514856
1269,0.000002500000000000000052306402075321181688316585223219590
1270,0.000002500000000000000052306402075321181688316585223219590
1271,0.000002500000000000000052306402075321181688316585223219590
1272,0.000002500000000000000052306402075321181688316585223219590
1273,0.000002500000000000000052306402075321181688316585223219590
1274,0.000002500000000000000052306402075321181688316585223219590
1275,0.000002500000000000000052306402075321181688316585223219590
1276,0.000002500000000000000052306402075321181688316585223219590
1277,0.000001999999999999999710972876639045875402089791350590531
1278,0.000001999999999999999710972876639045875402089791350590531
1279,0.000001999999999999999710972876639045875402089791350590531
1280,0.000001999999999999999710972876639045875402089791350590531
1281,0.000001999999999999999710972876639045875402089791350590531
1282,0.000001999999999999999710972876639045875402089791350590531
1283,0.000001999999999999999710972876639045875402089791350590531
1284,0.000001999999999999999710972876639045875402089791350590531
1285,0.000001999999999999999710972876639045875402089791350590531
1286,0.000001999999999999999710972876639045875402089791350590531
1287,0.000001999999999999999710972876639045875402089791350590531
1288,0.000001999999999999999710972876639045875402089791350590531
1289,0.000001999999999999999710972876639045875402089791350590531
1290,0.000001999999999999999710972876639045875402089791350590531
1291,0.000001999999999999999710972876639045875402089791350590531
1292,0.000001999999999999999710972876639045875402089791350590531
1293,0.000001999999999999999710972876639045875402089791350590531
1294,0.000001999999999999999710972876639045875402089791350590531
1295,0.000001999999999999999710972876639045875402089791350590531
1296,0.000001999999999999999710972876639045875402089791350590531
1297,0.000001999999999999999710972876639045875402089791350590531
1298,0.000001999999999999999710972876639045875402089791350590531
1299,0.000001999999999999999710972876639045875402089791350590531
1300,0.000001999999999999999710972876639045875402089791350590531
1301,0.000001999999999999999710972876639045875402089791350590531
1302,0.000001999999999999999710972876639045875402089791350590531
1303,0.000001999999999999999710972876639045875402089791350590531
1304,0.000001999999999999999710972876639045875402089791350590531
1305,0.000001999999999999999710972876639045875402089791350590531
1306,0.000001999999999999999710972876639045875402089791350590531
1307,0.000001999999999999999710972876639045875402089791350590531
1308,0.000001499999999999999990024810617541325269419516530433611
1309,0.000001499999999999999990024810617541325269419516530433611
1310,0.000001499999999999999990024810617541325269419516530433611
1311,0.000001499999999999999990024810617541325269419516530433611
1312,0.000001499999999999999990024810617541325269419516530433611
1313,0.000001499999999999999990024810617541325269419516530433611
1314,0.000001499999999999999990024810617541325269419516530433611
1315,0.000001499999999999999990024810617541325269419516530433611
1316,0.000001499999999999999990024810617541325269419516530433611
1317,0.000001499999999999999990024810617541325269419516530433611
1318,0.000001499999999999999990024810617541325269419516530433611
1319,0.000001499999999999999990024810617541325269419516530433611
1320,0.000001499999999999999990024810617541325269419516530433611
1321,0.000001499999999999999990024810617541325269419516530433611
1322,0.000001499999999999999990024810617541325269419516530433611
1323,0.000001499999999999999990024810617541325269419516530433611
1324,0.000001499999999999999990024810617541325269419516530433611
1325,0.000001499999999999999990024810617541325269419516530433611
1326,0.000001499999999999999990024810617541325269419516530433611
1327,0.000001499999999999999990024810617541325269419516530433611
1328,0.000001499999999999999990024810617541325269419516530433611
1329,0.000001499999999999999990024810617541325269419516530433611
1330,0.000001499999999999999990024810617541325269419516530433611
1331,0.000001499999999999999990024810617541325269419516530433611
1332,0.000001499999999999999990024810617541325269419516530433611
1333,0.000001499999999999999990024810617541325269419516530433611
1334,0.000001499999999999999990024810617541325269419516530433611
1335,0.000001499999999999999990024810617541325269419516530433611
1336,0.000001499999999999999990024810617541325269419516530433611
1337,0.000001499999999999999990024810617541325269419516530433611
1338,0.000001499999999999999990024810617541325269419516530433611
1339,0.000001499999999999999990024810617541325269419516530433611
1340,0.000001499999999999999990024810617541325269419516530433611
1341,0.000001499999999999999990024810617541325269419516530433611
1342,0.000001499999999999999990024810617541325269419516530433611
1343,0.000001499999999999999990024810617541325269419516530433611
1344,0.000001499999999999999990024810617541325269419516530433611
1345,0.000001499999999999999990024810617541325269419516530433611
1346,0.000001499999999999999990024810617541325269419516530433611
1347,0.000001499999999999999990024810617541325269419516530433611
1348,0.000001499999999999999990024810617541325269419516530433611
1349,0.000001499999999999999990024810617541325269419516530433611
1350,0.000001499999999999999990024810617541325269419516530433611
1351,0.000001499999999999999990024810617541325269419516530433611
1352,0.000001499999999999999990024810617541325269419516530433611
1353,0.000001499999999999999990024810617541325269419516530433611
1354,0.000001499999999999999990024810617541325269419516530433611
1355,0.000001499999999999999990024810617541325269419516530433611
1356,0.000001499999999999999990024810617541325269419516530433611
1357,0.000001499999999999999990024810617541325269419516530433611
1358,0.000001499999999999999990024810617541325269419516530433611
1359,0.000001499999999999999990024810617541325269419516530433611
1360,0.000001499999999999999990024810617541325269419516530433611
1361,0.000001499999999999999990024810617541325269419516530433611
1362,0.000001499999999999999990024810617541325269419516530433611
1363,0.000001499999999999999990024810617541325269419516530433611
1364,0.000001499999999999999990024810617541325269419516530433611
1365,0.000001499999999999999990024810617541325269419516530433611
1366,0.000001499999999999999990024810617541325269419516530433611
1367,0.000001499999999999999990024810617541325269419516530433611
1368,0.000001499999999999999990024810617541325269419516530433611
1369,0.000001499999999999999990024810617541325269419516530433611
1370,0.000001499999999999999990024810617541325269419516530433611
1371,0.000001499999999999999990024810617541325269419516530433611
1372,0.000001499999999999999990024810617541325269419516530433611
1373,0.000001499999999999999990024810617541325269419516530433611
1374,0.000001499999999999999990024810617541325269419516530433611
1375,0.000001499999999999999990024810617541325269419516530433611
1376,0.000001499999999999999990024810617541325269419516530433611
1377,0.000001499999999999999990024810617541325269419516530433611
1378,0.000001499999999999999990024810617541325269419516530433611
1379,0.000001499999999999999990024810617541325269419516530433611
1380,0.000001499999999999999990024810617541325269419516530433611
1381,0.000001499999999999999990024810617541325269419516530433611
1382,0.000001499999999999999990024810617541325269419516530433611
1383,0.000001499999999999999990024810617541325269419516530433611
1384,0.000001499999999999999990024810617541325269419516530433611
1385,0.000001499999999999999990024810617541325269419516530433611
1386,0.000001499999999999999990024810617541325269419516530433611
1387,0.000001499999999999999990024810617541325269419516530433611
1388,0.000001499999999999999990024810617541325269419516530433611
1389,0.000001499999999999999990024810617541325269419516530433611
1390,0.000001499999999999999990024810617541325269419516530433611
1391,0.000001499999999999999990024810617541325269419516530433611
1392,0.000001499999999999999990024810617541325269419516530433611
1393,0.000001499999999999999990024810617541325269419516530433611
1394,0.000001499999999999999990024810617541325269419516530433611
1395,0.000001499999999999999990024810617541325269419516530433611
1396,0.000001499999999999999990024810617541325269419516530433611
1397,0.000001499999999999999990024810617541325269419516530433611
1398,0.000001499999999999999990024810617541325269419516530433611
1399,0.000001499999999999999990024810617541325269419516530433611
1400,0.000001499999999999999990024810617541325269419516530433611
1401,0.000001499999999999999990024810617541325269419516530433611
1402,0.000001499999999999999990024810617541325269419516530433611
1403,0.000001499999999999999990024810617541325269419516530433611
1404,0.000001499999999999999990024810617541325269419516530433611
1405,0.000001499999999999999990024810617541325269419516530433611
1406,0.000001499999999999999990024810617541325269419516530433611
1407,0.000001499999999999999990024810617541325269419516530433611
1408,0.000001499999999999999990024810617541325269419516530433611
1409,0.000001499999999999999990024810617541325269419516530433611
1410,0.000000999999999999999855486438319522937701044895675295265
1411,0.000000999999999999999855486438319522937701044895675295265
1412,0.000000999999999999999855486438319522937701044895675295265
1413,0.000000999999999999999855486438319522937701044895675295265
1414,0.000000999999999999999855486438319522937701044895675295265
1415,0.000000999999999999999855486438319522937701044895675295265
1416,0.000000999999999999999855486438319522937701044895675295265
1417,0.000000999999999999999855486438319522937701044895675295265
1418,0.000000999999999999999855486438319522937701044895675295265
1419,0.000000999999999999999855486438319522937701044895675295265
1420,0.000000999999999999999855486438319522937701044895675295265
1421,0.000000999999999999999855486438319522937701044895675295265
1422,0.000000999999999999999855486438319522937701044895675295265
1423,0.000000999999999999999855486438319522937701044895675295265
1424,0.000000999999999999999855486438319522937701044895675295265
1425,0.000000999999999999999855486438319522937701044895675295265
1426,0.000000999999999999999855486438319522937701044895675295265
1427,0.000000999999999999999855486438319522937701044895675295265
1428,0.000000999999999999999855486438319522937701044895675295265
1429,0.000000999999999999999855486438319522937701044895675295265
1430,0.000000999999999999999855486438319522937701044895675295265
1431,0.000000999999999999999855486438319522937701044895675295265
1432,0.000000999999999999999855486438319522937701044895675295265
1433,0.000000999999999999999855486438319522937701044895675295265
1434,0.000000999999999999999855486438319522937701044895675295265
1435,0.000000999999999999999855486438319522937701044895675295265
1436,0.000000999999999999999855486438319522937701044895675295265
1437,0.000000999999999999999855486438319522937701044895675295265
1438,0.000000999999999999999855486438319522937701044895675295265
1439,0.000000999999999999999855486438319522937701044895675295265
1440,0.000000999999999999999855486438319522937701044895675295265
1441,0.000000999999999999999855486438319522937701044895675295265
1442,0.000000999999999999999855486438319522937701044895675295265
1443,0.000000999999999999999855486438319522937701044895675295265
1444,0.000000999999999999999855486438319522937701044895675295265
1445,0.000000999999999999999855486438319522937701044895675295265
1446,0.000000999999999999999855486438319522937701044895675295265
1447,0.000000999999999999999855486438319522937701044895675295265
1448,0.000000999999999999999855486438319522937701044895675295265
1449,0.000000999999999999999855486438319522937701044895675295265
1450,0.000000999999999999999855486438319522937701044895675295265
1451,0.000000999999999999999855486438319522937701044895675295265
1452,0.000000999999999999999855486438319522937701044895675295265
1453,0.000000999999999999999855486438319522937701044895675295265
1454,0.000000999999999999999855486438319522937701044895675295265
1455,0.000000999999999999999855486438319522937701044895675295265
1456,0.000000999999999999999855486438319522937701044895675295265
1457,0.000000999999999999999855486438319522937701044895675295265
1458,0.000000999999999999999855486438319522937701044895675295265
1459,0.000000999999999999999855486438319522937701044895675295265
1460,0.000000999999999999999855486438319522937701044895675295265
1461,0.000000999999999999999855486438319522937701044895675295265
1462,0.000000999999999999999855486438319522937701044895675295265
1463,0.000000999999999999999855486438319522937701044895675295265
1464,0.000000999999999999999855486438319522937701044895675295265
1465,0.000000999999999999999855486438319522937701044895675295265
1466,0.000000999999999999999855486438319522937701044895675295265
1467,0.000000999999999999999855486438319522937701044895675295265
1468,0.000000999999999999999855486438319522937701044895675295265
1469,0.000000999999999999999855486438319522937701044895675295265
1470,0.000000999999999999999855486438319522937701044895675295265
1471,0.000000999999999999999855486438319522937701044895675295265
1472,0.000000999999999999999855486438319522937701044895675295265
1473,0.000000999999999999999855486438319522937701044895675295265
1474,0.000000999999999999999855486438319522937701044895675295265
1475,0.000000999999999999999855486438319522937701044895675295265
1476,0.000000999999999999999855486438319522937701044895675295265
1477,0.000000999999999999999855486438319522937701044895675295265
1478,0.000000999999999999999855486438319522937701044895675295265
1479,0.000000999999999999999855486438319522937701044895675295265
1480,0.000000999999999999999855486438319522937701044895675295265
1481,0.000000999999999999999855486438319522937701044895675295265
1482,0.000000999999999999999855486438319522937701044895675295265
1483,0.000000999999999999999855486438319522937701044895675295265
1484,0.000000999999999999999855486438319522937701044895675295265
1485,0.000000999999999999999855486438319522937701044895675295265
1486,0.000000999999999999999855486438319522937701044895675295265
1487,0.000000999999999999999855486438319522937701044895675295265
1488,0.000000999999999999999855486438319522937701044895675295265
1489,0.000000999999999999999855486438319522937701044895675295265
1490,0.000000999999999999999855486438319522937701044895675295265
1491,0.000000999999999999999855486438319522937701044895675295265
1492,0.000000999999999999999855486438319522937701044895675295265
1493,0.000000999999999999999855486438319522937701044895675295265
1494,0.000000999999999999999855486438319522937701044895675295265
1495,0.000000999999999999999855486438319522937701044895675295265
1496,0.000000999999999999999855486438319522937701044895675295265
1497,0.000000999999999999999855486438319522937701044895675295265
1498,0.000000999999999999999855486438319522937701044895675295265
1499,0.000000999999999999999855486438319522937701044895675295265
1500,0.000000999999999999999855486438319522937701044895675295265
1501,0.000000999999999999999855486438319522937701044895675295265
1502,0.000000999999999999999855486438319522937701044895675295265
1503,0.000000999999999999999855486438319522937701044895675295265
1504,0.000000999999999999999855486438319522937701044895675295265
1505,0.000000999999999999999855486438319522937701044895675295265
1506,0.000000999999999999999855486438319522937701044895675295265
1507,0.000000999999999999999855486438319522937701044895675295265
1508,0.000000999999999999999855486438319522937701044895675295265
1509,0.000000999999999999999855486438319522937701044895675295265
1510,0.000000999999999999999855486438319522937701044895675295265
1511,0.000000999999999999999855486438319522937701044895675295265
1512,0.000000999999999999999855486438319522937701044895675295265
1513,0.000000999999999999999855486438319522937701044895675295265
1514,0.000000999999999999999855486438319522937701044895675295265
1515,0.000000999999999999999855486438319522937701044895675295265
1516,0.000000999999999999999855486438319522937701044895675295265
1517,0.000000999999999999999855486438319522937701044895675295265
1518,0.000000999999999999999855486438319522937701044895675295265
1519,0.000000999999999999999855486438319522937701044895675295265
1520,0.000000999999999999999855486438319522937701044895675295265
1521,0.000000999999999999999855486438319522937701044895675295265
1522,0.000000999999999999999855486438319522937701044895675295265
1523,0.000000999999999999999855486438319522937701044895675295265
1524,0.000000999999999999999855486438319522937701044895675295265
1525,0.000000999999999999999855486438319522937701044895675295265
1526,0.000000999999999999999855486438319522937701044895675295265
1527,0.000000999999999999999855486438319522937701044895675295265
1528,0.000000999999999999999855486438319522937701044895675295265
1529,0.000000999999999999999855486438319522937701044895675295265
1530,0.000000999999999999999855486438319522937701044895675295265
1531,0.000000999999999999999855486438319522937701044895675295265
1532,0.000000999999999999999855486438319522937701044895675295265
1533,0.000000999999999999999855486438319522937701044895675295265
1534,0.000000999999999999999855486438319522937701044895675295265
1535,0.000000999999999999999855486438319522937701044895675295265
1536,0.000000999999999999999855486438319522937701044895675295265
1537,0.000000999999999999999855486438319522937701044895675295265
1538,0.000000999999999999999855486438319522937701044895675295265
1539,0.000000999999999999999855486438319522937701044895675295265
1540,0.000000999999999999999855486438319522937701044895675295265
1541,0.000000999999999999999855486438319522937701044895675295265
1542,0.000000999999999999999855486438319522937701044895675295265
1543,0.000000999999999999999855486438319522937701044895675295265
1544,0.000000999999999999999855486438319522937701044895675295265
1545,0.000000999999999999999855486438319522937701044895675295265
1546,0.000000999999999999999855486438319522937701044895675295265
1547,0.000000999999999999999855486438319522937701044895675295265
1548,0.000000999999999999999855486438319522937701044895675295265
1549,0.000000999999999999999855486438319522937701044895675295265
1550,0.000000999999999999999855486438319522937701044895675295265
1551,0.000000999999999999999855486438319522937701044895675295265
1552,0.000000999999999999999855486438319522937701044895675295265
1553,0.000000999999999999999855486438319522937701044895675295265
1554,0.000000999999999999999855486438319522937701044895675295265
1555,0.000000999999999999999855486438319522937701044895675295265
1556,0.000000999999999999999855486438319522937701044895675295265
1557,0.000000499999999999999927743219159761468850522447837647633
1558,0.000000499999999999999927743219159761468850522447837647633
1559,0.000000499999999999999927743219159761468850522447837647633
1560,0.000000499999999999999927743219159761468850522447837647633
1561,0.000000499999999999999927743219159761468850522447837647633
1562,0.000000499999999999999927743219159761468850522447837647633
1563,0.000000499999999999999927743219159761468850522447837647633
1564,0.000000499999999999999927743219159761468850522447837647633
1565,0.000000499999999999999927743219159761468850522447837647633
1566,0.000000499999999999999927743219159761468850522447837647633
1567,0.000000499999999999999927743219159761468850522447837647633
1568,0.000000499999999999999927743219159761468850522447837647633
1569,0.000000499999999999999927743219159761468850522447837647633
1570,0.000000499999999999999927743219159761468850522447837647633
1571,0.000000499999999999999927743219159761468850522447837647633
1572,0.000000499999999999999927743219159761468850522447837647633
1573,0.000000000000000000000000000000000000000000000000000000000
