i,|B_i|/n
1,1.000000000000000020816681711721685132943093776702880859375
2,0.367695000000000022689905510020480505772866308689117431641
3,0.205499099999999971892516992255650620791129767894744873047
4,0.136444100000000003705333262438159636076306924223899841309
5,0.099562200000000007052598782752994566180859692394733428955
6,0.077170900000000003425906780485377112199785187840461730957
7,0.062291899999999999007482820445602555992081761360168457031
8,0.051742000000000000286496520951473598870506975799798965454
9,0.043956199999999997682885444216793757732375524938106536865
10,0.038090000000000002924448877505980703972454648464918136597
11,0.033452899999999999498291602950672540828236378729343414307
12,0.029746099999999996296110721383243458149081561714410781860
13,0.026722600000000000595567345440528583822015207260847091675
14,0.024178099999999998106613857684621393673296552151441574097
15,0.022054899999999997835080367547533342076349072158336639404
16,0.020211899999999998709396611951127908923808718100190162659
17,0.018659499999999999816837487065512846129422541707754135132
18,0.017290900000000000756930629286500789021374657750129699707
19,0.016082300000000000165124164341889922980044502764940261841
20,0.015038599999999998621308047730416035392408957704901695251
21,0.014084699999999999165387933042214996248731040395796298981
22,0.013269400000000000381457539166962789067838457413017749786
23,0.012507499999999998409631538076602907949563814327120780945
24,0.011843499999999999346004045386315794985421234741806983948
25,0.011218599999999999620027384128473357804978149943053722382
26,0.010655900000000000755421419862400966849236283451318740845
27,0.010146299999999999739172355794902813386215711943805217743
28,0.009679200000000000433594826709793323971098288893699645996
29,0.009251599999999999648686750675086187811757554300129413605
30,0.008856200000000000012380547975698874552108463831245899200
31,0.008479099999999999845109489859940055112019763328135013580
32,0.008142000000000000988929424461382211575255496427416801453
33,0.007825300000000001124280529785082194393908139318227767944
34,0.007523000000000000647422220001470094530304777435958385468
35,0.007243099999999999312352925301405903724116797093302011490
36,0.006987599999999998963396384554780382813987671397626399994
37,0.006746700000000000134838581272722635162608639802783727646
38,0.006522199999999999997296259990342548462649574503302574158
39,0.006312700000000000563171297790487912493517796974629163742
40,0.006115500000000000147307947090391522237950994167476892471
41,0.005925999999999999674662586740536696083836432080715894699
42,0.005743700000000000589978413345626506725238868966698646545
43,0.005572000000000000184078446929802908016426954418420791626
44,0.005415600000000000292376279437123187676661473233252763748
45,0.005261899999999999544731017764309655149190803058445453644
46,0.005115200000000000593537632237461920681198535021394491196
47,0.004984500000000000303308159838033830624226538930088281631
48,0.004852599999999999922923980821831690946055459789931774139
49,0.004727799999999999864196912474634260092898330185562372208
50,0.004610799999999999967958963509317982243373990058898925781
51,0.004494899999999999942604592129136165112868184223771095276
52,0.004383399999999999400784531089492190858436515554785728455
53,0.004281900000000000457286639110598969182319706305861473083
54,0.004177699999999999828632999548938542488940584007650613785
55,0.004075699999999999788779462411847376301921030972152948380
56,0.003986200000000000052762742092093972701150050852447748184
57,0.003896899999999999908255332581319407836417667567729949951
58,0.003810899999999999799915129453098394662902137497439980507
59,0.003729600000000000256439097387484160606163641205057501793
60,0.003651299999999999667800410982354541999939101515337824821
61,0.003576300000000000385878351841228983687415166059508919716
62,0.003502499999999999923561578435426966393606562633067369461
63,0.003431700000000000110148045198710242686956917168572545052
64,0.003364099999999999690114115685757312235182325821369886398
65,0.003298999999999999669660728437992069927986449329182505608
66,0.003239100000000000463394210156731212180147849721834063530
67,0.003176199999999999761191504452084721776827791472896933556
68,0.003118299999999999858149883277813607662665162933990359306
69,0.003062200000000000090340322028703567980301158968359231949
70,0.003009300000000000139426838130507491086973459459841251373
71,0.002960099999999999831215655859972812891101057175546884537
72,0.002912500000000000066727222705620370390988682629540562630
73,0.002860099999999999941619963084171729406079975888133049011
74,0.002810599999999999822628340973018623571988428011536598206
75,0.002763099999999999853894563223155600439895351883023977280
76,0.002713799999999999749928725548131502876003651181235909462
77,0.002670199999999999862439507489209056245726969791576266289
78,0.002628799999999999716717444600555531053487356984987854958
79,0.002589699999999999955550139540960685735626611858606338501
80,0.002549299999999999884956998832952201894386234926059842110
81,0.002511099999999999979647486922362809025344176916405558586
82,0.002476000000000000095479396958197959577319124946370720863
83,0.002436899999999999910795618271452944725297129480168223381
84,0.002401699999999999807356399275648506375091528752818703651
85,0.002365700000000000067330516162478204478247789666056632996
86,0.002329899999999999918813943858286741317442647414281964302
87,0.002297700000000000040761491404417427020234754309058189392
88,0.002266500000000000237837961131193154074026097077876329422
89,0.002232900000000000254605017624420781885419273748993873596
90,0.002201299999999999998113444851788322864649671828374266624
91,0.002168000000000000249177414812784547848423244431614875793
92,0.002138599999999999734452997210421010265690711094066500664
93,0.002107999999999999976606820245583762130081595387309789658
94,0.002077299999999999999489514249106925092291930923238396645
95,0.002051100000000000148694121251957689366918202722445130348
96,0.002026000000000000168782305839942914360563008813187479973
97,0.001996200000000000047522792992471529771592031465843319893
98,0.001971900000000000127714115324972787846036226255819201469
99,0.001945899999999999868428033136802390856701094890013337135
100,0.001920500000000000077735777884169188212126755388453602791
101,0.001898199999999999884668470950810359454408171586692333221
102,0.001875400000000000077553176554279179555351220187731087208
103,0.001854900000000000019717929546081425229431260959245264530
104,0.001832700000000000045921751644362185373893225914798676968
105,0.001810399999999999852854444711003356616174642113037407398
106,0.001791299999999999900199688755708660181653613108210265636
107,0.001771199999999999872416010619768922396133348229341208935
108,0.001749899999999999966235862680630219756494625471532344818
109,0.001728100000000000022491253651168996441356284776702523232
110,0.001710800000000000205068557621035374438633880345150828362
111,0.001693299999999999949103603527622574631550378398969769478
112,0.001676400000000000161732476369746969169227668317034840584
113,0.001659000000000000125038651307973758264324715128168463707
114,0.001641099999999999839022128342302941916841518832370638847
115,0.001625000000000000111754138928943369535318197449669241905
116,0.001608599999999999938430999234240115214333854964934289455
117,0.001590899999999999879198497518273391904131131013855338097
118,0.001575500000000000204520753631365348468307274742983281612
119,0.001559100000000000031197613936662094147322932258248329163
120,0.001545799999999999879015896188383383247355595813132822514
121,0.001531500000000000075221729886609800530550273833796381950
122,0.001513600000000000000963443734514068950147702707909047604
123,0.001498099999999999895256334002391351845062672509811818600
124,0.001484099999999999902242607541236196766476496122777462006
125,0.001468800000000000023319519058817572698671938269399106503
126,0.001454600000000000015280008161533409349885914707556366920
127,0.001442399999999999945740104811964243936017737723886966705
128,0.001424800000000000105778732127637109527995562530122697353
129,0.001411899999999999983648583251616415168427920434623956680
130,0.001397599999999999968096180136267747684541973285377025604
131,0.001383599999999999975082453675112592605955796898342669010
132,0.001371000000000000087249218266860495418768550734966993332
133,0.001358199999999999972631961608904305194300832226872444153
134,0.001343500000000000138786226434872705937095815897919237614
135,0.001329100000000000115720931101459534318109945161268115044
136,0.001316799999999999826909898720250780002061219420284032822
137,0.001303099999999999856434848913289137328774813795462250710
138,0.001291700000000000058756320121811089762786650680936872959
139,0.001281799999999999950254700974150434689136091037653386593
140,0.001269499999999999873201905406516765140167990466579794884
141,0.001259299999999999953919846418237682428298285230994224548
142,0.001247999999999999951995973031249054230329420533962547779
143,0.001237800000000000032713914042969971518459715298376977444
144,0.001227499999999999894160726023051299904409461305476725101
145,0.001218100000000000034981804779288250273339144769124686718
146,0.001209099999999999994096215594208132415587897412478923798
147,0.001199500000000000119891509914316074514317733701318502426
148,0.001190199999999999844709007261467359484186090412549674511
149,0.001181600000000000045633223762220342933915162575431168079
150,0.001173300000000000057337880103591754021863380330614745617
151,0.001164600000000000038990967572705148569411903736181557178
152,0.001156500000000000065721408350205567927559968666173517704
153,0.001147900000000000054887388037383466610208415659144520760
154,0.001139300000000000044053367724561365292856862652115523815
155,0.001131399999999999874051356124615708154124149587005376816
156,0.001122500000000000052436895971175179198553450987674295902
157,0.001113500000000000011551306786095061340802203631028532982
158,0.001103000000000000069730571143622466223632727633230388165
159,0.001095399999999999922267236197870321490199785330332815647
160,0.001086299999999999873868754794725699497348614386282861233
161,0.001077999999999999885573411136097110585296832141466438770
162,0.001069899999999999912303851913597529943444897071458399296
163,0.001062700000000000006650322653678486517492274288088083267
164,0.001055599999999999896751448798248862459558949922211468220
165,0.001045399999999999977469389809969779747689244686625897884
166,0.001037800000000000041764291677792719781336927553638815880
167,0.001029300000000000038443163583035122599085298134014010429
168,0.001021000000000000050147819924406533687033515889197587967
169,0.001013400000000000114442721792229473720681198756210505962
170,0.001007100000000000064646985681315882743547263089567422867
171,0.001001000000000000029877034006531300036613174597732722759
172,0.000994099999999999935003944587230684248879697406664490700
173,0.000986299999999999984273062018924616012327533098869025707
174,0.000979900000000000138722670503521605667174299014732241631
175,0.000971899999999999961207766685511444393341662362217903137
176,0.000966199999999999956489383882984878226807268219999969006
177,0.000959100000000000058348746841130338935954569024033844471
178,0.000952700000000000106919236918939786207261022354941815138
179,0.000945900000000000019559039717703674554627468751277774572
180,0.000939300000000000053103745359384113555734074907377362251
181,0.000932699999999999980769332594277010173300368478521704674
182,0.000926599999999999945999380919492427466366279986687004566
183,0.000920100000000000092936097186024912986113122315146028996
184,0.000912999999999999877158104923807746544639485364314168692
185,0.000906399999999999910702810565488185545746091520413756371
186,0.000902000000000000003652026597800173135510704014450311661
187,0.000896600000000000021472320449467119374276080634444952011
188,0.000890600000000000100094379399534583185982228314969688654
189,0.000885200000000000012035554844413987041207292350009083748
190,0.000879600000000000014830064259951925009772821795195341110
191,0.000872599999999999912444082622586805086939421016722917557
192,0.000866100000000000059380798889119290606686263345181941986
193,0.000858600000000000025309474568219192391893557214643806219
194,0.000852999999999999922224865576969587976918774074874818325
195,0.000847299999999999917506482774443021810384379932656884193
196,0.000842299999999999965378345498367984589549450902268290520
197,0.000836300000000000044000404448435448401255598582793027163
198,0.000831299999999999880114030358785326413340044382493942976
199,0.000825700000000000094666776587898349148986198997590690851
200,0.000820300000000000006607952032777753004211263032630085945
201,0.000815399999999999956113588567979677534935945004690438509
202,0.000810800000000000034037020164162656854500710323918610811
203,0.000805999999999999991055548917429085520325315883383154869
204,0.000801200000000000053953196077483056569690234027802944183
205,0.000796999999999999950169959732348967662574068526737391949
206,0.000792200000000000013067606892402938711938986671157181263
207,0.000787299999999999962573243427604863242663668643217533827
208,0.000783000000000000063035351677981354967528204724658280611
209,0.000778600000000000050105449303505800173752504633739590645
210,0.000772899999999999939507948094191691623677797906566411257
211,0.000768100000000000002405595254245662673042716050986200571
212,0.000763500000000000080329026850428641992607481370214372873
213,0.000759700000000000006597359377552569625891010218765586615
214,0.000756499999999999977943045213063522069774080591741949320
215,0.000751300000000000010789123500859476578739304386544972658
216,0.000746500000000000073686770660913447628104222530964761972
217,0.000742699999999999999955103188037375261387751379515975714
218,0.000738199999999999979512308595497316332512127701193094254
219,0.000734899999999999943345102212943764641295274486765265465
220,0.000730999999999999967979660928790730523019192332867532969
221,0.000726699999999999962562650772379679864343415829353034496
222,0.000722400000000000063024759022756171589207951910793781281
223,0.000719899999999999981081571977931110595250174810644239187
224,0.000715399999999999960638777385391051666374551132321357727
225,0.000710300000000000000997747891251510310439698514528572559
226,0.000706400000000000025632306607098476192163616360630840063
227,0.000701900000000000005189512014558417263287992682307958603
228,0.000698100000000000037336962948469887280111834115814417601
229,0.000693899999999999933553726603335798372995668614748865366
230,0.000689700000000000041528727071776794232960128283593803644
231,0.000686199999999999990335736253094234271543427894357591867
232,0.000682899999999999954168529870540682580326574679929763079
233,0.000679300000000000001341765240581160867350263288244605064
234,0.000676099999999999972687451076092113311233333661220967770
235,0.000672899999999999944033136911603065755116404034197330475
236,0.000670100000000000051309510026159577122939481341745704412
237,0.000668300000000000021956568507786045074681169353425502777
238,0.000664900000000000084155588313955531631904705136548727751
239,0.000660899999999999995398136404950450994988386810291558504
240,0.000656900000000000012519802902732912741612381068989634514
241,0.000654300000000000028942842046630889996094992966391146183
242,0.000650500000000000061090292980542360012918834399897605181
243,0.000647599999999999949095537063459282478561362950131297112
244,0.000643100000000000034531860877706765933226051856763660908
245,0.000640300000000000035929115585475734917508816579356789589
246,0.000635800000000000015486320992935675988633192901033908129
247,0.000632000000000000047633771926847146005457034334540367126
248,0.000629400000000000064056811070745123259939646231941878796
249,0.000626999999999999989626516243984566401081792719196528196
250,0.000623500000000000044312643832089548823205404914915561676
251,0.000620200000000000008145437449535997131988551700487732887
252,0.000616300000000000032779996165382963013712469546590000391
253,0.000613200000000000011638574218958419592695463506970554590
254,0.000610099999999999990497152272533876171678457467351108789
255,0.000606899999999999961842838108044828615561527840327471495
256,0.000604000000000000061606319004536835848284681560471653938
257,0.000601500000000000085542250366499317237867217045277357101
258,0.000599400000000000033650632193932272784309134294744580984
259,0.000597199999999999974246121803300724195651127956807613373
260,0.000593899999999999938078915420747172504434274742379784584
261,0.000591599999999999977040631218838662164216657401993870735
262,0.000588699999999999970924993708543127013399498537182807922
263,0.000586300000000000002373817288570112538081957609392702579
264,0.000583899999999999927943522461809555679224104096647351980
265,0.000581599999999999966905238259901045339006486756261438131
266,0.000578400000000000044130042502199540166429869714193046093
267,0.000574399999999999955372590593194459529513551387935876846
268,0.000572099999999999994334306391285949189295934047549962997
269,0.000569299999999999995731561099054918173578698770143091679
270,0.000566600000000000004641708024888391292961387080140411854
271,0.000563299999999999968474501642334839601744533865712583065
272,0.000560599999999999977384648568168312721127222175709903240
273,0.000557700000000000077148129464660319953850375895854085684
274,0.000554799999999999965153373547577242419492904446087777615
275,0.000552399999999999996602197127604227944175363518297672272
276,0.000550200000000000043076805143760221739057669765315949917
277,0.000547900000000000082038520941851711398840052424930036068
278,0.000545400000000000000095333897026650404882275324780493975
279,0.000543899999999999993281069032846630761923734098672866821
280,0.000541499999999999918850774206086073903065880585927516222
281,0.000538999999999999942786705568048555292648416070733219385
282,0.000537100000000000011799990238398061492830493079964071512
283,0.000534500000000000028223029382296038747313104977365583181
284,0.000532800000000000006382980081987010834154716576449573040
285,0.000530300000000000030318911443949492223737252061255276203
286,0.000528399999999999993453077707511456040379016485530883074
287,0.000526100000000000032414793505602945700161399145144969225
288,0.000522799999999999996247587123049394008944545930717140436
289,0.000520500000000000035209302921140883668726928590331226587
290,0.000518599999999999998343469184702847485368693014606833458
291,0.000516699999999999961477635448264811302010457438882440329
292,0.000514900000000000038003812336678821637292458035517483950
293,0.000512600000000000076965528134770311297074840695131570101
294,0.000511300000000000085177047706719299924316146643832325935
295,0.000509599999999999957457879999622729627617445657961070538
296,0.000507500000000000011445380233843227557599675492383539677
297,0.000505499999999999967066654279340687239141516329254955053
298,0.000503200000000000006028370077432176898923898988869041204
299,0.000500700000000000029964301439394658288506434473674744368
300,0.000498900000000000000611359921021126240248122485354542732
301,0.000497199999999999978771310620712098327089734084438532591
302,0.000495299999999999941905476884274062143731498508714139462
303,0.000493600000000000025944545990752576614113422692753374577
304,0.000491599999999999981565820036250036295655263529624789953
305,0.000489999999999999967238662954005512517596798716112971306
306,0.000488100000000000036251947624355018717778875725343823433
307,0.000485999999999999984360329451787974264220792974811047316
308,0.000483600000000000015809153031814959788903252047020941973
309,0.000481899999999999993969103731505931875744863646104931831
310,0.000480399999999999987154838867325912232786322419997304678
311,0.000478600000000000063681015755739922568068323016632348299
312,0.000476299999999999996763613147043869844310393091291189194
313,0.000474000000000000035725328945135359504092775750905275345
314,0.000472899999999999953083514546425814017993616289459168911
315,0.000470999999999999969157240013381549026405537006212398410
316,0.000468899999999999970205181044208275764617610548157244921
317,0.000467099999999999993791798729228514908129454852314665914
318,0.000464700000000000025240622309255500432811913924524560571
319,0.000463099999999999957973906023617205462983292818535119295
320,0.000461299999999999981560523708637444606495137122692540288
321,0.000459600000000000012660033611722187885106905014254152775
322,0.000456499999999999938579052461903873272319742682157084346
323,0.000454400000000000045506111899518142394072128809057176113
324,0.000452999999999999993265180050008855694443354877876117826
325,0.000451599999999999993963807403893340186584737239172682166
326,0.000449900000000000025063317306978083465196505130734294653
327,0.000447999999999999935257924367146276090068113262532278895
328,0.000446199999999999958844542052166515233579957566689699888
329,0.000444799999999999959543169406050999725721339927986264229
330,0.000442899999999999975616894873006734734133260644739493728
331,0.000441699999999999991341306663020227496474490180844441056
332,0.000440299999999999992039934016904711988615872542141005397
333,0.000438800000000000038165228356118463537427487608511000872
334,0.000437699999999999955523413957408918051328328147064894438
335,0.000436800000000000046726061605009694410739484737860038877
336,0.000435299999999999986972237537435903576010787219274789095
337,0.000433999999999999995183757109384892203252093167975544930
338,0.000432700000000000003395276681333880830493399116676300764
339,0.000431300000000000004093904035218365322634781477972865105
340,0.000428900000000000035542727615245350847317240550182759762
341,0.000427099999999999953250226893478047607288772269384935498
342,0.000425700000000000059827972654150074482970467215636745095
343,0.000424099999999999992561256368511779513141846109647303820
344,0.000422400000000000023660766271596522791753614001208916306
345,0.000421299999999999993958511076280748497424610832240432501
346,0.000420400000000000032221599520487753665065611130557954311
347,0.000418799999999999964954883234849458695236990024568513036
348,0.000417200000000000056506844559392477300718837796011939645
349,0.000415699999999999996753020491818686465990140277426689863
350,0.000414699999999999974563657514567416306761060695862397552
351,0.000412899999999999998150275199587655450272905000019818544
352,0.000411399999999999938396451132013864615544207481434568763
353,0.000410500000000000029599098779614640974955364072229713202
354,0.000409300000000000045323510569628133737296593608334660530
355,0.000407499999999999963031009847860830497268125327536836267
356,0.000406100000000000016669196405139086181179663981311023235
357,0.000404600000000000009854931540959066538221122755203396082
358,0.000403100000000000003040666676779046895262581529095768929
359,0.000402200000000000041303755120986052062903581827413290739
360,0.000400200000000000049864588369877282936215578956762328744
361,0.000398900000000000058076107941826271563456884905463084579
362,0.000397299999999999990809391656187976593628263799473643303
363,0.000396499999999999983645813115065714704599031392717733979
364,0.000395299999999999999370224905079207466940260928822681308
365,0.000393600000000000030469734808163950745552028820384293795
366,0.000391899999999999955690126304461151640623484126990661025
367,0.000390299999999999994302528425610399054335175605956465006
368,0.000389200000000000017539832433688395951776328729465603828
369,0.000388000000000000033264244223701888714117558265570551157
370,0.000386499999999999973510420156128097879388860746985301375
371,0.000385000000000000019635714495341849428200475813355296850
372,0.000383500000000000012821449631161829785241934587247669697
373,0.000383100000000000035709439962297584436612396530108526349
374,0.000381699999999999983468508112788297736983622598927468061
375,0.000380299999999999984167135466672782229125004960224032402
376,0.000378700000000000022779537587822029642836696439189836383
377,0.000377299999999999970538605738312742943207922508008778095
378,0.000376400000000000008801694182519748110848922806326299906
379,0.000375200000000000024526105972533240873190152342431247234
380,0.000374400000000000017362527431410978984160919935675337911
381,0.000373500000000000002686056672224212960031763941515237093
382,0.000372399999999999972983801476908438665702760772546753287
383,0.000370900000000000019109095816122190214514375838916748762
384,0.000369500000000000019807723170006674706655758200213313103
385,0.000368199999999999975079683538561892142126907856436446309
386,0.000366700000000000021204977877775643690938522922806441784
387,0.000366000000000000021554291554717885937009214103454723954
388,0.000364599999999999969313359705208599237380440172273665667
389,0.000363700000000000007576448149415604405021440470591187477
390,0.000362799999999999992899977390228838380892284476431086659
391,0.000361899999999999978223506631042072356763128482270985842
392,0.000360400000000000024348800970255823905574743548640981317
393,0.000358999999999999972107869120746537205945969617459923029
394,0.000357699999999999980319388692695525833187275566160678864
395,0.000356499999999999996043800482709018595528505102265626192
396,0.000354899999999999981716643400464494817470040288753807545
397,0.000353900000000000012466839626606995850011116999667137861
398,0.000353200000000000012816153303549238096081808180315420032
399,0.000352199999999999990626790326297967936852728598751127720
400,0.000351300000000000028889878770504973104493728897068649530
401,0.000349999999999999984161839139060190539964878553291782737
402,0.000348799999999999999886250929073683302306108089396730065
403,0.000347299999999999993071986064893663659347566863289102912
404,0.000346500000000000038847966727165172962088490749010816216
405,0.000345899999999999993770613418778148151488949224585667253
406,0.000344899999999999971581250441526877992259869643021374941
407,0.000344299999999999979443456336533624373430484411073848605
408,0.000343799999999999994818554449604874889701022766530513763
409,0.000342100000000000025918064352689618168312790658092126250
410,0.000340999999999999996215809157373843873983787489123642445
411,0.000339999999999999974026446180122573714754707907559350133
412,0.000338799999999999989750857970136066477095937443664297462
413,0.000337499999999999997962377542085055104337243392365053296
414,0.000336300000000000013686789332098547866678472928470000625
415,0.000335399999999999999010318572911781842549316934309899807
416,0.000334599999999999991846740031789519953520084527553990483
417,0.000333199999999999992545367385674004445661466888850554824
418,0.000332100000000000015782671393752001343102620012359693646
419,0.000331099999999999993593308416500731183873540430795401335
420,0.000329900000000000009317720206514223946214769966900348663
421,0.000328500000000000010016347560398708438356152328196913004
422,0.000327499999999999987826984583147438279127072746632620692
423,0.000326799999999999988176298260089680525197763927280902863
424,0.000325499999999999996387817832038669152439069875981658697
425,0.000324399999999999966685562636722894858110066707013174891
426,0.000323399999999999997435758862865395890651143417926505208
427,0.000322800000000000005297964757872142271821758185978978872
428,0.000321999999999999998134386216749880382792525779223069549
429,0.000321500000000000013509484329821130899063064134679734707
430,0.000320900000000000021371690224827877280233678902732208371
431,0.000319899999999999999182327247576607121004599321167916059
432,0.000319099999999999992018748706454345231975366914412006736
433,0.000318199999999999977342277947267579207846210920251905918
434,0.000317400000000000023118258609539088510587134805973619223
435,0.000317300000000000015605366391474584375487211218569427729
436,0.000316500000000000008441787850352322486457978811813518405
437,0.000315100000000000009140415204236806978599361173110082746
438,0.000313999999999999979438160008921032684270358004141598940
439,0.000313600000000000002326150340056787335640819947002455592
440,0.000312400000000000018050562130070280097982049483107402921
441,0.000311500000000000003374091370883514073852893488947302103
442,0.000310599999999999988697620611696748049723737494787201285
443,0.000309599999999999966508257634445477890494657913222908974
444,0.000308800000000000012284238296716987193235581798944622278
445,0.000308299999999999974719777206394466517735963861923664808
446,0.000307199999999999997957081214472463415177116985432803631
447,0.000306699999999999960392620124149942739677499048411846161
448,0.000306499999999999998306394891414705661247808166081085801
449,0.000305799999999999998655708568356947907318499346729367971
450,0.000304799999999999976466345591105677748089419765165075660
451,0.000303900000000000014729434035312682915730420063482597470
452,0.000302899999999999992540071058061412756501340481918305159
453,0.000302400000000000007915169171132663272771878837374970317
454,0.000301499999999999993238698411945897248642722843214869499
455,0.000300400000000000016476002420023894146083875966724008322
456,0.000299199999999999979260855006643615716654949210351333022
457,0.000298499999999999979610168683585857962725640390999615192
458,0.000297400000000000002847472691663854860166793514508754015
459,0.000295899999999999996033207827483835217208252288401126862
460,0.000295099999999999988869629286361573328179019881645217538
461,0.000294499999999999996731835181368319709349634649697691202
462,0.000293900000000000004594041076375066090520249417750164866
463,0.000293099999999999997430462535252804201491017010994255543
464,0.000292500000000000005292668430259550582661631779046729207
465,0.000291900000000000013154874325266296963832246547099202871
466,0.000290600000000000021366393897215285591073552495799958706
467,0.000289200000000000022065021251099770083214934857096523046
468,0.000288500000000000022414334928042012329285626037744805217
469,0.000287799999999999969824089401590483383586160925915464759
470,0.000287300000000000038138746718055505091626855573849752545
471,0.000286699999999999993061393409668480281027314049424603581
472,0.000285899999999999985897814868546218391998081642668694258
473,0.000285500000000000008785805199681973043368543585529550910
474,0.000284599999999999994109334440495207019239387591369450092
475,0.000283700000000000032372422884702212186880387889686971903
476,0.000283100000000000040234628779708958568051002657739445567
477,0.000282499999999999995157275471321933757451461133314296603
478,0.000281499999999999972967912494070663598222381551750004292
479,0.000281099999999999995855902825206418249592843494610860944
480,0.000280399999999999996205216502148660495663534675259143114
481,0.000279800000000000004067422397155406876834149443311616778
482,0.000278899999999999989390951637968640852704993449151515961
483,0.000278299999999999997253157532975387233875608217203989625
484,0.000277899999999999967201588660717370693475913867587223649
485,0.000277299999999999975063794555724117074646528635639697313
486,0.000276699999999999982926000450730863455817143403692170978
487,0.000276099999999999990788206345737609836987758171744644642
488,0.000275499999999999998650412240744356218158372939797118306
489,0.000274900000000000006512618135751102599328987707849591970
490,0.000274600000000000036913500684951361385799373238114640117
491,0.000274099999999999999349039594628840710299755301093682647
492,0.000273799999999999976810362940435328304999984538881108165
493,0.000273500000000000007211245489635587091470370069146156311
494,0.000273099999999999977159676617377570551070675719529390335
495,0.000272700000000000000047666948513325202441137662390246987
496,0.000271600000000000023284970956591322099882290785899385810
497,0.000270600000000000001095607979340051940653211204335093498
498,0.000269799999999999993932029438217790051623978797579184175
499,0.000269200000000000001794235333224536432794593565631657839
500,0.000268399999999999994630656792102274543765361158875748515
501,0.000268000000000000017518647123238029195135823101736605167
502,0.000267300000000000017867960800180271441206514282384887338
503,0.000266299999999999995678597822929001281977434700820595026
504,0.000265800000000000011053695936000251798247973056277260184
505,0.000264599999999999973838548522619973368819046299904584885
506,0.000263700000000000012101636966826978536460046598222106695
507,0.000262799999999999997425166207640212512330890604062005877
508,0.000262200000000000005287372102646958893501505372114479542
509,0.000261800000000000028175362433782713544871967314975336194
510,0.000261299999999999990610901343460192869372349377954378724
511,0.000260999999999999968072224689266680464072578615741804242
512,0.000260299999999999968421538366208922710143269796390086412
513,0.000259699999999999976283744261215669091313884564442560077
514,0.000259299999999999999171734592351423742684346507303416729
515,0.000258700000000000007033940487358170123854961275355890393
516,0.000258299999999999976982371615100153583455266925739124417
517,0.000257300000000000007732567841242654615996343636652454734
518,0.000256999999999999985193891187049142210696572874439880252
519,0.000256399999999999993056097082055888591867187642492353916
520,0.000255300000000000016293401090133885489308340766001492739
521,0.000254699999999999971216047781746860678708799241576343775
522,0.000254199999999999986591145894818111194979337597033008933
523,0.000254000000000000024504920662082874116549646714702248573
524,0.000253399999999999979427567353695849305950105190277099609
525,0.000252700000000000032716440234031862743790952663403004408
526,0.000251799999999999965100410271451325527891640376765280962
527,0.000251400000000000040927959805980851371032258612103760242
528,0.000251199999999999972962616166458071909062255144817754626
529,0.000251000000000000010876390933722834830632564262486994267
530,0.000250099999999999996199920174536068806503408268326893449
531,0.000249500000000000004062126069542815187674023036379367113
532,0.000248900000000000011924331964549561568844637804431840777
533,0.000247899999999999989734968987298291409615558222867548466
534,0.000246999999999999975058498228111525385486402228707447648
535,0.000246599999999999997946488559247280036856864171568304300
536,0.000246000000000000005808694454254026418027478939620777965
537,0.000245599999999999975757125581996009877627784590004011989
538,0.000245099999999999991132223695067260393898322945460677147
539,0.000244700000000000014020214026203015045268784888321533799
540,0.000244200000000000029395312139274265561539323243778198957
541,0.000243900000000000006856635485080753156239552481565624475
542,0.000243500000000000029744625816216507807610014424426481128
543,0.000243200000000000007205949162022995402310243662213906646
544,0.000242999999999999992180164725893987132110396487405523658
545,0.000242500000000000007555262838965237648380934842862188816
546,0.000242299999999999992529478402836229378181087668053805828
547,0.000241300000000000023279674628978730410722164378967136145
548,0.000240699999999999978202321320591705600122622854541987181
549,0.000240300000000000001090311651727460251493084797402843833
550,0.000239900000000000023978301982863214902863546740263700485
551,0.000239300000000000031840507877869961284034161508316174150
552,0.000239099999999999963875164238347181822064158041030168533
553,0.000238499999999999971737370133353928203234772809082642198
554,0.000238300000000000009651144900618691124805081926751881838
555,0.000237799999999999998556463411993056045190542135969735682
556,0.000237000000000000017862664472567679752046387875452637672
557,0.000236700000000000021793767420071052942631695259478874505
558,0.000236499999999999980298203382245159076546769938431680202
559,0.000235700000000000026074184044516668379287693824153393507
560,0.000235499999999999984578620006690774513202768503106199205
561,0.000235299999999999996022615172258651838887999474536627531
562,0.000234799999999999984927933683633016759273459683754481375
563,0.000234300000000000000303031796704267275543998039211146533
564,0.000233899999999999996721242526143136331029381835833191872
565,0.000233199999999999997070556203085378577100073016481474042
566,0.000232800000000000019958546534221133228470534959342330694
567,0.000231899999999999978812296173337481608456300818943418562
568,0.000231700000000000016726070940602244530026609936612658203
569,0.000231499999999999975230506902776350663941684615565463901
570,0.000230599999999999987023815745286470235697606767644174397
571,0.000229999999999999994886021640293216616868221535696648061
572,0.000229599999999999991304232369732085672353605332318693399
573,0.000228999999999999999166438264738832053524220100371167064
574,0.000228500000000000014541536377810082569794758455827832222
575,0.000227900000000000022403742272816828950965373223880305886
576,0.000227500000000000018821953002255698006450757020502351224
577,0.000226799999999999992701487077501054656636370054911822081
578,0.000226200000000000000563692972507801037806984822964295745
579,0.000225799999999999996981903701946670093292368619586341083
580,0.000225299999999999985887222213321035013677828828804194927
581,0.000224600000000000012706315491960162855633598155691288412
582,0.000224100000000000001611634003334527776019058364909142256
583,0.000223500000000000009473839898341274157189673132961615920
584,0.000223099999999999979422271026083257616789978783344849944
585,0.000222900000000000017336045793348020538360287901014089584
586,0.000222499999999999987284476921090003997960593551397323608
587,0.000222000000000000029129354635858140110116210053092800081
588,0.000221199999999999995495996493038992625201899500098079443
589,0.000220199999999999999776413117484608061857898064772598445
590,0.000219900000000000003707516064987981252443205448798835278
591,0.000219600000000000007638619012491354443028512832825072110
592,0.000219200000000000004056829741930223498513896629447117448
593,0.000218799999999999974005260869672206958114202279830351472
594,0.000218400000000000023363030802504847205369742368930019438
595,0.000218100000000000027294133750008220395955049752956256270
596,0.000217799999999999978285677494117822394770200844504870474
597,0.000217799999999999978285677494117822394770200844504870474
598,0.000217400000000000027643447426950462642025740933604538441
599,0.000217199999999999986147883389124568775940815612557344139
600,0.000216899999999999990078986336627941966526122996583580971
601,0.000216499999999999986497197066066811022011506793205626309
602,0.000215800000000000013316290344705938863967276120092719793
603,0.000215400000000000009734501074144807919452659916714765131
604,0.000214700000000000010083814751087050165523351097363047302
605,0.000214300000000000006502025480525919221008734893985092640
606,0.000213800000000000021877123593597169737279273249441757798
607,0.000213399999999999991825554721339153196879578899824991822
608,0.000212999999999999988243765450778022252364962696447037160
609,0.000212500000000000003618863563849272768635501051903702319
610,0.000212200000000000007549966511352645959220808435929939151
611,0.000211699999999999996455285022727010879606268645147792995
612,0.000211200000000000011830383135798261395876807000604458153
613,0.000210800000000000008248593865237130451362190797226503491
614,0.000210200000000000016110799760243876832532805565278977156
615,0.000209999999999999974615235722417982966447880244231782854
616,0.000209500000000000016460113437186119078603496745927259326
617,0.000209200000000000020391216384689492269188804129953496158
618,0.000208600000000000028253422279696238650359418898005969822
619,0.000208499999999999994270750459934848919374417164362967014
620,0.000207699999999999987107171918812587030345184757607057691
621,0.000207099999999999994969377813819333411515799525659531355
622,0.000206600000000000010344475926890583927786337881116196513
623,0.000206600000000000010344475926890583927786337881116196513
624,0.000206500000000000002831583708826079792686414293712005019
625,0.000206399999999999995318691490761575657586490706307813525
626,0.000206300000000000014275578874393957118371645265142433345
627,0.000206000000000000018206681821897330308956952649168670177
628,0.000205200000000000011043103280775068419927720242412760854
629,0.000204900000000000014974206228278441610513027626438997686
630,0.000204199999999999988853740303523798260698640660848468542
631,0.000204099999999999981340848085459294125598717073444277048
632,0.000203599999999999996715946198530544641869255428900942206
633,0.000203000000000000004578152093537291023039870196953415871
634,0.000202000000000000008858568717982906459695868761627934873
635,0.000201700000000000012789671665486279650281176145654171705
636,0.000201000000000000013138985342428521896351867326302453876
637,0.000200600000000000009557196071867390951837251122924499214
638,0.000199999999999999990949622365177251737122787744738161564
639,0.000199499999999999979854940876551616657508247953956015408
640,0.000199299999999999991298936042119493983193478925386443734
641,0.000198899999999999987717146771558363038678862722008489072
642,0.000198499999999999984135357500997232094164246518630534410
643,0.000198400000000000003092244884629613554949401077465154231
644,0.000197800000000000010954450779636359936120015845517627895
645,0.000197700000000000003441558561571855801020092258113436401
646,0.000197199999999999992346877072946220721405552467331290245
647,0.000196700000000000007721975186017471237676090822787955403
648,0.000196599999999999973739303366256081506691089089144952595
649,0.000196200000000000023097073299088721753946629178244620562
650,0.000195800000000000019515284028527590809432012974866665900
651,0.000195399999999999989463715156269574269032318625249899924
652,0.000194699999999999989813028833211816515103009805898182094
653,0.000194399999999999993744131780715189705688317189924418926
654,0.000194000000000000016632122111850944357058779132785275578
655,0.000193600000000000013050332841289813412544162929407320917
656,0.000193300000000000016981435788793186603129470313433557749
657,0.000192899999999999986929866916535170062729775963816791773
658,0.000192400000000000002304965029606420579000314319273456931
659,0.000191899999999999991210283540980785499385774528491310775
660,0.000191700000000000002654278706548662825071005499921739101
661,0.000191599999999999995141386488484158689971081912517547607
662,0.000191200000000000018029376819619913341341543855378404260
663,0.000190799999999999987977807947361896800941849505761638284
664,0.000190000000000000007284009007936520507797695245244540274
665,0.000189499999999999996189327519310885428183155454462394118
666,0.000188999999999999985094646030685250348568615663680247962
667,0.000188799999999999996538641196253127674253846635110676289
668,0.000187900000000000008331950038763247246009768787189386785
669,0.000187800000000000000819057820698743110909845199785195291
670,0.000187500000000000004750160768202116301495152583811432123
671,0.000187100000000000001168371497640985356980536380433477461
672,0.000186900000000000012612366663208862682665767351863905787
673,0.000186600000000000016543469610712235873251074735890142620
674,0.000186100000000000005448788122086600793636534945107996464
675,0.000185999999999999997935895904022096658536611357703804970
676,0.000185199999999999990772317362899834769507378950947895646
677,0.000184800000000000013660307694035589420877840893808752298
678,0.000184699999999999979677635874274199689892839160165749490
679,0.000184500000000000017591410641538962611463148277834989130
680,0.000184200000000000021522513589042335802048455661861225963
681,0.000184000000000000006496729152913327531848608487052842975
682,0.000183799999999999991470944716784319261648761312244459987
683,0.000183499999999999995402047664287692452234068696270696819
684,0.000183399999999999987889155446223188317134145108866505325
685,0.000182799999999999995751361341229934698304759876918978989
686,0.000182499999999999999682464288733307888890067260945215821
687,0.000182299999999999984656679852604299618690220086136832833
688,0.000181999999999999988587782800107672809275527470163069665
689,0.000181599999999999985005993529546541864760911266785115004
690,0.000181299999999999988937096477049915055346218650811351836
691,0.000180900000000000011825086808185669706716680593672208488
692,0.000180299999999999993217513101495530492002217215485870838
693,0.000180299999999999993217513101495530492002217215485870838
694,0.000179799999999999982122831612869895412387677424703724682
695,0.000179600000000000020036606380134658333957986542372964323
696,0.000179100000000000008941924891509023254343446751590818167
697,0.000179000000000000001429032673444519119243523164186626673
698,0.000178700000000000005360135620947892309828830548212863505
699,0.000178400000000000009291238568451265500414137932239100337
700,0.000178100000000000013222341515954638690999445316265337169
701,0.000177600000000000002127660027329003611384905525483191013
702,0.000177399999999999987101875591199995341185058350674808025
703,0.000177099999999999991032978538703368531770365734701044858
704,0.000176600000000000006408076651774619048040904090157710016
705,0.000176300000000000010339179599277992238626211474183946848
706,0.000176099999999999995313395163148983968426364299375563860
707,0.000175899999999999980287610727019975698226517124567180872
708,0.000175899999999999980287610727019975698226517124567180872
709,0.000175399999999999995662708840091226214497055480023846030
710,0.000174800000000000003524914735097972595667670248076319695
711,0.000174800000000000003524914735097972595667670248076319695
712,0.000174299999999999992430233246472337516053130457294173539
713,0.000173900000000000015318223577608092167423592400155030191
714,0.000173400000000000004223542088982457087809052609372884035
715,0.000173099999999999981684865434788944682509281847160309553
716,0.000172600000000000023529743149557080794664898348855786026
717,0.000172300000000000000991066495363568389365127586643211544
718,0.000171499999999999993827487954241306500335895179887302220
719,0.000171400000000000012784375337873687961121049738721922040
720,0.000171100000000000016715478285377061151706357122748158872
721,0.000170800000000000020646581232880434342291664506774395704
722,0.000170499999999999998107904578686921936991893744561821222
723,0.000170200000000000002039007526190295127577201128588058054
724,0.000169999999999999987013223090061286857377353953779675066
725,0.000169699999999999990944326037564660047962661337805911899
726,0.000169500000000000002388321203132537373647892309236340225
727,0.000169199999999999979849644548939024968348121547023765743
728,0.000168899999999999983780747496442398158933428931050002575
729,0.000168699999999999995224742662010275484618659902480430901
730,0.000168399999999999999155845609513648675203967286506667733
731,0.000168100000000000003086948557017021865789274670532904565
732,0.000167800000000000007018051504520395056374582054559141397
733,0.000167400000000000003436262233959264111859965851181186736
734,0.000166999999999999999854472963398133167345349647803232074
735,0.000166700000000000003785575910901506357930657031829468906
736,0.000166300000000000000203786640340375413416040828451514244
737,0.000165900000000000023091776971476130064786502771312370896
738,0.000165700000000000008065992535347121794586655596503987908
739,0.000165300000000000004484203264785990850072039393126033247
740,0.000164799999999999993389521776160355770457499602343887091
741,0.000164599999999999978363737340031347500257652427535504103
742,0.000164299999999999982294840287534720690842959811561740935
743,0.000163999999999999986225943235038093881428267195587977767
744,0.000163500000000000001601041348109344397698805551044642925
745,0.000163200000000000005532144295612717588284112935070879757
746,0.000162999999999999990506359859483709318084265760262496769
747,0.000162600000000000013394350190619463969454727703123353422
748,0.000161599999999999991204987213368193810225648121559061110
749,0.000161299999999999995136090160871567000810955505585297942
750,0.000161100000000000006580085326439444326496186477015726268
751,0.000161100000000000006580085326439444326496186477015726268
752,0.000160999999999999999067193108374940191396262889611534774
753,0.000160599999999999995485403837813809246881646686233580112
754,0.000160400000000000006929399003381686572566877657664008439
755,0.000160199999999999991903614567252678302367030482855625451
756,0.000159800000000000014791604898388432953737492425716482103
757,0.000159399999999999984740036026130416413337798076099716127
758,0.000158900000000000000115134139201666929608336431556381285
759,0.000158600000000000004046237086705040120193643815582618117
760,0.000158399999999999989020452650576031849993796640774235129
761,0.000158000000000000011908442981711786501364258583635091782
762,0.000157799999999999996882658545582778231164411408826708794
763,0.000157400000000000019770648876718532882534873351687565446
764,0.000157299999999999985787977056957143151549871618044562638
765,0.000157200000000000004744864440589524612335026176879182458
766,0.000157200000000000004744864440589524612335026176879182458
767,0.000156900000000000008675967388092897802920333560905419290
768,0.000156800000000000001163075170028393667820409973501227796
769,0.000156399999999999997581285899467262723305793770123273134
770,0.000156200000000000009025281065035140048991024741553701460
771,0.000155999999999999993999496628906131778791177566745318472
772,0.000155800000000000005443491794474009104476408538175746799
773,0.000155499999999999982904815140280496699176637775963172317
774,0.000155100000000000005792805471416251350547099718824028969
775,0.000154599999999999994698123982790616270932559928041882813
776,0.000154599999999999994698123982790616270932559928041882813
777,0.000154299999999999998629226930293989461517867312068119645
778,0.000154100000000000010073222095861866787203098283498547971
779,0.000154000000000000002560329877797362652103174696094356477
780,0.000153700000000000006491432825300735842688482080120593309
781,0.000153499999999999991465648389171727572488634905312210321
782,0.000153300000000000002909643554739604898173865876742638648
783,0.000152999999999999980370966900546092492874095114530064166
784,0.000152699999999999984302069848049465683459402498556300998
785,0.000152500000000000022215844615314228605029711616225540638
786,0.000152099999999999992164275743056212064630017266608774662
787,0.000151500000000000000026481638062958445800632034661248326
788,0.000150899999999999981418907931372819231086168656474910676
789,0.000150800000000000000375795315005200691871323215309530497
790,0.000150700000000000019332682698637582152656477774144150317
791,0.000150299999999999989281113826379565612256783424527384341
792,0.000150200000000000008238001210011947073041937983362004161
793,0.000149800000000000004656211939450816128527321779984049499
794,0.000149599999999999989630427503321807858327474605175666511
795,0.000149400000000000001074422668889685184012705576606094837
796,0.000148900000000000016449520781960935700283243932062759995
797,0.000148400000000000005354839293335300620668704141280613840
798,0.000148099999999999982816162639141788215368933379068039358
799,0.000147799999999999986747265586645161405954240763094276190
800,0.000147599999999999998191260752213038731639471734524704516
801,0.000147400000000000009635255917780916057324702705955132842
802,0.000147199999999999994609471481651907787124855531146749854
803,0.000146899999999999998540574429155280977710162915172986686
804,0.000146799999999999991027682211090776842610239327768795192
805,0.000146700000000000009984569594723158303395393886603415012
806,0.000146400000000000013915672542226531493980701270629651845
807,0.000146100000000000017846775489729904684566008654655888677
808,0.000145699999999999987795206617471888144166314305039122701
809,0.000145699999999999987795206617471888144166314305039122701
810,0.000145399999999999991726309564975261334751621689065359533
811,0.000145200000000000003170304730543138660436852660495787859
812,0.000144999999999999988144520294414130390237005485687404871
813,0.000144900000000000007101407678046511851022160044522024691
814,0.000144799999999999999588515459982007715922236457117833197
815,0.000144699999999999992075623241917503580822312869713641703
816,0.000144600000000000011032510625549885041607467428548261523
817,0.000144399999999999996006726189420876771407620253739878535
818,0.000144199999999999980980941753291868501207773078931495547
819,0.000144000000000000018894716520556631422778082196600735188
820,0.000143899999999999984912044700795241691793080462957732379
821,0.000143800000000000003868932084427623152578235021792352200
822,0.000143599999999999988843147648298614882378387846983969212
823,0.000143599999999999988843147648298614882378387846983969212
824,0.000143299999999999992774250595801988072963695231010206044
825,0.000143299999999999992774250595801988072963695231010206044
826,0.000143199999999999985261358377737483937863771643606014550
827,0.000142800000000000008149348708873238589234233586466871202
828,0.000142599999999999993123564272744230319034386411658488214
829,0.000141899999999999993472877949686472565105077592306770384
830,0.000141799999999999985959985731621968430005154004902578890
831,0.000141599999999999997403980897189845755690384976333007216
832,0.000141399999999999982378196461060837485490537801524624228
833,0.000141399999999999982378196461060837485490537801524624228
834,0.000141199999999999993822191626628714811175768772955052555
835,0.000141000000000000005266186792196592136860999744385480881
836,0.000140799999999999990240402356067583866661152569577097893
837,0.000140700000000000009197289739699965327446307128411717713
838,0.000140499999999999994171505303570957057246459953603334725
839,0.000140300000000000005615500469138834382931690925033763051
840,0.000140300000000000005615500469138834382931690925033763051
841,0.000140300000000000005615500469138834382931690925033763051
842,0.000140199999999999998102608251074330247831767337629571557
843,0.000139799999999999994520818980513199303317151134251616895
844,0.000139400000000000017408809311648953954687613077112473547
845,0.000139100000000000021339912259152327145272920461138710380
846,0.000138900000000000006314127823023318875073073286330327392
847,0.000138399999999999995219446334397683795458533495548181236
848,0.000137999999999999991637657063836552850943917292170226574
849,0.000137399999999999999499862958843299232114532060222700238
850,0.000137100000000000003430965906346672422699839444248937070
851,0.000137100000000000003430965906346672422699839444248937070
852,0.000137100000000000003430965906346672422699839444248937070
853,0.000136999999999999995918073688282168287599915856844745576
854,0.000136899999999999988405181470217664152499992269440554082
855,0.000136800000000000007362068853850045613285146828275173903
856,0.000136699999999999999849176635785541478185223240870982409
857,0.000136599999999999992336284417721037343085299653466790915
858,0.000136499999999999984823392199656533207985376066062599421
859,0.000136299999999999996267387365224410533670607037493027747
860,0.000136199999999999988754495147159906398570683450088836253
861,0.000136000000000000000198490312727783724255914421519264579
862,0.000136000000000000000198490312727783724255914421519264579
863,0.000135800000000000011642485478295661049941145392949692905
864,0.000135800000000000011642485478295661049941145392949692905
865,0.000135599999999999996616701042166652779741298218141309917
866,0.000135500000000000015573588425799034240526452776975929737
867,0.000135400000000000008060696207734530105426529189571738243
868,0.000135300000000000000547803989670025970326605602167546749
869,0.000135099999999999985522019553541017700126758427359163761
870,0.000134799999999999989453122501044390890712065811385400593
871,0.000134600000000000000897117666612268216397296782815828919
872,0.000134399999999999985871333230483259946197449608007445931
873,0.000134199999999999997315328396051137271882680579437874258
874,0.000133799999999999993733539125490006327368064376059919596
875,0.000133099999999999994082852802432248573438755556708201766
876,0.000133099999999999994082852802432248573438755556708201766
877,0.000133099999999999994082852802432248573438755556708201766
878,0.000133099999999999994082852802432248573438755556708201766
879,0.000133099999999999994082852802432248573438755556708201766
880,0.000132700000000000016970843133568003224809217499569058418
881,0.000132700000000000016970843133568003224809217499569058418
882,0.000132299999999999986919274261309986684409523149952292442
883,0.000131999999999999990850377208813359874994830533978529274
884,0.000131900000000000009807264592445741335779985092813149095
885,0.000131500000000000006225475321884610391265368889435194433
886,0.000131399999999999998712583103820106256165445302031002939
887,0.000131200000000000010156578269387983581850676273461431265
888,0.000130799999999999980105009397129967041450981923844665289
889,0.000130699999999999999061896780762348502236136482679285109
890,0.000130400000000000002992999728265721692821443866705521941
891,0.000130299999999999995480107510201217557721520279301330447
892,0.000130100000000000006924102675769094883406751250731758773
893,0.000129899999999999991898318239640086613206904075923375785
894,0.000129599999999999995829421187143459803792211459949612617
895,0.000129499999999999988316528969078955668692287872545421124
896,0.000129400000000000007273416352711337129477442431380040944
897,0.000129299999999999999760524134646832994377518843975849450
898,0.000129199999999999992247631916582328859277595256571657956
899,0.000129100000000000011204519300214710320062749815406277776
900,0.000128899999999999996178734864085702049862902640597894788
901,0.000128700000000000007622730029653579375548133612028323114
902,0.000128300000000000004040940759092448431033517408650368452
903,0.000127900000000000000459151488531317486518901205272413790
904,0.000127499999999999996877362217970186542004285001894459128
905,0.000127200000000000000808465165473559732589592385920695961
906,0.000127000000000000012252460331041437058274823357351124287
907,0.000126799999999999997226675894912428788074976182542741299
908,0.000126699999999999989713783676847924652975052595138549805
909,0.000126600000000000008670671060480306113760207153973169625
910,0.000126200000000000005088881789919175169245590950595214963
911,0.000126200000000000005088881789919175169245590950595214963
912,0.000125599999999999986481308083229035954531127572408877313
913,0.000125500000000000005438195466861417415316282131243497133
914,0.000125500000000000005438195466861417415316282131243497133
915,0.000125399999999999997925303248796913280216358543839305639
916,0.000124999999999999994343513978235782335701742340461350977
917,0.000124800000000000005787509143803659661386973311891779304
918,0.000124599999999999990761724707674651391187126137083396316
919,0.000124400000000000002205719873242528716872357108513824642
920,0.000124400000000000002205719873242528716872357108513824642
921,0.000124299999999999994692827655178024581772433521109633148
922,0.000124099999999999979667043219049016311572586346301250160
923,0.000123799999999999983598146166552389502157893730327486992
924,0.000123799999999999983598146166552389502157893730327486992
925,0.000123700000000000002555033550184770962943048289162106812
926,0.000123499999999999987529249114055762692743201114353723824
927,0.000123199999999999991460352061559135883328508498379960656
928,0.000122899999999999995391455009062509073913815882406197488
929,0.000122400000000000010766553122133759590184354237862862647
930,0.000121899999999999999671871633508124510569814447080716491
931,0.000121799999999999992158979415443620375469890859676524997
932,0.000121600000000000003602974581011497701155121831106953323
933,0.000121600000000000003602974581011497701155121831106953323
934,0.000121400000000000015046969746579375026840352802537381649
935,0.000121200000000000000021185310450366756640505627728998661
936,0.000121099999999999992508293092385862621540582040324807167
937,0.000120699999999999988926503821824731677025965836946852505
938,0.000120399999999999992857606769328104867611273220973089337
939,0.000120200000000000004301601934895982193296504192403517663
940,0.000120099999999999996788709716831478058196580604999326169
941,0.000119900000000000008232704882399355383881811576429754496
942,0.000119699999999999993206920446270347113681964401621371508
943,0.000119500000000000004650915611838224439367195373051799834
944,0.000119199999999999995347128758493154832009963683958631009
945,0.000119100000000000001069126341277093494852579169673845172
946,0.000119000000000000006791123924061032157695194655389059335
947,0.000118899999999999999278231705996528022595271067984867841
948,0.000118899999999999999278231705996528022595271067984867841
949,0.000118600000000000003209334653499901213180578452011104673
950,0.000118399999999999988183550217370892942980731277202721685
951,0.000117899999999999990323758529593700661308730559539981186
952,0.000117899999999999990323758529593700661308730559539981186
953,0.000117700000000000015002643496010020784936500604089815170
954,0.000117700000000000015002643496010020784936500604089815170
955,0.000117700000000000015002643496010020784936500604089815170
956,0.000117599999999999994254861477097073851894037943566218019
957,0.000117399999999999992463966841816508379636729841877240688
958,0.000117299999999999998185964424600447042479345327592454851
959,0.000117000000000000002117067372103820233064652711618691683
960,0.000116899999999999994604175154039316097964729124214500189
961,0.000116700000000000006048170319607193423649960095644928515
962,0.000116099999999999987440596612917054208935496717458590865
963,0.000116000000000000006397483996549435669720651276293210685
964,0.000115900000000000012119481579333374332563266762008424848
965,0.000115599999999999989580804925139861927263495999795850366
966,0.000115499999999999995302802507923800590106111485511064529
967,0.000115499999999999995302802507923800590106111485511064529
968,0.000115299999999999993511907872643235117848803383822087198
969,0.000115199999999999999233905455427173780691418869537301362
970,0.000115099999999999991721013237362669645591495282133109868
971,0.000115099999999999991721013237362669645591495282133109868
972,0.000114999999999999997443010820146608308434110767848324031
973,0.000114799999999999995652116184866042836176802666159346700
974,0.000114700000000000001374113767649981499019418151874560863
975,0.000114600000000000007096111350433920161862033637589775026
976,0.000114600000000000007096111350433920161862033637589775026
977,0.000114499999999999999583219132369416026762110050185583532
978,0.000114299999999999997792324497088850554504801948496606201
979,0.000114200000000000003514322079872789217347417434211820364
980,0.000114200000000000003514322079872789217347417434211820364
981,0.000114200000000000003514322079872789217347417434211820364
982,0.000114200000000000003514322079872789217347417434211820364
983,0.000114100000000000009236319662656727880190032919927034527
984,0.000113900000000000007445425027376162407932724818238057196
985,0.000113699999999999992419640591247154137732877643429674208
986,0.000113399999999999996350743538750527328318185027455911040
987,0.000113399999999999996350743538750527328318185027455911040
988,0.000113199999999999994559848903469961856060876925766933709
989,0.000113100000000000000281846486253900518903492411482147872
990,0.000112999999999999992768954268189396383803568824077956378
991,0.000112800000000000004212949433757273709488799795508384705
992,0.000112699999999999996700057215692769574388876208104193211
993,0.000112600000000000002422054798476708237231491693819407374
994,0.000112600000000000002422054798476708237231491693819407374
995,0.000112400000000000000631160163196142764974183592130430043
996,0.000112300000000000006353157745980081427816799077845644206
997,0.000112100000000000004562263110699515955559490976156666875
998,0.000111800000000000008493366058202889146144798360182903707
999,0.000111699999999999987745584039289942213102335699659306556
1000,0.000111600000000000006702471422922323673887490258493926376
1001,0.000111199999999999989885792351512749931430334981996566057
1002,0.000111000000000000014564677317929070055058105026546400040
1003,0.000110899999999999993816895299016123122015642366022802889
1004,0.000110699999999999992026000663735557649758334264333825558
1005,0.000110699999999999992026000663735557649758334264333825558
1006,0.000110500000000000003469995829303434975443565235764253885
1007,0.000110500000000000003469995829303434975443565235764253885
1008,0.000110199999999999994166208975958365368086333546671085060
1009,0.000110000000000000005610204141526242693771564518101513386
1010,0.000110000000000000005610204141526242693771564518101513386
1011,0.000109700000000000009541307089029615884356871902127750218
1012,0.000109300000000000005959517818468484939842255698749795556
1013,0.000109300000000000005959517818468484939842255698749795556
1014,0.000109300000000000005959517818468484939842255698749795556
1015,0.000109000000000000009890620765971858130427563082776032388
1016,0.000108799999999999994864836329842849860227715907967649400
1017,0.000108399999999999991283047059281718915713099704589694738
1018,0.000108299999999999997005044642065657578555715190304908901
1019,0.000108099999999999995214150006785092106298407088615931571
1020,0.000108000000000000000936147589569030769141022574331145734
1021,0.000107799999999999999145252954288465296883714472642168403
1022,0.000107799999999999999145252954288465296883714472642168403
1023,0.000107599999999999997354358319007899824626406370953191072
1024,0.000107500000000000003076355901791838487469021856668405235
1025,0.000107300000000000001285461266511273015211713754979427904
1026,0.000106900000000000010938561796798584868639636624720878899
1027,0.000106900000000000010938561796798584868639636624720878899
1028,0.000106900000000000010938561796798584868639636624720878899
1029,0.000106900000000000010938561796798584868639636624720878899
1030,0.000106799999999999990190779777885637935597173964197281748
1031,0.000106699999999999995912777360669576598439789449912495911
1032,0.000106699999999999995912777360669576598439789449912495911
1033,0.000106699999999999995912777360669576598439789449912495911
1034,0.000106600000000000014869664744301958059224944008747115731
1035,0.000106399999999999999843880308172949789025096833938732743
1036,0.000106199999999999998052985672892384316767788732249755412
1037,0.000105999999999999996262091037611818844510480630560778081
1038,0.000105999999999999996262091037611818844510480630560778081
1039,0.000105799999999999994471196402331253372253172528871800750
1040,0.000105600000000000005915191567899130697938403500302229077
1041,0.000105499999999999998402299349834626562838479912898037583
1042,0.000105299999999999983376514913705618292638632738089654595
1043,0.000105299999999999983376514913705618292638632738089654595
1044,0.000105100000000000008055399880121938416266402782639488578
1045,0.000105100000000000008055399880121938416266402782639488578
1046,0.000104999999999999987307617861208991483223940122115891427
1047,0.000104900000000000006264505244841372944009094680950511247
1048,0.000104800000000000011986502827625311606851710166665725410
1049,0.000104600000000000010195608192344746134594402064976748079
1050,0.000104399999999999995169823756215737864394554890168365091
1051,0.000104300000000000014126711139848119325179709449002984911
1052,0.000103800000000000003032029651222484245565169658220838755
1053,0.000103699999999999995519137433157980110465246070816647261
1054,0.000103600000000000001241135015941918773307861556531861424
1055,0.000103499999999999993728242797877414638207937969127669930
1056,0.000103399999999999999450240380661353301050553454842884094
1057,0.000103399999999999999450240380661353301050553454842884094
1058,0.000103300000000000005172237963445291963893168940558098257
1059,0.000103199999999999997659345745380787828793245353153906763
1060,0.000102900000000000001590448692884161019378552737180143595
1061,0.000102800000000000007312446275668099682221168222895357758
1062,0.000102600000000000005521551640387534209963860121206380427
1063,0.000102600000000000005521551640387534209963860121206380427
1064,0.000102399999999999990495767204258525939764012946397997439
1065,0.000102300000000000009452654587890907400549167505232617259
1066,0.000102199999999999988704872568977960467506704844709020108
1067,0.000101899999999999992635975516481333658092012228735256940
1068,0.000101899999999999992635975516481333658092012228735256940
1069,0.000101799999999999998357973099265272320934627714450471103
1070,0.000101699999999999990845080881200768185834704127046279609
1071,0.000101399999999999994776183828704141376420011511072516441
1072,0.000101200000000000006220178994272018702105242482502944767
1073,0.000101099999999999998707286776207514567005318895098753273
1074,0.000101000000000000004429284358991453229847934380813967437
1075,0.000100899999999999996916392140926949094748010793409775943
1076,0.000100800000000000002638389723710887757590626279124990106
1077,0.000100600000000000000847495088430322285333318177436012775
1078,0.000100600000000000000847495088430322285333318177436012775
1079,0.000100600000000000000847495088430322285333318177436012775
1080,0.000100399999999999985821710652301314015133471002627629787
1081,0.000100399999999999985821710652301314015133471002627629787
1082,0.000100399999999999985821710652301314015133471002627629787
1083,0.000100200000000000010500595618717634138761241047177463770
1084,0.000100200000000000010500595618717634138761241047177463770
1085,0.000100200000000000010500595618717634138761241047177463770
1086,0.000100099999999999989752813599804687205718778386653866619
1087,0.000100099999999999989752813599804687205718778386653866619
1088,0.000099999999999999995474811182588625868561393872369080782
1089,0.000099999999999999995474811182588625868561393872369080782
1090,0.000099900000000000014431698566221007329346548431203700602
1091,0.000099799999999999993683916547308060396304085770680103451
1092,0.000099599999999999991893021912027494924046777668991126120
1093,0.000099400000000000003337017077595372249732008640421554446
1094,0.000099299999999999995824124859530868114632085053017362952
1095,0.000099099999999999994033230224250302642374776951328385621
1096,0.000099099999999999994033230224250302642374776951328385621
1097,0.000098999999999999999755227807034241305217392437043599784
1098,0.000098599999999999996173438536473110360702776233665645123
1099,0.000098500000000000001895436119257049023545391719380859286
1100,0.000098400000000000007617433702040987686388007205096073449
1101,0.000098200000000000005826539066760422214130699103407096118
1102,0.000097999999999999990800754630631413943930851928598713130
1103,0.000097900000000000009757642014263795404716006487433332950
1104,0.000097900000000000009757642014263795404716006487433332950
1105,0.000097900000000000009757642014263795404716006487433332950
1106,0.000097699999999999994731857578134787134516159312624949962
1107,0.000097100000000000002594063473141533515686774080677423626
1108,0.000097100000000000002594063473141533515686774080677423626
1109,0.000097000000000000008316061055925472178529389566392637789
1110,0.000096800000000000006525166420644906706272081464703660458
1111,0.000096699999999999999012274202580402571172157877299468964
1112,0.000096599999999999991499381984515898436072234289895277470
1113,0.000096599999999999991499381984515898436072234289895277470
1114,0.000096599999999999991499381984515898436072234289895277470
1115,0.000096400000000000002943377150083775761757465261325705796
1116,0.000096299999999999995430484932019271626657541673921514302
1117,0.000096299999999999995430484932019271626657541673921514302
1118,0.000096100000000000006874480097587148952342772645351942629
1119,0.000096100000000000006874480097587148952342772645351942629
1120,0.000096100000000000006874480097587148952342772645351942629
1121,0.000095799999999999997570693244242079344985540956258773804
1122,0.000095799999999999997570693244242079344985540956258773804
1123,0.000095600000000000009014688409809956670670771927689202130
1124,0.000095500000000000001501796191745452535570848340285010636
1125,0.000095399999999999993988903973680948400470924752880819142
1126,0.000095200000000000005432899139248825726156155724311247468
1127,0.000095000000000000003642004503968260253898847622622270137
1128,0.000094799999999999988616220067839251983699000447813887149
1129,0.000094700000000000007573107451471633444484155006648506969
1130,0.000094399999999999998269320598126563837126923317555338144
1131,0.000094399999999999998269320598126563837126923317555338144
1132,0.000094300000000000003991318180910502499969538803270552307
1133,0.000094300000000000003991318180910502499969538803270552307
1134,0.000094199999999999996478425962845998364869615215866360813
1135,0.000093800000000000006131526493133310218297538085607811809
1136,0.000093800000000000006131526493133310218297538085607811809
1137,0.000093600000000000004340631857852744746040229983918834478
1138,0.000093600000000000004340631857852744746040229983918834478
1139,0.000093499999999999996827739639788240610940306396514642984
1140,0.000093400000000000002549737222572179273782921882229857147
1141,0.000093200000000000000758842587291613801525613780540879816
1142,0.000093099999999999993245950369227109666425690193136688322
1143,0.000093099999999999993245950369227109666425690193136688322
1144,0.000093099999999999993245950369227109666425690193136688322
1145,0.000092999999999999998967947952011048329268305678851902485
1146,0.000092900000000000004689945534794986992110921164567116648
1147,0.000092599999999999995386158681449917384753689475473947823
1148,0.000092400000000000006830153847017794710438920446904376149
1149,0.000092199999999999991804369410888786440239073272095993161
1150,0.000092199999999999991804369410888786440239073272095993161
1151,0.000092100000000000010761256794521167901024227830930612981
1152,0.000091899999999999995735472358392159630824380656122229993
1153,0.000091800000000000001457469941176098293666996141837444156
1154,0.000091800000000000001457469941176098293666996141837444156
1155,0.000091599999999999999666575305895532821409688040148466825
1156,0.000091500000000000005388572888679471484252303525863680989
1157,0.000091399999999999997875680670614967349152379938459489495
1158,0.000091299999999999990362788452550463214052456351055298001
1159,0.000091200000000000009319675836182844674837610909889917821
1160,0.000091200000000000009319675836182844674837610909889917821
1161,0.000091200000000000009319675836182844674837610909889917821
1162,0.000091200000000000009319675836182844674837610909889917821
1163,0.000091200000000000009319675836182844674837610909889917821
1164,0.000090999999999999994293891400053836404637763735081534833
1165,0.000090999999999999994293891400053836404637763735081534833
1166,0.000090999999999999994293891400053836404637763735081534833
1167,0.000090999999999999994293891400053836404637763735081534833
1168,0.000090900000000000000015888982837775067480379220796748996
1169,0.000090699999999999998224994347557209595223071119107771665
1170,0.000090400000000000002156097295060582785808378503134008497
1171,0.000090300000000000007878094877844521448650993988849222660
1172,0.000090300000000000007878094877844521448650993988849222660
1173,0.000090100000000000006087200242563955976393685887160245329
1174,0.000090100000000000006087200242563955976393685887160245329
1175,0.000089999999999999998574308024499451841293762299756053835
1176,0.000089599999999999994992518753938320896779146096378099173
1177,0.000089599999999999994992518753938320896779146096378099173
1178,0.000089599999999999994992518753938320896779146096378099173
1179,0.000089599999999999994992518753938320896779146096378099173
1180,0.000089500000000000000714516336722259559621761582093313336
1181,0.000089299999999999998923621701441694087364453480404336005
1182,0.000088999999999999989619834848096624480007221791311167181
1183,0.000088900000000000008576722231729005940792376350145787001
1184,0.000088900000000000008576722231729005940792376350145787001
1185,0.000088800000000000001063830013664501805692452762741595507
1186,0.000088800000000000001063830013664501805692452762741595507
1187,0.000088800000000000001063830013664501805692452762741595507
1188,0.000088699999999999993550937795599997670592529175337404013
1189,0.000088399999999999997482040743103370861177836559363640845
1190,0.000088399999999999997482040743103370861177836559363640845
1191,0.000088399999999999997482040743103370861177836559363640845
1192,0.000088399999999999997482040743103370861177836559363640845
1193,0.000088399999999999997482040743103370861177836559363640845
1194,0.000088399999999999997482040743103370861177836559363640845
1195,0.000088399999999999997482040743103370861177836559363640845
1196,0.000088300000000000003204038325887309524020452045078855008
1197,0.000088300000000000003204038325887309524020452045078855008
1198,0.000088199999999999995691146107822805388920528457674663514
1199,0.000088099999999999988178253889758301253820604870270472020
1200,0.000088099999999999988178253889758301253820604870270472020
1201,0.000087799999999999992109356837261674444405912254296708852
1202,0.000087699999999999997831354420045613107248527740011923015
1203,0.000087699999999999997831354420045613107248527740011923015
1204,0.000087600000000000003553352002829551770091143225727137178
1205,0.000087600000000000003553352002829551770091143225727137178
1206,0.000087299999999999994249565149484482162733911536633968353
1207,0.000087299999999999994249565149484482162733911536633968353
1208,0.000087199999999999999971562732268420825576527022349182516
1209,0.000086900000000000003902665679771794016161834406375419348
1210,0.000086799999999999996389773461707289881061910818971227854
1211,0.000086799999999999996389773461707289881061910818971227854
1212,0.000086500000000000000320876409210663071647218202997464687
1213,0.000086500000000000000320876409210663071647218202997464687
1214,0.000086500000000000000320876409210663071647218202997464687
1215,0.000086500000000000000320876409210663071647218202997464687
1216,0.000086500000000000000320876409210663071647218202997464687
1217,0.000086399999999999992807984191146158936547294615593273193
1218,0.000086399999999999992807984191146158936547294615593273193
1219,0.000086300000000000011764871574778540397332449174427893013
1220,0.000086099999999999996739087138649532127132601999619510025
1221,0.000086099999999999996739087138649532127132601999619510025
1222,0.000085899999999999994948192503368966654875293897930532694
1223,0.000085899999999999994948192503368966654875293897930532694
1224,0.000085599999999999998879295450872339845460601281956769526
1225,0.000085599999999999998879295450872339845460601281956769526
1226,0.000085599999999999998879295450872339845460601281956769526
1227,0.000085400000000000010323290616440217171145832253387197852
1228,0.000085300000000000002810398398375713036045908665983006358
1229,0.000085300000000000002810398398375713036045908665983006358
1230,0.000085199999999999995297506180311208900945985078578814864
1231,0.000084899999999999999228609127814582091531292462605051696
1232,0.000084699999999999997437714492534016619273984360916074365
1233,0.000084699999999999997437714492534016619273984360916074365
1234,0.000084599999999999989924822274469512484174060773511882871
1235,0.000084500000000000008881709658101893944959215332346502692
1236,0.000084299999999999993855925221972885674759368157538119704
1237,0.000084199999999999999577922804756824337601983643253333867
1238,0.000084099999999999992065030586692320202502060055849142373
1239,0.000083999999999999997787028169476258865344675541564356536
1240,0.000083999999999999997787028169476258865344675541564356536
1241,0.000083999999999999997787028169476258865344675541564356536
1242,0.000083999999999999997787028169476258865344675541564356536
1243,0.000083600000000000007440128699763570718772598411305807531
1244,0.000083400000000000005649234064483005246515290309616830200
1245,0.000083199999999999990623449628353996976315443134808447212
1246,0.000083199999999999990623449628353996976315443134808447212
1247,0.000083000000000000002067444793921874302000674106238875538
1248,0.000082899999999999994554552575857370166900750518834684044
1249,0.000082899999999999994554552575857370166900750518834684044
1250,0.000082899999999999994554552575857370166900750518834684044
1251,0.000082899999999999994554552575857370166900750518834684044
1252,0.000082800000000000000276550158641308829743366004549898207
1253,0.000082800000000000000276550158641308829743366004549898207
1254,0.000082800000000000000276550158641308829743366004549898207
1255,0.000082500000000000004207653106144682020328673388576135039
1256,0.000082500000000000004207653106144682020328673388576135039
1257,0.000082399999999999996694760888080177885228749801171943545
1258,0.000082399999999999996694760888080177885228749801171943545
1259,0.000082399999999999996694760888080177885228749801171943545
1260,0.000082200000000000008138756053648055210913980772602371871
1261,0.000082200000000000008138756053648055210913980772602371871
1262,0.000082100000000000000625863835583551075814057185198180377
1263,0.000082100000000000000625863835583551075814057185198180377
1264,0.000081999999999999993112971617519046940714133597793988883
1265,0.000081699999999999997044074565022420131299440981820225716
1266,0.000081699999999999997044074565022420131299440981820225716
1267,0.000081699999999999997044074565022420131299440981820225716
1268,0.000081400000000000000975177512525793321884748365846462548
1269,0.000081099999999999991671390659180723714527516676753293723
1270,0.000081099999999999991671390659180723714527516676753293723
1271,0.000081099999999999991671390659180723714527516676753293723
1272,0.000081099999999999991671390659180723714527516676753293723
1273,0.000080799999999999995602493606684096905112824060779530555
1274,0.000080799999999999995602493606684096905112824060779530555
1275,0.000080799999999999995602493606684096905112824060779530555
1276,0.000080599999999999993811598971403531432855515959090553224
1277,0.000080599999999999993811598971403531432855515959090553224
1278,0.000080599999999999993811598971403531432855515959090553224
1279,0.000080599999999999993811598971403531432855515959090553224
1280,0.000080599999999999993811598971403531432855515959090553224
1281,0.000080400000000000005255594136971408758540746930520981550
1282,0.000080200000000000003464699501690843286283438828832004219
1283,0.000080099999999999995951807283626339151183515241427812725
1284,0.000080099999999999995951807283626339151183515241427812725
1285,0.000080000000000000001673804866410277814026130727143026888
1286,0.000080000000000000001673804866410277814026130727143026888
1287,0.000080000000000000001673804866410277814026130727143026888
1288,0.000079900000000000007395802449194216476868746212858241051
1289,0.000079600000000000011326905396697589667454053596884477884
1290,0.000079500000000000003814013178633085532354130009480286390
1291,0.000079399999999999996301120960568581397254206422076094896
1292,0.000079199999999999994510226325288015924996898320387117565
1293,0.000079000000000000005954221490855893250682129291817545891
1294,0.000079000000000000005954221490855893250682129291817545891
1295,0.000079000000000000005954221490855893250682129291817545891
1296,0.000078799999999999990928437054726884980482282117009162903
1297,0.000078700000000000009885324438359266441267436675843782723
1298,0.000078700000000000009885324438359266441267436675843782723
1299,0.000078700000000000009885324438359266441267436675843782723
1300,0.000078600000000000002372432220294762306167513088439591229
1301,0.000078600000000000002372432220294762306167513088439591229
1302,0.000078499999999999994859540002230258171067589501035399735
1303,0.000078299999999999993068645366949692698810281399346422404
1304,0.000078299999999999993068645366949692698810281399346422404
1305,0.000078100000000000004512640532517570024495512370776850730
1306,0.000077999999999999996999748314453065889395588783372659236
1307,0.000077999999999999996999748314453065889395588783372659236
1308,0.000077900000000000002721745897237004552238204269087873399
1309,0.000077900000000000002721745897237004552238204269087873399
1310,0.000077700000000000000930851261956439079980896167398896068
1311,0.000077700000000000000930851261956439079980896167398896068
1312,0.000077599999999999993417959043891934944880972579994704574
1313,0.000077499999999999999139956626675873607723588065709918737
1314,0.000077399999999999991627064408611369472623664478305727243
1315,0.000077200000000000003071059574179246798308895449736155570
1316,0.000077099999999999995558167356114742663208971862331964076
1317,0.000076900000000000007002162521682619988894202833762392402
1318,0.000076799999999999999489270303618115853794279246358200908
1319,0.000076799999999999999489270303618115853794279246358200908
1320,0.000076700000000000005211267886402054516636894732073415071
1321,0.000076700000000000005211267886402054516636894732073415071
1322,0.000076700000000000005211267886402054516636894732073415071
1323,0.000076599999999999997698375668337550381536971144669223577
1324,0.000076599999999999997698375668337550381536971144669223577
1325,0.000076599999999999997698375668337550381536971144669223577
1326,0.000076499999999999990185483450273046246437047557265032083
1327,0.000076400000000000009142370833905427707222202116099651903
1328,0.000076199999999999994116586397776419437022354941291268915
1329,0.000076099999999999999838583980560358099864970427006483078
1330,0.000075899999999999998047689345279792627607662325317505747
1331,0.000075800000000000003769686928063731290450277811032719910
1332,0.000075800000000000003769686928063731290450277811032719910
1333,0.000075800000000000003769686928063731290450277811032719910
1334,0.000075800000000000003769686928063731290450277811032719910
1335,0.000075800000000000003769686928063731290450277811032719910
1336,0.000075699999999999996256794709999227155350354223628528416
1337,0.000075600000000000001978792292783165818192969709343742579
1338,0.000075600000000000001978792292783165818192969709343742579
1339,0.000075500000000000007700789875567104481035585195058956742
1340,0.000075500000000000007700789875567104481035585195058956742
1341,0.000075199999999999998397003022222034873678353505965787917
1342,0.000075100000000000004119000605005973536520968991681002080
1343,0.000074900000000000002328105969725408064263660889992024750
1344,0.000074900000000000002328105969725408064263660889992024750
1345,0.000074799999999999994815213751660903929163737302587833256
1346,0.000074799999999999994815213751660903929163737302587833256
1347,0.000074799999999999994815213751660903929163737302587833256
1348,0.000074799999999999994815213751660903929163737302587833256
1349,0.000074700000000000000537211334444842592006352788303047419
1350,0.000074700000000000000537211334444842592006352788303047419
1351,0.000074700000000000000537211334444842592006352788303047419
1352,0.000074700000000000000537211334444842592006352788303047419
1353,0.000074700000000000000537211334444842592006352788303047419
1354,0.000074700000000000000537211334444842592006352788303047419
1355,0.000074499999999999998746316699164277119749044686614070088
1356,0.000074499999999999998746316699164277119749044686614070088
1357,0.000074399999999999991233424481099772984649121099209878594
1358,0.000074399999999999991233424481099772984649121099209878594
1359,0.000074399999999999991233424481099772984649121099209878594
1360,0.000074399999999999991233424481099772984649121099209878594
1361,0.000074099999999999995164527428603146175234428483236115426
1362,0.000073899999999999993373632793322580702977120381547138095
1363,0.000073899999999999993373632793322580702977120381547138095
1364,0.000073799999999999999095630376106519365819735867262352258
1365,0.000073700000000000004817627958890458028662351352977566421
1366,0.000073599999999999997304735740825953893562427765573374927
1367,0.000073599999999999997304735740825953893562427765573374927
1368,0.000073500000000000003026733323609892556405043251288589090
1369,0.000073500000000000003026733323609892556405043251288589090
1370,0.000073399999999999995513841105545388421305119663884397596
1371,0.000073200000000000006957836271113265746990350635314825922
1372,0.000073200000000000006957836271113265746990350635314825922
1373,0.000073099999999999999444944053048761611890427047910634428
1374,0.000073099999999999999444944053048761611890427047910634428
1375,0.000072999999999999991932051834984257476790503460506442934
1376,0.000072800000000000003376047000552134802475734431936871260
1377,0.000072600000000000001585152365271569330218426330247893929
1378,0.000072600000000000001585152365271569330218426330247893929
1379,0.000072600000000000001585152365271569330218426330247893929
1380,0.000072600000000000001585152365271569330218426330247893929
1381,0.000072499999999999994072260147207065195118502742843702435
1382,0.000072499999999999994072260147207065195118502742843702435
1383,0.000072300000000000005516255312774942520803733714274130762
1384,0.000072300000000000005516255312774942520803733714274130762
1385,0.000072300000000000005516255312774942520803733714274130762
1386,0.000072199999999999998003363094710438385703810126869939268
1387,0.000072099999999999990490470876645934250603886539465747774
1388,0.000072000000000000009447358260278315711389041098300367594
1389,0.000071900000000000001934466042213811576289117510896176100
1390,0.000071900000000000001934466042213811576289117510896176100
1391,0.000071900000000000001934466042213811576289117510896176100
1392,0.000071799999999999994421573824149307441189193923491984606
1393,0.000071700000000000000143571406933246104031809409207198769
1394,0.000071599999999999992630679188868741968931885821803007275
1395,0.000071599999999999992630679188868741968931885821803007275
1396,0.000071499999999999998352676771652680631774501307518221438
1397,0.000071400000000000004074674354436619294617116793233435601
1398,0.000071400000000000004074674354436619294617116793233435601
1399,0.000071200000000000002283779719156053822359808691544458270
1400,0.000071100000000000008005777301939992485202424177259672433
1401,0.000071000000000000000492885083875488350102500589855480939
1402,0.000071000000000000000492885083875488350102500589855480939
1403,0.000070899999999999992979992865810984215002577002451289445
1404,0.000070799999999999998701990448594922877845192488166503608
1405,0.000070599999999999996911095813314357405587884386477526277
1406,0.000070500000000000002633093396098296068430499872192740440
1407,0.000070500000000000002633093396098296068430499872192740440
1408,0.000070500000000000002633093396098296068430499872192740440
1409,0.000070300000000000000842198760817730596173191770503763109
1410,0.000070200000000000006564196343601669259015807256218977273
1411,0.000070099999999999999051304125537165123915883668814785779
1412,0.000070099999999999999051304125537165123915883668814785779
1413,0.000070099999999999999051304125537165123915883668814785779
1414,0.000070000000000000004773301708321103786758499154529999942
1415,0.000069700000000000008704404655824476977343806538556236774
1416,0.000069600000000000001191512437759972842243882951152045280
1417,0.000069600000000000001191512437759972842243882951152045280
1418,0.000069499999999999993678620219695468707143959363747853786
1419,0.000069399999999999999400617802479407369986574849463067949
1420,0.000069399999999999999400617802479407369986574849463067949
1421,0.000069399999999999999400617802479407369986574849463067949
1422,0.000069300000000000005122615385263346032829190335178282112
1423,0.000069300000000000005122615385263346032829190335178282112
1424,0.000069100000000000003331720749982780560571882233489304781
1425,0.000068999999999999995818828531918276425471958646085113287
1426,0.000068999999999999995818828531918276425471958646085113287
1427,0.000068900000000000001540826114702215088314574131800327450
1428,0.000068900000000000001540826114702215088314574131800327450
1429,0.000068800000000000007262823697486153751157189617515541613
1430,0.000068699999999999999749931479421649616057266030111350119
1431,0.000068599999999999992237039261357145480957342442707158625
1432,0.000068499999999999997959036844141084143799957928422372788
1433,0.000068499999999999997959036844141084143799957928422372788
1434,0.000068400000000000003681034426925022806642573414137586951
1435,0.000068299999999999996168142208860518671542649826733395457
1436,0.000068299999999999996168142208860518671542649826733395457
1437,0.000068200000000000001890139791644457334385265312448609620
1438,0.000068099999999999994377247573579953199285341725044418126
1439,0.000067900000000000005821242739147830524970572696474846452
1440,0.000067799999999999998308350521083326389870649109070654958
1441,0.000067700000000000004030348103867265052713264594785869122
1442,0.000067700000000000004030348103867265052713264594785869122
1443,0.000067399999999999994726561250522195445356032905692700297
1444,0.000067399999999999994726561250522195445356032905692700297
1445,0.000067399999999999994726561250522195445356032905692700297
1446,0.000067399999999999994726561250522195445356032905692700297
1447,0.000067300000000000000448558833306134108198648391407914460
1448,0.000067300000000000000448558833306134108198648391407914460
1449,0.000067199999999999992935666615241629973098724804003722966
1450,0.000066899999999999996866769562745003163684032188029959798
1451,0.000066899999999999996866769562745003163684032188029959798
1452,0.000066800000000000002588767145528941826526647673745173961
1453,0.000066800000000000002588767145528941826526647673745173961
1454,0.000066699999999999995075874927464437691426724086340982467
1455,0.000066600000000000000797872510248376354269339572056196630
1456,0.000066500000000000006519870093032315017111955057771410793
1457,0.000066500000000000006519870093032315017111955057771410793
1458,0.000066500000000000006519870093032315017111955057771410793
1459,0.000066399999999999999006977874967810882012031470367219299
1460,0.000066399999999999999006977874967810882012031470367219299
1461,0.000066299999999999991494085656903306746912107882963027805
1462,0.000066299999999999991494085656903306746912107882963027805
1463,0.000066200000000000010450973040535688207697262441797647625
1464,0.000066200000000000010450973040535688207697262441797647625
1465,0.000066200000000000010450973040535688207697262441797647625
1466,0.000065999999999999995425188604406679937497415266989264637
1467,0.000065999999999999995425188604406679937497415266989264637
1468,0.000065799999999999993634293969126114465240107165300287306
1469,0.000065699999999999999356291551910053128082722651015501469
1470,0.000065399999999999990052504698564983520725490961922332644
1471,0.000065399999999999990052504698564983520725490961922332644
1472,0.000065399999999999990052504698564983520725490961922332644
1473,0.000065399999999999990052504698564983520725490961922332644
1474,0.000065300000000000009009392082197364981510645520756952465
1475,0.000065200000000000001496499864132860846410721933352760971
1476,0.000065099999999999993983607646068356711310798345948569477
1477,0.000064999999999999999705605228852295374153413831663783640
1478,0.000064999999999999999705605228852295374153413831663783640
1479,0.000064999999999999999705605228852295374153413831663783640
1480,0.000064999999999999999705605228852295374153413831663783640
1481,0.000064899999999999992192713010787791239053490244259592146
1482,0.000064899999999999992192713010787791239053490244259592146
1483,0.000064899999999999992192713010787791239053490244259592146
1484,0.000064899999999999992192713010787791239053490244259592146
1485,0.000064700000000000003636708176355668564738721215690020472
1486,0.000064599999999999996123815958291164429638797628285828978
1487,0.000064599999999999996123815958291164429638797628285828978
1488,0.000064599999999999996123815958291164429638797628285828978
1489,0.000064599999999999996123815958291164429638797628285828978
1490,0.000064599999999999996123815958291164429638797628285828978
1491,0.000064500000000000001845813541075103092481413114001043141
1492,0.000064500000000000001845813541075103092481413114001043141
1493,0.000064500000000000001845813541075103092481413114001043141
1494,0.000064500000000000001845813541075103092481413114001043141
1495,0.000064400000000000007567811123859041755324028599716257304
1496,0.000064400000000000007567811123859041755324028599716257304
1497,0.000064200000000000005776916488578476283066720498027279973
1498,0.000064200000000000005776916488578476283066720498027279973
1499,0.000064000000000000003986021853297910810809412396338302642
1500,0.000064000000000000003986021853297910810809412396338302642
1501,0.000064000000000000003986021853297910810809412396338302642
1502,0.000063899999999999996473129635233406675709488808934111148
1503,0.000063899999999999996473129635233406675709488808934111148
1504,0.000063899999999999996473129635233406675709488808934111148
1505,0.000063800000000000002195127218017345338552104294649325311
1506,0.000063800000000000002195127218017345338552104294649325311
1507,0.000063600000000000000404232582736779866294796192960347980
1508,0.000063300000000000004335335530240153056880103576986584812
1509,0.000063300000000000004335335530240153056880103576986584812
1510,0.000063300000000000004335335530240153056880103576986584812
1511,0.000063300000000000004335335530240153056880103576986584812
1512,0.000063300000000000004335335530240153056880103576986584812
1513,0.000063199999999999996822443312175648921780179989582393318
1514,0.000063100000000000002544440894959587584622795475297607481
1515,0.000063000000000000008266438477743526247465410961012821645
1516,0.000062799999999999993240654041614517977265563786204438657
1517,0.000062699999999999998962651624398456640108179271919652820
1518,0.000062600000000000004684649207182395302950794757634866983
1519,0.000062499999999999997171756989117891167850871170230675489
1520,0.000062299999999999995380862353837325695593563068541698158
1521,0.000062200000000000001102859936621264358436178554256912321
1522,0.000062100000000000006824857519405203021278794039972126484
1523,0.000062100000000000006824857519405203021278794039972126484
1524,0.000061899999999999991799073083276194751078946865163743496
1525,0.000061799999999999997521070666060133413921562350878957659
1526,0.000061799999999999997521070666060133413921562350878957659
1527,0.000061700000000000003243068248844072076764177836594171822
1528,0.000061700000000000003243068248844072076764177836594171822
1529,0.000061700000000000003243068248844072076764177836594171822
1530,0.000061700000000000003243068248844072076764177836594171822
1531,0.000061700000000000003243068248844072076764177836594171822
1532,0.000061700000000000003243068248844072076764177836594171822
1533,0.000061599999999999995730176030779567941664254249189980328
1534,0.000061599999999999995730176030779567941664254249189980328
1535,0.000061599999999999995730176030779567941664254249189980328
1536,0.000061599999999999995730176030779567941664254249189980328
1537,0.000061500000000000001452173613563506604506869734905194491
1538,0.000061399999999999993939281395499002469406946147501002997
1539,0.000061399999999999993939281395499002469406946147501002997
1540,0.000061399999999999993939281395499002469406946147501002997
1541,0.000061299999999999999661278978282941132249561633216217160
1542,0.000061299999999999999661278978282941132249561633216217160
1543,0.000061299999999999999661278978282941132249561633216217160
1544,0.000061200000000000005383276561066879795092177118931431323
1545,0.000061000000000000003592381925786314322834869017242453992
1546,0.000061000000000000003592381925786314322834869017242453992
1547,0.000060899999999999996079489707721810187734945429838262498
1548,0.000060899999999999996079489707721810187734945429838262498
1549,0.000060899999999999996079489707721810187734945429838262498
1550,0.000060800000000000001801487290505748850577560915553476661
1551,0.000060700000000000007523484873289687513420176401268690825
1552,0.000060700000000000007523484873289687513420176401268690825
1553,0.000060499999999999992497700437160679243220329226460307837
1554,0.000060499999999999992497700437160679243220329226460307837
1555,0.000060300000000000003941695602728556568905560197890736163
1556,0.000060199999999999996428803384664052433805636610486544669
1557,0.000060199999999999996428803384664052433805636610486544669
1558,0.000060100000000000002150800967447991096648252096201758832
1559,0.000060100000000000002150800967447991096648252096201758832
1560,0.000059999999999999994637908749383486961548328508797567338
1561,0.000059999999999999994637908749383486961548328508797567338
1562,0.000059999999999999994637908749383486961548328508797567338
1563,0.000059999999999999994637908749383486961548328508797567338
1564,0.000059999999999999994637908749383486961548328508797567338
1565,0.000059999999999999994637908749383486961548328508797567338
1566,0.000059800000000000006081903914951364287233559480227995664
1567,0.000059800000000000006081903914951364287233559480227995664
1568,0.000059699999999999998569011696886860152133635892823804170
1569,0.000059699999999999998569011696886860152133635892823804170
1570,0.000059699999999999998569011696886860152133635892823804170
1571,0.000059699999999999998569011696886860152133635892823804170
1572,0.000059599999999999997673564379246577416004981841979315504
1573,0.000059599999999999997673564379246577416004981841979315504
1574,0.000059500000000000003395561962030516078847597327694529667
1575,0.000059400000000000002500114644390233342718943276850041002
1576,0.000059400000000000002500114644390233342718943276850041002
1577,0.000059400000000000002500114644390233342718943276850041002
1578,0.000059300000000000001604667326749950606590289226005552337
1579,0.000059300000000000001604667326749950606590289226005552337
1580,0.000059300000000000001604667326749950606590289226005552337
1581,0.000059199999999999994091775108685446471490365638601360843
1582,0.000059100000000000006431217591893606533304250660876277834
1583,0.000059100000000000006431217591893606533304250660876277834
1584,0.000059000000000000005535770274253323797175596610031789169
1585,0.000059000000000000005535770274253323797175596610031789169
1586,0.000058899999999999998022878056188819662075673022627597675
1587,0.000058799999999999997127430738548536925947018971783109009
1588,0.000058799999999999997127430738548536925947018971783109009
1589,0.000058699999999999996231983420908254189818364920938620344
1590,0.000058699999999999996231983420908254189818364920938620344
1591,0.000058699999999999996231983420908254189818364920938620344
1592,0.000058600000000000001953981003692192852660980406653834507
1593,0.000058500000000000001058533686051910116532326355809345841
1594,0.000058400000000000000163086368411627380403672304964857176
1595,0.000058299999999999999267639050771344644275018254120368510
1596,0.000058100000000000004094189315915000570988979688991094008
1597,0.000058000000000000003198741998274717834860325638146605343
1598,0.000057899999999999995685849780210213699760402050742413849
1599,0.000057899999999999995685849780210213699760402050742413849
1600,0.000057899999999999995685849780210213699760402050742413849
1601,0.000057799999999999994790402462569930963631747999897925183
1602,0.000057799999999999994790402462569930963631747999897925183
1603,0.000057799999999999994790402462569930963631747999897925183
1604,0.000057700000000000007129844945778091025445633022172842175
1605,0.000057599999999999999616952727713586890345709434768650681
1606,0.000057499999999999998721505410073304154217055383924162015
1607,0.000057399999999999997826058092433021418088401333079673350
1608,0.000057399999999999997826058092433021418088401333079673350
1609,0.000057399999999999997826058092433021418088401333079673350
1610,0.000057300000000000003548055675216960080931016818794887513
1611,0.000057300000000000003548055675216960080931016818794887513
1612,0.000057300000000000003548055675216960080931016818794887513
1613,0.000057300000000000003548055675216960080931016818794887513
1614,0.000057200000000000002652608357576677344802362767950398847
1615,0.000057100000000000001757161039936394608673708717105910182
1616,0.000057100000000000001757161039936394608673708717105910182
1617,0.000057100000000000001757161039936394608673708717105910182
1618,0.000056800000000000005688263987439767799259016101132147014
1619,0.000056699999999999998175371769375263664159092513727955520
1620,0.000056599999999999997279924451734980928030438462883466855
1621,0.000056599999999999997279924451734980928030438462883466855
1622,0.000056499999999999996384477134094698191901784412038978189
1623,0.000056400000000000002106474716878636854744399897754192352
1624,0.000056400000000000002106474716878636854744399897754192352
1625,0.000056200000000000000315580081598071382487091796065215021
1626,0.000056099999999999999420132763957788646358437745220726356
1627,0.000056099999999999999420132763957788646358437745220726356
1628,0.000056099999999999999420132763957788646358437745220726356
1629,0.000056099999999999999420132763957788646358437745220726356
1630,0.000056099999999999999420132763957788646358437745220726356
1631,0.000055999999999999991907240545893284511258514157816534862
1632,0.000055999999999999991907240545893284511258514157816534862
1633,0.000055999999999999991907240545893284511258514157816534862
1634,0.000055999999999999991907240545893284511258514157816534862
1635,0.000055800000000000003351235711461161836943745129246963188
1636,0.000055800000000000003351235711461161836943745129246963188
1637,0.000055699999999999995838343493396657701843821541842771694
1638,0.000055500000000000007282338658964535027529052513273200020
1639,0.000055500000000000007282338658964535027529052513273200020
1640,0.000055399999999999999769446440900030892429128925869008526
1641,0.000055299999999999998873999123259748156300474875024519861
1642,0.000055299999999999998873999123259748156300474875024519861
1643,0.000055299999999999998873999123259748156300474875024519861
1644,0.000055299999999999998873999123259748156300474875024519861
1645,0.000055299999999999998873999123259748156300474875024519861
1646,0.000055299999999999998873999123259748156300474875024519861
1647,0.000055199999999999997978551805619465420171820824180031195
1648,0.000055199999999999997978551805619465420171820824180031195
1649,0.000055199999999999997978551805619465420171820824180031195
1650,0.000055099999999999997083104487979182684043166773335542530
1651,0.000055099999999999997083104487979182684043166773335542530
1652,0.000054900000000000001909654753122838610757128208206268027
1653,0.000054800000000000001014207435482555874628474157361779362
1654,0.000054600000000000005840757700626211801342435592232504860
1655,0.000054399999999999997432418164921424930113857953983824700
1656,0.000054399999999999997432418164921424930113857953983824700
1657,0.000054199999999999995641523529640859457856549852294847369
1658,0.000054199999999999995641523529640859457856549852294847369
1659,0.000054199999999999995641523529640859457856549852294847369
1660,0.000054100000000000001363521112424798120699165338010061532
1661,0.000054000000000000000468073794784515384570511287165572867
1662,0.000054000000000000000468073794784515384570511287165572867
1663,0.000054000000000000000468073794784515384570511287165572867
1664,0.000053899999999999999572626477144232648441857236321084201
1665,0.000053899999999999999572626477144232648441857236321084201
1666,0.000053899999999999999572626477144232648441857236321084201
1667,0.000053899999999999999572626477144232648441857236321084201
1668,0.000053700000000000004399176742287888575155818671191809699
1669,0.000053600000000000003503729424647605839027164620347321033
1670,0.000053600000000000003503729424647605839027164620347321033
1671,0.000053600000000000003503729424647605839027164620347321033
1672,0.000053600000000000003503729424647605839027164620347321033
1673,0.000053500000000000002608282107007323102898510569502832368
1674,0.000053399999999999995095389888942818967798586982098640874
1675,0.000053399999999999995095389888942818967798586982098640874
1676,0.000053399999999999995095389888942818967798586982098640874
1677,0.000053399999999999995095389888942818967798586982098640874
1678,0.000053399999999999995095389888942818967798586982098640874
1679,0.000053399999999999995095389888942818967798586982098640874
1680,0.000053199999999999999921940154086474894512548416969366372
1681,0.000053199999999999999921940154086474894512548416969366372
1682,0.000053099999999999999026492836446192158383894366124877706
1683,0.000052999999999999998131045518805909422255240315280389041
1684,0.000052999999999999998131045518805909422255240315280389041
1685,0.000052899999999999997235598201165626686126586264435900375
1686,0.000052899999999999997235598201165626686126586264435900375
1687,0.000052800000000000002957595783949565348969201750151114538
1688,0.000052700000000000002062148466309282612840547699306625873
1689,0.000052700000000000002062148466309282612840547699306625873
1690,0.000052700000000000002062148466309282612840547699306625873
1691,0.000052700000000000002062148466309282612840547699306625873
1692,0.000052700000000000002062148466309282612840547699306625873
1693,0.000052400000000000005993251413812655803425855083332862705
1694,0.000052300000000000005097804096172373067297201032488374040
1695,0.000052199999999999997584911878107868932197277445084182546
1696,0.000052199999999999997584911878107868932197277445084182546
1697,0.000052199999999999997584911878107868932197277445084182546
1698,0.000052099999999999996689464560467586196068623394239693880
1699,0.000051999999999999995794017242827303459939969343395205215
1700,0.000051999999999999995794017242827303459939969343395205215
1701,0.000051999999999999995794017242827303459939969343395205215
1702,0.000051999999999999995794017242827303459939969343395205215
1703,0.000051999999999999995794017242827303459939969343395205215
1704,0.000051900000000000001516014825611242122782584829110419378
1705,0.000051900000000000001516014825611242122782584829110419378
1706,0.000051800000000000000620567507970959386653930778265930712
1707,0.000051800000000000000620567507970959386653930778265930712
1708,0.000051800000000000000620567507970959386653930778265930712
1709,0.000051800000000000000620567507970959386653930778265930712
1710,0.000051800000000000000620567507970959386653930778265930712
1711,0.000051800000000000000620567507970959386653930778265930712
1712,0.000051800000000000000620567507970959386653930778265930712
1713,0.000051800000000000000620567507970959386653930778265930712
1714,0.000051599999999999998829672872690393914396622676576953381
1715,0.000051599999999999998829672872690393914396622676576953381
1716,0.000051599999999999998829672872690393914396622676576953381
1717,0.000051599999999999998829672872690393914396622676576953381
1718,0.000051500000000000004551670455474332577239238162292167544
1719,0.000051400000000000003656223137834049841110584111447678879
1720,0.000051400000000000003656223137834049841110584111447678879
1721,0.000051400000000000003656223137834049841110584111447678879
1722,0.000051400000000000003656223137834049841110584111447678879
1723,0.000051300000000000002760775820193767104981930060603190213
1724,0.000051300000000000002760775820193767104981930060603190213
1725,0.000051300000000000002760775820193767104981930060603190213
1726,0.000051199999999999995247883602129262969882006473198998719
1727,0.000051199999999999995247883602129262969882006473198998719
1728,0.000051199999999999995247883602129262969882006473198998719
1729,0.000051199999999999995247883602129262969882006473198998719
1730,0.000051199999999999995247883602129262969882006473198998719
1731,0.000051199999999999995247883602129262969882006473198998719
1732,0.000051199999999999995247883602129262969882006473198998719
1733,0.000051199999999999995247883602129262969882006473198998719
1734,0.000051199999999999995247883602129262969882006473198998719
1735,0.000051000000000000006691878767697140295567237444629427046
1736,0.000051000000000000006691878767697140295567237444629427046
1737,0.000050899999999999999178986549632636160467313857225235552
1738,0.000050899999999999999178986549632636160467313857225235552
1739,0.000050799999999999998283539231992353424338659806380746886
1740,0.000050799999999999998283539231992353424338659806380746886
1741,0.000050799999999999998283539231992353424338659806380746886
1742,0.000050799999999999998283539231992353424338659806380746886
1743,0.000050699999999999997388091914352070688210005755536258221
1744,0.000050699999999999997388091914352070688210005755536258221
1745,0.000050699999999999997388091914352070688210005755536258221
1746,0.000050699999999999997388091914352070688210005755536258221
1747,0.000050699999999999997388091914352070688210005755536258221
1748,0.000050400000000000001319194861855443878795313139562495053
1749,0.000050300000000000000423747544215161142666659088718006387
1750,0.000050100000000000005250297809358817069380620523588731885
1751,0.000050100000000000005250297809358817069380620523588731885
1752,0.000049999999999999997737405591294312934280696936184540391
1753,0.000049999999999999997737405591294312934280696936184540391
1754,0.000049999999999999997737405591294312934280696936184540391
1755,0.000049899999999999996841958273654030198152042885340051726
1756,0.000049799999999999995946510956013747462023388834495563060
1757,0.000049799999999999995946510956013747462023388834495563060
1758,0.000049700000000000001668508538797686124866004320210777223
1759,0.000049700000000000001668508538797686124866004320210777223
1760,0.000049700000000000001668508538797686124866004320210777223
1761,0.000049600000000000000773061221157403388737350269366288558
1762,0.000049499999999999999877613903517120652608696218521799892
1763,0.000049499999999999999877613903517120652608696218521799892
1764,0.000049499999999999999877613903517120652608696218521799892
1765,0.000049399999999999998982166585876837916480042167677311227
1766,0.000049299999999999998086719268236555180351388116832822561
1767,0.000049299999999999998086719268236555180351388116832822561
1768,0.000049200000000000003808716851020493843194003602548036724
1769,0.000049200000000000003808716851020493843194003602548036724
1770,0.000049100000000000002913269533380211107065349551703548059
1771,0.000049100000000000002913269533380211107065349551703548059
1772,0.000049100000000000002913269533380211107065349551703548059
1773,0.000048899999999999994504929997675424235836771913454867899
1774,0.000048800000000000000226927580459362898679387399170082062
1775,0.000048800000000000000226927580459362898679387399170082062
1776,0.000048800000000000000226927580459362898679387399170082062
1777,0.000048699999999999999331480262819080162550733348325593397
1778,0.000048699999999999999331480262819080162550733348325593397
1779,0.000048699999999999999331480262819080162550733348325593397
1780,0.000048699999999999999331480262819080162550733348325593397
1781,0.000048699999999999999331480262819080162550733348325593397
1782,0.000048699999999999999331480262819080162550733348325593397
1783,0.000048699999999999999331480262819080162550733348325593397
1784,0.000048599999999999998436032945178797426422079297481104732
1785,0.000048599999999999998436032945178797426422079297481104732
1786,0.000048599999999999998436032945178797426422079297481104732
1787,0.000048400000000000003262583210322453353136040732351830229
1788,0.000048299999999999995749690992257949218036117144947638735
1789,0.000048200000000000001471688575041887880878732630662852898
1790,0.000048200000000000001471688575041887880878732630662852898
1791,0.000048200000000000001471688575041887880878732630662852898
1792,0.000048100000000000000576241257401605144750078579818364233
1793,0.000048100000000000000576241257401605144750078579818364233
1794,0.000048100000000000000576241257401605144750078579818364233
1795,0.000048100000000000000576241257401605144750078579818364233
1796,0.000048100000000000000576241257401605144750078579818364233
1797,0.000047999999999999999680793939761322408621424528973875567
1798,0.000047999999999999999680793939761322408621424528973875567
1799,0.000047999999999999999680793939761322408621424528973875567
1800,0.000047699999999999996994451986840474200235462376440409571
1801,0.000047699999999999996994451986840474200235462376440409571
1802,0.000047600000000000002716449569624412863078077862155623734
1803,0.000047500000000000001821002251984130126949423811311135069
1804,0.000047500000000000001821002251984130126949423811311135069
1805,0.000047500000000000001821002251984130126949423811311135069
1806,0.000047399999999999994308110033919625991849500223906943575
1807,0.000047399999999999994308110033919625991849500223906943575
1808,0.000047300000000000000030107616703564654692115709622157738
1809,0.000047099999999999998239212981422999182434807607933180407
1810,0.000047099999999999998239212981422999182434807607933180407
1811,0.000046999999999999997343765663782716446306153557088691741
1812,0.000046800000000000002170315928926372373020114991959417239
1813,0.000046800000000000002170315928926372373020114991959417239
1814,0.000046700000000000001274868611286089636891460941114928573
1815,0.000046700000000000001274868611286089636891460941114928573
1816,0.000046700000000000001274868611286089636891460941114928573
1817,0.000046700000000000001274868611286089636891460941114928573
1818,0.000046700000000000001274868611286089636891460941114928573
1819,0.000046700000000000001274868611286089636891460941114928573
1820,0.000046700000000000001274868611286089636891460941114928573
1821,0.000046600000000000000379421293645806900762806890270439908
1822,0.000046600000000000000379421293645806900762806890270439908
1823,0.000046499999999999999483973976005524164634152839425951242
1824,0.000046499999999999999483973976005524164634152839425951242
1825,0.000046499999999999999483973976005524164634152839425951242
1826,0.000046399999999999998588526658365241428505498788581462577
1827,0.000046399999999999998588526658365241428505498788581462577
1828,0.000046399999999999998588526658365241428505498788581462577
1829,0.000046399999999999998588526658365241428505498788581462577
1830,0.000046399999999999998588526658365241428505498788581462577
1831,0.000046399999999999998588526658365241428505498788581462577
1832,0.000046399999999999998588526658365241428505498788581462577
1833,0.000046399999999999998588526658365241428505498788581462577
1834,0.000046200000000000003415076923508897355219460223452188075
1835,0.000046200000000000003415076923508897355219460223452188075
1836,0.000046000000000000001624182288228331882962152121763210744
1837,0.000045900000000000000728734970588049146833498070918722078
1838,0.000045799999999999999833287652947766410704844020074233413
1839,0.000045699999999999998937840335307483674576189969229744747
1840,0.000045600000000000004659837918091422337418805454944958910
1841,0.000045600000000000004659837918091422337418805454944958910
1842,0.000045600000000000004659837918091422337418805454944958910
1843,0.000045600000000000004659837918091422337418805454944958910
1844,0.000045600000000000004659837918091422337418805454944958910
1845,0.000045499999999999997146945700026918202318881867540767416
1846,0.000045399999999999996251498382386635466190227816696278751
1847,0.000045200000000000001078048647530291392904189251567004248
1848,0.000045200000000000001078048647530291392904189251567004248
1849,0.000045200000000000001078048647530291392904189251567004248
1850,0.000045100000000000000182601329890008656775535200722515583
1851,0.000045100000000000000182601329890008656775535200722515583
1852,0.000044900000000000005009151595033664583489496635593241081
1853,0.000044700000000000003218256959753099111232188533904263750
1854,0.000044700000000000003218256959753099111232188533904263750
1855,0.000044600000000000002322809642112816375103534483059775084
1856,0.000044600000000000002322809642112816375103534483059775084
1857,0.000044299999999999999636467689191968166717572330526309088
1858,0.000044299999999999999636467689191968166717572330526309088
1859,0.000044299999999999999636467689191968166717572330526309088
1860,0.000044299999999999999636467689191968166717572330526309088
1861,0.000044299999999999999636467689191968166717572330526309088
1862,0.000044299999999999999636467689191968166717572330526309088
1863,0.000044199999999999998741020371551685430588918279681820422
1864,0.000044199999999999998741020371551685430588918279681820422
1865,0.000044099999999999997845573053911402694460264228837331757
1866,0.000044099999999999997845573053911402694460264228837331757
1867,0.000044000000000000003567570636695341357302879714552545920
1868,0.000043800000000000001776676001414775885045571612863568589
1869,0.000043800000000000001776676001414775885045571612863568589
1870,0.000043800000000000001776676001414775885045571612863568589
1871,0.000043700000000000000881228683774493148916917562019079924
1872,0.000043599999999999999985781366134210412788263511174591258
1873,0.000043499999999999999090334048493927676659609460330102593
1874,0.000043300000000000003916884313637583603373570895200828090
1875,0.000043300000000000003916884313637583603373570895200828090
1876,0.000043100000000000002125989678357018131116262793511850759
1877,0.000043100000000000002125989678357018131116262793511850759
1878,0.000043100000000000002125989678357018131116262793511850759
1879,0.000043100000000000002125989678357018131116262793511850759
1880,0.000043100000000000002125989678357018131116262793511850759
1881,0.000043100000000000002125989678357018131116262793511850759
1882,0.000043100000000000002125989678357018131116262793511850759
1883,0.000043100000000000002125989678357018131116262793511850759
1884,0.000042799999999999999439647725436169922730300640978384763
1885,0.000042700000000000005161645308220108585572916126693598926
1886,0.000042700000000000005161645308220108585572916126693598926
1887,0.000042700000000000005161645308220108585572916126693598926
1888,0.000042700000000000005161645308220108585572916126693598926
1889,0.000042599999999999997648753090155604450472992539289407432
1890,0.000042599999999999997648753090155604450472992539289407432
1891,0.000042599999999999997648753090155604450472992539289407432
1892,0.000042599999999999997648753090155604450472992539289407432
1893,0.000042599999999999997648753090155604450472992539289407432
1894,0.000042599999999999997648753090155604450472992539289407432
1895,0.000042499999999999996753305772515321714344338488444918767
1896,0.000042499999999999996753305772515321714344338488444918767
1897,0.000042499999999999996753305772515321714344338488444918767
1898,0.000042499999999999996753305772515321714344338488444918767
1899,0.000042499999999999996753305772515321714344338488444918767
1900,0.000042499999999999996753305772515321714344338488444918767
1901,0.000042299999999999994962411137234756242087030386755941436
1902,0.000041999999999999998893514084738129432672337770782178268
1903,0.000041899999999999997998066767097846696543683719937689602
1904,0.000041899999999999997998066767097846696543683719937689602
1905,0.000041899999999999997998066767097846696543683719937689602
1906,0.000041800000000000003720064349881785359386299205652903765
1907,0.000041800000000000003720064349881785359386299205652903765
1908,0.000041800000000000003720064349881785359386299205652903765
1909,0.000041800000000000003720064349881785359386299205652903765
1910,0.000041800000000000003720064349881785359386299205652903765
1911,0.000041800000000000003720064349881785359386299205652903765
1912,0.000041800000000000003720064349881785359386299205652903765
1913,0.000041700000000000002824617032241502623257645154808415100
1914,0.000041700000000000002824617032241502623257645154808415100
1915,0.000041700000000000002824617032241502623257645154808415100
1916,0.000041700000000000002824617032241502623257645154808415100
1917,0.000041700000000000002824617032241502623257645154808415100
1918,0.000041700000000000002824617032241502623257645154808415100
1919,0.000041700000000000002824617032241502623257645154808415100
1920,0.000041700000000000002824617032241502623257645154808415100
1921,0.000041599999999999995311724814176998488157721567404223606
1922,0.000041599999999999995311724814176998488157721567404223606
1923,0.000041599999999999995311724814176998488157721567404223606
1924,0.000041500000000000001033722396960937151000337053119437769
1925,0.000041400000000000000138275079320654414871683002274949104
1926,0.000041400000000000000138275079320654414871683002274949104
1927,0.000041299999999999999242827761680371678743028951430460438
1928,0.000041299999999999999242827761680371678743028951430460438
1929,0.000041299999999999999242827761680371678743028951430460438
1930,0.000041299999999999999242827761680371678743028951430460438
1931,0.000041199999999999998347380444040088942614374900585971773
1932,0.000041100000000000004069378026824027605456990386301185936
1933,0.000041100000000000004069378026824027605456990386301185936
1934,0.000041100000000000004069378026824027605456990386301185936
1935,0.000041100000000000004069378026824027605456990386301185936
1936,0.000041100000000000004069378026824027605456990386301185936
1937,0.000041100000000000004069378026824027605456990386301185936
1938,0.000041100000000000004069378026824027605456990386301185936
1939,0.000040999999999999996556485808759523470357066798896994442
1940,0.000040999999999999996556485808759523470357066798896994442
1941,0.000040999999999999996556485808759523470357066798896994442
1942,0.000040900000000000002278483391543462133199682284612208605
1943,0.000040900000000000002278483391543462133199682284612208605
1944,0.000040900000000000002278483391543462133199682284612208605
1945,0.000040900000000000002278483391543462133199682284612208605
1946,0.000040800000000000001383036073903179397071028233767719939
1947,0.000040700000000000000487588756262896660942374182923231274
1948,0.000040700000000000000487588756262896660942374182923231274
1949,0.000040700000000000000487588756262896660942374182923231274
1950,0.000040700000000000000487588756262896660942374182923231274
1951,0.000040700000000000000487588756262896660942374182923231274
1952,0.000040700000000000000487588756262896660942374182923231274
1953,0.000040700000000000000487588756262896660942374182923231274
1954,0.000040599999999999999592141438622613924813720132078742608
1955,0.000040499999999999998696694120982331188685066081234253943
1956,0.000040399999999999997801246803342048452556412030389765278
1957,0.000040399999999999997801246803342048452556412030389765278
1958,0.000040399999999999997801246803342048452556412030389765278
1959,0.000040399999999999997801246803342048452556412030389765278
1960,0.000040200000000000002627797068485704379270373465260490775
1961,0.000040100000000000001732349750845421643141719414416002110
1962,0.000040000000000000000836902433205138907013065363571513444
1963,0.000040000000000000000836902433205138907013065363571513444
1964,0.000039899999999999999941455115564856170884411312727024779
1965,0.000039800000000000005663452698348794833727026798442238942
1966,0.000039800000000000005663452698348794833727026798442238942
1967,0.000039800000000000005663452698348794833727026798442238942
1968,0.000039699999999999998150560480284290698627103211038047448
1969,0.000039699999999999998150560480284290698627103211038047448
1970,0.000039599999999999997255113162644007962498449160193558782
1971,0.000039500000000000002977110745427946625341064645908772945
1972,0.000039500000000000002977110745427946625341064645908772945
1973,0.000039399999999999995464218527363442490241141058504581451
1974,0.000039399999999999995464218527363442490241141058504581451
1975,0.000039399999999999995464218527363442490241141058504581451
1976,0.000039300000000000001186216110147381153083756544219795614
1977,0.000039300000000000001186216110147381153083756544219795614
1978,0.000039200000000000000290768792507098416955102493375306949
1979,0.000039200000000000000290768792507098416955102493375306949
1980,0.000039200000000000000290768792507098416955102493375306949
1981,0.000039200000000000000290768792507098416955102493375306949
1982,0.000039200000000000000290768792507098416955102493375306949
1983,0.000039099999999999999395321474866815680826448442530818284
1984,0.000039099999999999999395321474866815680826448442530818284
1985,0.000038900000000000004221871740010471607540409877401543781
1986,0.000038900000000000004221871740010471607540409877401543781
1987,0.000038900000000000004221871740010471607540409877401543781
1988,0.000038900000000000004221871740010471607540409877401543781
1989,0.000038799999999999996708979521945967472440486289997352287
1990,0.000038799999999999996708979521945967472440486289997352287
1991,0.000038699999999999995813532204305684736311832239152863622
1992,0.000038699999999999995813532204305684736311832239152863622
1993,0.000038699999999999995813532204305684736311832239152863622
1994,0.000038699999999999995813532204305684736311832239152863622
1995,0.000038699999999999995813532204305684736311832239152863622
1996,0.000038600000000000001535529787089623399154447724868077785
1997,0.000038399999999999999744635151809057926897139623179100454
1998,0.000038399999999999999744635151809057926897139623179100454
1999,0.000038399999999999999744635151809057926897139623179100454
2000,0.000038299999999999998849187834168775190768485572334611788
2001,0.000038299999999999998849187834168775190768485572334611788
2002,0.000038200000000000004571185416952713853611101058049825951
2003,0.000038200000000000004571185416952713853611101058049825951
2004,0.000038200000000000004571185416952713853611101058049825951
2005,0.000038200000000000004571185416952713853611101058049825951
2006,0.000038099999999999997058293198888209718511177470645634457
2007,0.000038099999999999997058293198888209718511177470645634457
2008,0.000037900000000000001884843464031865645225138905516359955
2009,0.000037900000000000001884843464031865645225138905516359955
2010,0.000037900000000000001884843464031865645225138905516359955
2011,0.000037900000000000001884843464031865645225138905516359955
2012,0.000037800000000000000989396146391582909096484854671871290
2013,0.000037800000000000000989396146391582909096484854671871290
2014,0.000037499999999999998303054193470734700710522702138405293
2015,0.000037499999999999998303054193470734700710522702138405293
2016,0.000037499999999999998303054193470734700710522702138405293
2017,0.000037399999999999997407606875830451964581868651293916628
2018,0.000037300000000000003129604458614390627424484137009130791
2019,0.000037300000000000003129604458614390627424484137009130791
2020,0.000037300000000000003129604458614390627424484137009130791
2021,0.000037300000000000003129604458614390627424484137009130791
2022,0.000037300000000000003129604458614390627424484137009130791
2023,0.000037300000000000003129604458614390627424484137009130791
2024,0.000037300000000000003129604458614390627424484137009130791
2025,0.000037199999999999995616712240549886492324560549604939297
2026,0.000037199999999999995616712240549886492324560549604939297
2027,0.000037199999999999995616712240549886492324560549604939297
2028,0.000037199999999999995616712240549886492324560549604939297
2029,0.000037100000000000001338709823333825155167176035320153460
2030,0.000037100000000000001338709823333825155167176035320153460
2031,0.000037000000000000000443262505693542419038521984475664794
2032,0.000037000000000000000443262505693542419038521984475664794
2033,0.000037000000000000000443262505693542419038521984475664794
2034,0.000036899999999999999547815188053259682909867933631176129
2035,0.000036899999999999999547815188053259682909867933631176129
2036,0.000036899999999999999547815188053259682909867933631176129
2037,0.000036899999999999999547815188053259682909867933631176129
2038,0.000036899999999999999547815188053259682909867933631176129
2039,0.000036899999999999999547815188053259682909867933631176129
2040,0.000036699999999999997756920552772694210652559831942198798
2041,0.000036699999999999997756920552772694210652559831942198798
2042,0.000036699999999999997756920552772694210652559831942198798
2043,0.000036600000000000003478918135556632873495175317657412961
2044,0.000036600000000000003478918135556632873495175317657412961
2045,0.000036600000000000003478918135556632873495175317657412961
2046,0.000036600000000000003478918135556632873495175317657412961
2047,0.000036499999999999995966025917492128738395251730253221467
2048,0.000036499999999999995966025917492128738395251730253221467
2049,0.000036499999999999995966025917492128738395251730253221467
2050,0.000036499999999999995966025917492128738395251730253221467
2051,0.000036499999999999995966025917492128738395251730253221467
2052,0.000036199999999999999897128864995501928980559114279458299
2053,0.000036199999999999999897128864995501928980559114279458299
2054,0.000036199999999999999897128864995501928980559114279458299
2055,0.000036099999999999999001681547355219192851905063434969634
2056,0.000036099999999999999001681547355219192851905063434969634
2057,0.000036099999999999999001681547355219192851905063434969634
2058,0.000036099999999999999001681547355219192851905063434969634
2059,0.000036099999999999999001681547355219192851905063434969634
2060,0.000036099999999999999001681547355219192851905063434969634
2061,0.000036099999999999999001681547355219192851905063434969634
2062,0.000036099999999999999001681547355219192851905063434969634
2063,0.000036099999999999999001681547355219192851905063434969634
2064,0.000036099999999999999001681547355219192851905063434969634
2065,0.000036099999999999999001681547355219192851905063434969634
2066,0.000036000000000000004723679130139157855694520549150183797
2067,0.000035899999999999997210786912074653720594596961745992303
2068,0.000035799999999999996315339594434370984465942910901503637
2069,0.000035799999999999996315339594434370984465942910901503637
2070,0.000035799999999999996315339594434370984465942910901503637
2071,0.000035799999999999996315339594434370984465942910901503637
2072,0.000035700000000000002037337177218309647308558396616717800
2073,0.000035600000000000001141889859578026911179904345772229135
2074,0.000035600000000000001141889859578026911179904345772229135
2075,0.000035500000000000000246442541937744175051250294927740470
2076,0.000035500000000000000246442541937744175051250294927740470
2077,0.000035500000000000000246442541937744175051250294927740470
2078,0.000035399999999999999350995224297461438922596244083251804
2079,0.000035399999999999999350995224297461438922596244083251804
2080,0.000035399999999999999350995224297461438922596244083251804
2081,0.000035399999999999999350995224297461438922596244083251804
2082,0.000035399999999999999350995224297461438922596244083251804
2083,0.000035299999999999998455547906657178702793942193238763139
2084,0.000035299999999999998455547906657178702793942193238763139
2085,0.000035299999999999998455547906657178702793942193238763139
2086,0.000035199999999999997560100589016895966665288142394274473
2087,0.000035199999999999997560100589016895966665288142394274473
2088,0.000035199999999999997560100589016895966665288142394274473
2089,0.000035199999999999997560100589016895966665288142394274473
2090,0.000035199999999999997560100589016895966665288142394274473
2091,0.000035199999999999997560100589016895966665288142394274473
2092,0.000035199999999999997560100589016895966665288142394274473
2093,0.000035199999999999997560100589016895966665288142394274473
2094,0.000035100000000000003282098171800834629507903628109488636
2095,0.000035100000000000003282098171800834629507903628109488636
2096,0.000035100000000000003282098171800834629507903628109488636
2097,0.000035100000000000003282098171800834629507903628109488636
2098,0.000035100000000000003282098171800834629507903628109488636
2099,0.000035000000000000002386650854160551893379249577264999971
2100,0.000034900000000000001491203536520269157250595526420511305
2101,0.000034800000000000000595756218879986421121941475576022640
2102,0.000034699999999999999700308901239703684993287424731533974
2103,0.000034699999999999999700308901239703684993287424731533974
2104,0.000034699999999999999700308901239703684993287424731533974
2105,0.000034599999999999998804861583599420948864633373887045309
2106,0.000034499999999999997909414265959138212735979323042556643
2107,0.000034400000000000003631411848743076875578594808757770807
2108,0.000034400000000000003631411848743076875578594808757770807
2109,0.000034400000000000003631411848743076875578594808757770807
2110,0.000034200000000000001840517213462511403321286707068793476
2111,0.000034200000000000001840517213462511403321286707068793476
2112,0.000034200000000000001840517213462511403321286707068793476
2113,0.000034200000000000001840517213462511403321286707068793476
2114,0.000034100000000000000945069895822228667192632656224304810
2115,0.000034000000000000000049622578181945931063978605379816145
2116,0.000034000000000000000049622578181945931063978605379816145
2117,0.000034000000000000000049622578181945931063978605379816145
2118,0.000033899999999999999154175260541663194935324554535327479
2119,0.000033899999999999999154175260541663194935324554535327479
2120,0.000033899999999999999154175260541663194935324554535327479
2121,0.000033899999999999999154175260541663194935324554535327479
2122,0.000033799999999999998258727942901380458806670503690838814
2123,0.000033799999999999998258727942901380458806670503690838814
2124,0.000033799999999999998258727942901380458806670503690838814
2125,0.000033799999999999998258727942901380458806670503690838814
2126,0.000033699999999999997363280625261097722678016452846350148
2127,0.000033500000000000002189830890404753649391977887717075646
2128,0.000033500000000000002189830890404753649391977887717075646
2129,0.000033500000000000002189830890404753649391977887717075646
2130,0.000033500000000000002189830890404753649391977887717075646
2131,0.000033500000000000002189830890404753649391977887717075646
2132,0.000033500000000000002189830890404753649391977887717075646
2133,0.000033500000000000002189830890404753649391977887717075646
2134,0.000033500000000000002189830890404753649391977887717075646
2135,0.000033400000000000001294383572764470913263323836872586980
2136,0.000033400000000000001294383572764470913263323836872586980
2137,0.000033400000000000001294383572764470913263323836872586980
2138,0.000033300000000000000398936255124188177134669786028098315
2139,0.000033300000000000000398936255124188177134669786028098315
2140,0.000033300000000000000398936255124188177134669786028098315
2141,0.000033300000000000000398936255124188177134669786028098315
2142,0.000033300000000000000398936255124188177134669786028098315
2143,0.000033300000000000000398936255124188177134669786028098315
2144,0.000033300000000000000398936255124188177134669786028098315
2145,0.000033300000000000000398936255124188177134669786028098315
2146,0.000033300000000000000398936255124188177134669786028098315
2147,0.000033199999999999999503488937483905441006015735183609650
2148,0.000033199999999999999503488937483905441006015735183609650
2149,0.000033199999999999999503488937483905441006015735183609650
2150,0.000033199999999999999503488937483905441006015735183609650
2151,0.000033199999999999999503488937483905441006015735183609650
2152,0.000033199999999999999503488937483905441006015735183609650
2153,0.000033199999999999999503488937483905441006015735183609650
2154,0.000033100000000000005225486520267844103848631220898823813
2155,0.000033100000000000005225486520267844103848631220898823813
2156,0.000033100000000000005225486520267844103848631220898823813
2157,0.000033100000000000005225486520267844103848631220898823813
2158,0.000033100000000000005225486520267844103848631220898823813
2159,0.000033100000000000005225486520267844103848631220898823813
2160,0.000032999999999999997712594302203339968748707633494632319
2161,0.000032999999999999997712594302203339968748707633494632319
2162,0.000032899999999999996817146984563057232620053582650143653
2163,0.000032899999999999996817146984563057232620053582650143653
2164,0.000032899999999999996817146984563057232620053582650143653
2165,0.000032899999999999996817146984563057232620053582650143653
2166,0.000032899999999999996817146984563057232620053582650143653
2167,0.000032800000000000002539144567346995895462669068365357816
2168,0.000032800000000000002539144567346995895462669068365357816
2169,0.000032800000000000002539144567346995895462669068365357816
2170,0.000032699999999999995026252349282491760362745480961166322
2171,0.000032699999999999995026252349282491760362745480961166322
2172,0.000032699999999999995026252349282491760362745480961166322
2173,0.000032699999999999995026252349282491760362745480961166322
2174,0.000032699999999999995026252349282491760362745480961166322
2175,0.000032699999999999995026252349282491760362745480961166322
2176,0.000032699999999999995026252349282491760362745480961166322
2177,0.000032699999999999995026252349282491760362745480961166322
2178,0.000032600000000000000748249932066430423205360966676380485
2179,0.000032499999999999999852802614426147687076706915831891820
2180,0.000032499999999999999852802614426147687076706915831891820
2181,0.000032499999999999999852802614426147687076706915831891820
2182,0.000032499999999999999852802614426147687076706915831891820
2183,0.000032499999999999999852802614426147687076706915831891820
2184,0.000032499999999999999852802614426147687076706915831891820
2185,0.000032499999999999999852802614426147687076706915831891820
2186,0.000032399999999999998957355296785864950948052864987403154
2187,0.000032399999999999998957355296785864950948052864987403154
2188,0.000032399999999999998957355296785864950948052864987403154
2189,0.000032299999999999998061907979145582214819398814142914489
2190,0.000032299999999999998061907979145582214819398814142914489
2191,0.000032200000000000003783905561929520877662014299858128652
2192,0.000032100000000000002888458244289238141533360249013639987
2193,0.000032100000000000002888458244289238141533360249013639987
2194,0.000032100000000000002888458244289238141533360249013639987
2195,0.000032100000000000002888458244289238141533360249013639987
2196,0.000032100000000000002888458244289238141533360249013639987
2197,0.000032100000000000002888458244289238141533360249013639987
2198,0.000032100000000000002888458244289238141533360249013639987
2199,0.000032100000000000002888458244289238141533360249013639987
2200,0.000031900000000000001097563609008672669276052147324662656
2201,0.000031900000000000001097563609008672669276052147324662656
2202,0.000031800000000000000202116291368389933147398096480173990
2203,0.000031800000000000000202116291368389933147398096480173990
2204,0.000031800000000000000202116291368389933147398096480173990
2205,0.000031800000000000000202116291368389933147398096480173990
2206,0.000031800000000000000202116291368389933147398096480173990
2207,0.000031500000000000004133219238871763123732705480506410822
2208,0.000031500000000000004133219238871763123732705480506410822
2209,0.000031500000000000004133219238871763123732705480506410822
2210,0.000031300000000000002342324603591197651475397378817433491
2211,0.000031300000000000002342324603591197651475397378817433491
2212,0.000031200000000000001446877285950914915346743327972944826
2213,0.000031200000000000001446877285950914915346743327972944826
2214,0.000031200000000000001446877285950914915346743327972944826
2215,0.000031200000000000001446877285950914915346743327972944826
2216,0.000031100000000000000551429968310632179218089277128456160
2217,0.000031100000000000000551429968310632179218089277128456160
2218,0.000030999999999999999655982650670349443089435226283967495
2219,0.000030999999999999999655982650670349443089435226283967495
2220,0.000030999999999999999655982650670349443089435226283967495
2221,0.000030899999999999998760535333030066706960781175439478830
2222,0.000030899999999999998760535333030066706960781175439478830
2223,0.000030799999999999997865088015389783970832127124594990164
2224,0.000030799999999999997865088015389783970832127124594990164
2225,0.000030799999999999997865088015389783970832127124594990164
2226,0.000030600000000000002691638280533439897546088559465715662
2227,0.000030500000000000001796190962893157161417434508621226996
2228,0.000030500000000000001796190962893157161417434508621226996
2229,0.000030400000000000000900743645252874425288780457776738331
2230,0.000030400000000000000900743645252874425288780457776738331
2231,0.000030400000000000000900743645252874425288780457776738331
2232,0.000030400000000000000900743645252874425288780457776738331
2233,0.000030400000000000000900743645252874425288780457776738331
2234,0.000030400000000000000900743645252874425288780457776738331
2235,0.000030400000000000000900743645252874425288780457776738331
2236,0.000030400000000000000900743645252874425288780457776738331
2237,0.000030400000000000000900743645252874425288780457776738331
2238,0.000030400000000000000900743645252874425288780457776738331
2239,0.000030300000000000000005296327612591689160126406932249665
2240,0.000030300000000000000005296327612591689160126406932249665
2241,0.000030199999999999999109849009972308953031472356087761000
2242,0.000030199999999999999109849009972308953031472356087761000
2243,0.000030099999999999998214401692332026216902818305243272334
2244,0.000029999999999999997318954374691743480774164254398783669
2245,0.000029999999999999997318954374691743480774164254398783669
2246,0.000029999999999999997318954374691743480774164254398783669
2247,0.000029900000000000003040951957475682143616779740113997832
2248,0.000029900000000000003040951957475682143616779740113997832
2249,0.000029900000000000003040951957475682143616779740113997832
2250,0.000029799999999999998836782189623288708002490920989657752
2251,0.000029799999999999998836782189623288708002490920989657752
2252,0.000029799999999999998836782189623288708002490920989657752
2253,0.000029599999999999997045887554342723235745182819300680421
2254,0.000029599999999999997045887554342723235745182819300680421
2255,0.000029599999999999997045887554342723235745182819300680421
2256,0.000029599999999999997045887554342723235745182819300680421
2257,0.000029500000000000002767885137126661898587798305015894584
2258,0.000029500000000000002767885137126661898587798305015894584
2259,0.000029500000000000002767885137126661898587798305015894584
2260,0.000029500000000000002767885137126661898587798305015894584
2261,0.000029399999999999998563715369274268462973509485891554505
2262,0.000029399999999999998563715369274268462973509485891554505
2263,0.000029399999999999998563715369274268462973509485891554505
2264,0.000029300000000000000976990501846096426330490203326917253
2265,0.000029300000000000000976990501846096426330490203326917253
2266,0.000029300000000000000976990501846096426330490203326917253
2267,0.000029200000000000000081543184205813690201836152482428588
2268,0.000029200000000000000081543184205813690201836152482428588
2269,0.000029200000000000000081543184205813690201836152482428588
2270,0.000029200000000000000081543184205813690201836152482428588
2271,0.000029100000000000002494818316777641653558816869917791337
2272,0.000028899999999999997395201231284965481815873999948962592
2273,0.000028899999999999997395201231284965481815873999948962592
2274,0.000028899999999999997395201231284965481815873999948962592
2275,0.000028899999999999997395201231284965481815873999948962592
2276,0.000028899999999999997395201231284965481815873999948962592
2277,0.000028799999999999999808476363856793445172854717384325340
2278,0.000028799999999999999808476363856793445172854717384325340
2279,0.000028799999999999999808476363856793445172854717384325340
2280,0.000028799999999999999808476363856793445172854717384325340
2281,0.000028799999999999999808476363856793445172854717384325340
2282,0.000028799999999999999808476363856793445172854717384325340
2283,0.000028799999999999999808476363856793445172854717384325340
2284,0.000028799999999999999808476363856793445172854717384325340
2285,0.000028799999999999999808476363856793445172854717384325340
2286,0.000028799999999999999808476363856793445172854717384325340
2287,0.000028799999999999999808476363856793445172854717384325340
2288,0.000028699999999999998913029046216510709044200666539836675
2289,0.000028699999999999998913029046216510709044200666539836675
2290,0.000028699999999999998913029046216510709044200666539836675
2291,0.000028699999999999998913029046216510709044200666539836675
2292,0.000028600000000000001326304178788338672401181383975199424
2293,0.000028600000000000001326304178788338672401181383975199424
2294,0.000028500000000000000430856861148055936272527333130710758
2295,0.000028500000000000000430856861148055936272527333130710758
2296,0.000028500000000000000430856861148055936272527333130710758
2297,0.000028500000000000000430856861148055936272527333130710758
2298,0.000028500000000000000430856861148055936272527333130710758
2299,0.000028299999999999998639962225867490464015219231441733427
2300,0.000028299999999999998639962225867490464015219231441733427
2301,0.000028299999999999998639962225867490464015219231441733427
2302,0.000028299999999999998639962225867490464015219231441733427
2303,0.000028299999999999998639962225867490464015219231441733427
2304,0.000028299999999999998639962225867490464015219231441733427
2305,0.000028200000000000001053237358439318427372199948877096176
2306,0.000028200000000000001053237358439318427372199948877096176
2307,0.000028200000000000001053237358439318427372199948877096176
2308,0.000028200000000000001053237358439318427372199948877096176
2309,0.000028200000000000001053237358439318427372199948877096176
2310,0.000028200000000000001053237358439318427372199948877096176
2311,0.000028200000000000001053237358439318427372199948877096176
2312,0.000028200000000000001053237358439318427372199948877096176
2313,0.000028200000000000001053237358439318427372199948877096176
2314,0.000028100000000000000157790040799035691243545898032607511
2315,0.000027999999999999995953620272946642255629257078908267431
2316,0.000027999999999999995953620272946642255629257078908267431
2317,0.000027999999999999995953620272946642255629257078908267431
2318,0.000027999999999999995953620272946642255629257078908267431
2319,0.000027999999999999995953620272946642255629257078908267431
2320,0.000027799999999999997471448087878187482857583745499141514
2321,0.000027799999999999997471448087878187482857583745499141514
2322,0.000027699999999999999884723220450015446214564462934504263
2323,0.000027699999999999999884723220450015446214564462934504263
2324,0.000027699999999999999884723220450015446214564462934504263
2325,0.000027599999999999998989275902809732710085910412090015598
2326,0.000027599999999999998989275902809732710085910412090015598
2327,0.000027599999999999998989275902809732710085910412090015598
2328,0.000027599999999999998989275902809732710085910412090015598
2329,0.000027599999999999998989275902809732710085910412090015598
2330,0.000027599999999999998989275902809732710085910412090015598
2331,0.000027400000000000000507103717741277937314237078680889681
2332,0.000027300000000000002920378850313105900671217796116252430
2333,0.000027300000000000002920378850313105900671217796116252430
2334,0.000027300000000000002920378850313105900671217796116252430
2335,0.000027300000000000002920378850313105900671217796116252430
2336,0.000027199999999999998716209082460712465056928976991912350
2337,0.000027199999999999998716209082460712465056928976991912350
2338,0.000027199999999999998716209082460712465056928976991912350
2339,0.000027199999999999998716209082460712465056928976991912350
2340,0.000027099999999999997820761764820429728928274926147423685
2341,0.000027099999999999997820761764820429728928274926147423685
2342,0.000027099999999999997820761764820429728928274926147423685
2343,0.000027000000000000000234036897392257692285255643582786433
2344,0.000026800000000000001751864712323802919513582310173660517
2345,0.000026800000000000001751864712323802919513582310173660517
2346,0.000026800000000000001751864712323802919513582310173660517
2347,0.000026699999999999997547694944471409483899293491049320437
2348,0.000026699999999999997547694944471409483899293491049320437
2349,0.000026699999999999997547694944471409483899293491049320437
2350,0.000026699999999999997547694944471409483899293491049320437
2351,0.000026699999999999997547694944471409483899293491049320437
2352,0.000026699999999999997547694944471409483899293491049320437
2353,0.000026599999999999999960970077043237447256274208484683186
2354,0.000026599999999999999960970077043237447256274208484683186
2355,0.000026499999999999999065522759402954711127620157640194520
2356,0.000026499999999999999065522759402954711127620157640194520
2357,0.000026400000000000001478797891974782674484600875075557269
2358,0.000026400000000000001478797891974782674484600875075557269
2359,0.000026300000000000000583350574334499938355946824231068604
2360,0.000026300000000000000583350574334499938355946824231068604
2361,0.000026300000000000000583350574334499938355946824231068604
2362,0.000026200000000000002996625706906327901712927541666431352
2363,0.000026099999999999998792455939053934466098638722542091273
2364,0.000026099999999999998792455939053934466098638722542091273
2365,0.000026099999999999998792455939053934466098638722542091273
2366,0.000026099999999999998792455939053934466098638722542091273
2367,0.000025999999999999997897008621413651729969984671697602607
2368,0.000025900000000000000310283753985479693326965389132965356
2369,0.000025900000000000000310283753985479693326965389132965356
2370,0.000025900000000000000310283753985479693326965389132965356
2371,0.000025900000000000000310283753985479693326965389132965356
2372,0.000025900000000000000310283753985479693326965389132965356
2373,0.000025900000000000000310283753985479693326965389132965356
2374,0.000025900000000000000310283753985479693326965389132965356
2375,0.000025900000000000000310283753985479693326965389132965356
2376,0.000025900000000000000310283753985479693326965389132965356
2377,0.000025900000000000000310283753985479693326965389132965356
2378,0.000025799999999999999414836436345196957198311338288476691
2379,0.000025799999999999999414836436345196957198311338288476691
2380,0.000025700000000000001828111568917024920555292055723839439
2381,0.000025599999999999997623941801064631484941003236599499360
2382,0.000025599999999999997623941801064631484941003236599499360
2383,0.000025599999999999997623941801064631484941003236599499360
2384,0.000025599999999999997623941801064631484941003236599499360
2385,0.000025599999999999997623941801064631484941003236599499360
2386,0.000025599999999999997623941801064631484941003236599499360
2387,0.000025500000000000003345939383848570147783618722314713523
2388,0.000025500000000000003345939383848570147783618722314713523
2389,0.000025500000000000003345939383848570147783618722314713523
2390,0.000025500000000000003345939383848570147783618722314713523
2391,0.000025500000000000003345939383848570147783618722314713523
2392,0.000025399999999999999141769615996176712169329903190373443
2393,0.000025399999999999999141769615996176712169329903190373443
2394,0.000025399999999999999141769615996176712169329903190373443
2395,0.000025399999999999999141769615996176712169329903190373443
2396,0.000025399999999999999141769615996176712169329903190373443
2397,0.000025399999999999999141769615996176712169329903190373443
2398,0.000025399999999999999141769615996176712169329903190373443
2399,0.000025300000000000001555044748568004675526310620625736192
2400,0.000025200000000000000659597430927721939397656569781247526
2401,0.000025200000000000000659597430927721939397656569781247526
2402,0.000025200000000000000659597430927721939397656569781247526
2403,0.000025200000000000000659597430927721939397656569781247526
2404,0.000025200000000000000659597430927721939397656569781247526
2405,0.000025200000000000000659597430927721939397656569781247526
2406,0.000025200000000000000659597430927721939397656569781247526
2407,0.000025200000000000000659597430927721939397656569781247526
2408,0.000025200000000000000659597430927721939397656569781247526
2409,0.000025200000000000000659597430927721939397656569781247526
2410,0.000025200000000000000659597430927721939397656569781247526
2411,0.000025200000000000000659597430927721939397656569781247526
2412,0.000025099999999999996455427663075328503783367750656907447
2413,0.000024999999999999998868702795647156467140348468092270195
2414,0.000024899999999999997973255478006873731011694417247781530
2415,0.000024899999999999997973255478006873731011694417247781530
2416,0.000024899999999999997973255478006873731011694417247781530
2417,0.000024899999999999997973255478006873731011694417247781530
2418,0.000024899999999999997973255478006873731011694417247781530
2419,0.000024899999999999997973255478006873731011694417247781530
2420,0.000024899999999999997973255478006873731011694417247781530
2421,0.000024899999999999997973255478006873731011694417247781530
2422,0.000024899999999999997973255478006873731011694417247781530
2423,0.000024899999999999997973255478006873731011694417247781530
2424,0.000024800000000000000386530610578701694368675134683144279
2425,0.000024800000000000000386530610578701694368675134683144279
2426,0.000024800000000000000386530610578701694368675134683144279
2427,0.000024800000000000000386530610578701694368675134683144279
2428,0.000024699999999999999491083292938418958240021083838655613
2429,0.000024699999999999999491083292938418958240021083838655613
2430,0.000024499999999999997700188657657853485982712982149678282
2431,0.000024499999999999997700188657657853485982712982149678282
2432,0.000024499999999999997700188657657853485982712982149678282
2433,0.000024400000000000000113463790229681449339693699585041031
2434,0.000024400000000000000113463790229681449339693699585041031
2435,0.000024400000000000000113463790229681449339693699585041031
2436,0.000024400000000000000113463790229681449339693699585041031
2437,0.000024299999999999999218016472589398713211039648740552366
2438,0.000024299999999999999218016472589398713211039648740552366
2439,0.000024200000000000001631291605161226676568020366175915115
2440,0.000024200000000000001631291605161226676568020366175915115
2441,0.000024200000000000001631291605161226676568020366175915115
2442,0.000024200000000000001631291605161226676568020366175915115
2443,0.000024200000000000001631291605161226676568020366175915115
2444,0.000024100000000000000735844287520943940439366315331426449
2445,0.000024100000000000000735844287520943940439366315331426449
2446,0.000024100000000000000735844287520943940439366315331426449
2447,0.000024100000000000000735844287520943940439366315331426449
2448,0.000024100000000000000735844287520943940439366315331426449
2449,0.000024100000000000000735844287520943940439366315331426449
2450,0.000024100000000000000735844287520943940439366315331426449
2451,0.000023999999999999999840396969880661204310712264486937784
2452,0.000023999999999999999840396969880661204310712264486937784
2453,0.000023999999999999999840396969880661204310712264486937784
2454,0.000023999999999999999840396969880661204310712264486937784
2455,0.000023900000000000002253672102452489167667692981922300532
2456,0.000023900000000000002253672102452489167667692981922300532
2457,0.000023900000000000002253672102452489167667692981922300532
2458,0.000023800000000000001358224784812206431539038931077811867
2459,0.000023699999999999997154055016959812995924750111953471787
2460,0.000023599999999999999567330149531640959281730829388834536
2461,0.000023599999999999999567330149531640959281730829388834536
2462,0.000023599999999999999567330149531640959281730829388834536
2463,0.000023599999999999999567330149531640959281730829388834536
2464,0.000023599999999999999567330149531640959281730829388834536
2465,0.000023599999999999999567330149531640959281730829388834536
2466,0.000023599999999999999567330149531640959281730829388834536
2467,0.000023599999999999999567330149531640959281730829388834536
2468,0.000023599999999999999567330149531640959281730829388834536
2469,0.000023599999999999999567330149531640959281730829388834536
2470,0.000023599999999999999567330149531640959281730829388834536
2471,0.000023599999999999999567330149531640959281730829388834536
2472,0.000023599999999999999567330149531640959281730829388834536
2473,0.000023599999999999999567330149531640959281730829388834536
2474,0.000023599999999999999567330149531640959281730829388834536
2475,0.000023599999999999999567330149531640959281730829388834536
2476,0.000023599999999999999567330149531640959281730829388834536
2477,0.000023599999999999999567330149531640959281730829388834536
2478,0.000023599999999999999567330149531640959281730829388834536
2479,0.000023599999999999999567330149531640959281730829388834536
2480,0.000023599999999999999567330149531640959281730829388834536
2481,0.000023499999999999998671882831891358223153076778544345871
2482,0.000023499999999999998671882831891358223153076778544345871
2483,0.000023499999999999998671882831891358223153076778544345871
2484,0.000023499999999999998671882831891358223153076778544345871
2485,0.000023499999999999998671882831891358223153076778544345871
2486,0.000023499999999999998671882831891358223153076778544345871
2487,0.000023499999999999998671882831891358223153076778544345871
2488,0.000023499999999999998671882831891358223153076778544345871
2489,0.000023499999999999998671882831891358223153076778544345871
2490,0.000023499999999999998671882831891358223153076778544345871
2491,0.000023499999999999998671882831891358223153076778544345871
2492,0.000023400000000000001085157964463186186510057495979708619
2493,0.000023400000000000001085157964463186186510057495979708619
2494,0.000023400000000000001085157964463186186510057495979708619
2495,0.000023400000000000001085157964463186186510057495979708619
2496,0.000023400000000000001085157964463186186510057495979708619
2497,0.000023400000000000001085157964463186186510057495979708619
2498,0.000023400000000000001085157964463186186510057495979708619
2499,0.000023400000000000001085157964463186186510057495979708619
2500,0.000023300000000000000189710646822903450381403445135219954
2501,0.000023300000000000000189710646822903450381403445135219954
2502,0.000023300000000000000189710646822903450381403445135219954
2503,0.000023199999999999999294263329182620714252749394290731288
2504,0.000023199999999999999294263329182620714252749394290731288
2505,0.000023199999999999999294263329182620714252749394290731288
2506,0.000023199999999999999294263329182620714252749394290731288
2507,0.000023199999999999999294263329182620714252749394290731288
2508,0.000023199999999999999294263329182620714252749394290731288
2509,0.000023100000000000001707538461754448677609730111726094037
2510,0.000023000000000000000812091144114165941481076060881605372
2511,0.000023000000000000000812091144114165941481076060881605372
2512,0.000023000000000000000812091144114165941481076060881605372
2513,0.000023000000000000000812091144114165941481076060881605372
2514,0.000023000000000000000812091144114165941481076060881605372
2515,0.000023000000000000000812091144114165941481076060881605372
2516,0.000023000000000000000812091144114165941481076060881605372
2517,0.000023000000000000000812091144114165941481076060881605372
2518,0.000023000000000000000812091144114165941481076060881605372
2519,0.000023000000000000000812091144114165941481076060881605372
2520,0.000023000000000000000812091144114165941481076060881605372
2521,0.000023000000000000000812091144114165941481076060881605372
2522,0.000023000000000000000812091144114165941481076060881605372
2523,0.000022899999999999999916643826473883205352422010037116706
2524,0.000022800000000000002329918959045711168709402727472479455
2525,0.000022800000000000002329918959045711168709402727472479455
2526,0.000022800000000000002329918959045711168709402727472479455
2527,0.000022699999999999998125749191193317733095113908348139375
2528,0.000022699999999999998125749191193317733095113908348139375
2529,0.000022699999999999998125749191193317733095113908348139375
2530,0.000022699999999999998125749191193317733095113908348139375
2531,0.000022699999999999998125749191193317733095113908348139375
2532,0.000022699999999999998125749191193317733095113908348139375
2533,0.000022699999999999998125749191193317733095113908348139375
2534,0.000022699999999999998125749191193317733095113908348139375
2535,0.000022699999999999998125749191193317733095113908348139375
2536,0.000022600000000000000539024323765145696452094625783502124
2537,0.000022600000000000000539024323765145696452094625783502124
2538,0.000022600000000000000539024323765145696452094625783502124
2539,0.000022600000000000000539024323765145696452094625783502124
2540,0.000022600000000000000539024323765145696452094625783502124
2541,0.000022600000000000000539024323765145696452094625783502124
2542,0.000022600000000000000539024323765145696452094625783502124
2543,0.000022600000000000000539024323765145696452094625783502124
2544,0.000022600000000000000539024323765145696452094625783502124
2545,0.000022600000000000000539024323765145696452094625783502124
2546,0.000022600000000000000539024323765145696452094625783502124
2547,0.000022600000000000000539024323765145696452094625783502124
2548,0.000022600000000000000539024323765145696452094625783502124
2549,0.000022600000000000000539024323765145696452094625783502124
2550,0.000022600000000000000539024323765145696452094625783502124
2551,0.000022600000000000000539024323765145696452094625783502124
2552,0.000022499999999999999643577006124862960323440574939013459
2553,0.000022499999999999999643577006124862960323440574939013459
2554,0.000022499999999999999643577006124862960323440574939013459
2555,0.000022499999999999999643577006124862960323440574939013459
2556,0.000022499999999999999643577006124862960323440574939013459
2557,0.000022499999999999999643577006124862960323440574939013459
2558,0.000022499999999999999643577006124862960323440574939013459
2559,0.000022499999999999999643577006124862960323440574939013459
2560,0.000022499999999999999643577006124862960323440574939013459
2561,0.000022399999999999998748129688484580224194786524094524793
2562,0.000022399999999999998748129688484580224194786524094524793
2563,0.000022399999999999998748129688484580224194786524094524793
2564,0.000022399999999999998748129688484580224194786524094524793
2565,0.000022300000000000001161404821056408187551767241529887542
2566,0.000022300000000000001161404821056408187551767241529887542
2567,0.000022300000000000001161404821056408187551767241529887542
2568,0.000022300000000000001161404821056408187551767241529887542
2569,0.000022300000000000001161404821056408187551767241529887542
2570,0.000022200000000000000265957503416125451423113190685398877
2571,0.000022200000000000000265957503416125451423113190685398877
2572,0.000022200000000000000265957503416125451423113190685398877
2573,0.000022200000000000000265957503416125451423113190685398877
2574,0.000022099999999999999370510185775842715294459139840910211
2575,0.000022099999999999999370510185775842715294459139840910211
2576,0.000022099999999999999370510185775842715294459139840910211
2577,0.000022099999999999999370510185775842715294459139840910211
2578,0.000022000000000000001783785318347670678651439857276272960
2579,0.000022000000000000001783785318347670678651439857276272960
2580,0.000022000000000000001783785318347670678651439857276272960
2581,0.000022000000000000001783785318347670678651439857276272960
2582,0.000021900000000000000888338000707387942522785806431784295
2583,0.000021900000000000000888338000707387942522785806431784295
2584,0.000021799999999999999992890683067105206394131755587295629
2585,0.000021699999999999999097443365426822470265477704742806964
2586,0.000021699999999999999097443365426822470265477704742806964
2587,0.000021699999999999999097443365426822470265477704742806964
2588,0.000021699999999999999097443365426822470265477704742806964
2589,0.000021699999999999999097443365426822470265477704742806964
2590,0.000021699999999999999097443365426822470265477704742806964
2591,0.000021699999999999999097443365426822470265477704742806964
2592,0.000021599999999999998201996047786539734136823653898318298
2593,0.000021599999999999998201996047786539734136823653898318298
2594,0.000021599999999999998201996047786539734136823653898318298
2595,0.000021599999999999998201996047786539734136823653898318298
2596,0.000021500000000000000615271180358367697493804371333681047
2597,0.000021399999999999999719823862718084961365150320489192382
2598,0.000021399999999999999719823862718084961365150320489192382
2599,0.000021200000000000001237651677649630188593476987080066465
2600,0.000021100000000000000342204360009347452464822936235577799
2601,0.000021100000000000000342204360009347452464822936235577799
2602,0.000021100000000000000342204360009347452464822936235577799
2603,0.000021100000000000000342204360009347452464822936235577799
2604,0.000021100000000000000342204360009347452464822936235577799
2605,0.000021100000000000000342204360009347452464822936235577799
2606,0.000021100000000000000342204360009347452464822936235577799
2607,0.000021100000000000000342204360009347452464822936235577799
2608,0.000021100000000000000342204360009347452464822936235577799
2609,0.000021100000000000000342204360009347452464822936235577799
2610,0.000020999999999999999446757042369064716336168885391089134
2611,0.000020900000000000001860032174940892679693149602826451883
2612,0.000020799999999999997655862407088499244078860783702111803
2613,0.000020799999999999997655862407088499244078860783702111803
2614,0.000020799999999999997655862407088499244078860783702111803
2615,0.000020799999999999997655862407088499244078860783702111803
2616,0.000020799999999999997655862407088499244078860783702111803
2617,0.000020799999999999997655862407088499244078860783702111803
2618,0.000020799999999999997655862407088499244078860783702111803
2619,0.000020700000000000000069137539660327207435841501137474552
2620,0.000020700000000000000069137539660327207435841501137474552
2621,0.000020599999999999999173690222020044471307187450292985886
2622,0.000020599999999999999173690222020044471307187450292985886
2623,0.000020599999999999999173690222020044471307187450292985886
2624,0.000020599999999999999173690222020044471307187450292985886
2625,0.000020599999999999999173690222020044471307187450292985886
2626,0.000020599999999999999173690222020044471307187450292985886
2627,0.000020599999999999999173690222020044471307187450292985886
2628,0.000020599999999999999173690222020044471307187450292985886
2629,0.000020599999999999999173690222020044471307187450292985886
2630,0.000020599999999999999173690222020044471307187450292985886
2631,0.000020599999999999999173690222020044471307187450292985886
2632,0.000020599999999999999173690222020044471307187450292985886
2633,0.000020599999999999999173690222020044471307187450292985886
2634,0.000020499999999999998278242904379761735178533399448497221
2635,0.000020499999999999998278242904379761735178533399448497221
2636,0.000020499999999999998278242904379761735178533399448497221
2637,0.000020499999999999998278242904379761735178533399448497221
2638,0.000020400000000000000691518036951589698535514116883859970
2639,0.000020400000000000000691518036951589698535514116883859970
2640,0.000020299999999999999796070719311306962406860066039371304
2641,0.000020199999999999998900623401671024226278206015194882639
2642,0.000020199999999999998900623401671024226278206015194882639
2643,0.000020199999999999998900623401671024226278206015194882639
2644,0.000020199999999999998900623401671024226278206015194882639
2645,0.000020199999999999998900623401671024226278206015194882639
2646,0.000020100000000000001313898534242852189635186732630245388
2647,0.000020100000000000001313898534242852189635186732630245388
2648,0.000020100000000000001313898534242852189635186732630245388
2649,0.000020100000000000001313898534242852189635186732630245388
2650,0.000020100000000000001313898534242852189635186732630245388
2651,0.000020000000000000000418451216602569453506532681785756722
2652,0.000020000000000000000418451216602569453506532681785756722
2653,0.000020000000000000000418451216602569453506532681785756722
2654,0.000020000000000000000418451216602569453506532681785756722
2655,0.000020000000000000000418451216602569453506532681785756722
2656,0.000020000000000000000418451216602569453506532681785756722
2657,0.000020000000000000000418451216602569453506532681785756722
2658,0.000019900000000000002831726349174397416863513399221119471
2659,0.000019900000000000002831726349174397416863513399221119471
2660,0.000019799999999999998627556581322003981249224580096779391
2661,0.000019799999999999998627556581322003981249224580096779391
2662,0.000019799999999999998627556581322003981249224580096779391
2663,0.000019799999999999998627556581322003981249224580096779391
2664,0.000019799999999999998627556581322003981249224580096779391
2665,0.000019799999999999998627556581322003981249224580096779391
2666,0.000019799999999999998627556581322003981249224580096779391
2667,0.000019799999999999998627556581322003981249224580096779391
2668,0.000019799999999999998627556581322003981249224580096779391
2669,0.000019799999999999998627556581322003981249224580096779391
2670,0.000019799999999999998627556581322003981249224580096779391
2671,0.000019799999999999998627556581322003981249224580096779391
2672,0.000019799999999999998627556581322003981249224580096779391
2673,0.000019799999999999998627556581322003981249224580096779391
2674,0.000019799999999999998627556581322003981249224580096779391
2675,0.000019799999999999998627556581322003981249224580096779391
2676,0.000019699999999999997732109263681721245120570529252290726
2677,0.000019699999999999997732109263681721245120570529252290726
2678,0.000019699999999999997732109263681721245120570529252290726
2679,0.000019600000000000000145384396253549208477551246687653475
2680,0.000019600000000000000145384396253549208477551246687653475
2681,0.000019600000000000000145384396253549208477551246687653475
2682,0.000019600000000000000145384396253549208477551246687653475
2683,0.000019499999999999999249937078613266472348897195843164809
2684,0.000019399999999999998354489760972983736220243144998676144
2685,0.000019399999999999998354489760972983736220243144998676144
2686,0.000019399999999999998354489760972983736220243144998676144
2687,0.000019399999999999998354489760972983736220243144998676144
2688,0.000019399999999999998354489760972983736220243144998676144
2689,0.000019399999999999998354489760972983736220243144998676144
2690,0.000019399999999999998354489760972983736220243144998676144
2691,0.000019399999999999998354489760972983736220243144998676144
2692,0.000019399999999999998354489760972983736220243144998676144
2693,0.000019399999999999998354489760972983736220243144998676144
2694,0.000019300000000000000767764893544811699577223862434038892
2695,0.000019199999999999999872317575904528963448569811589550227
2696,0.000019199999999999999872317575904528963448569811589550227
2697,0.000019100000000000002285592708476356926805550529024912976
2698,0.000019100000000000002285592708476356926805550529024912976
2699,0.000019100000000000002285592708476356926805550529024912976
2700,0.000019000000000000001390145390836074190676896478180424310
2701,0.000019000000000000001390145390836074190676896478180424310
2702,0.000019000000000000001390145390836074190676896478180424310
2703,0.000019000000000000001390145390836074190676896478180424310
2704,0.000018900000000000000494698073195791454548242427335935645
2705,0.000018799999999999999599250755555508718419588376491446979
2706,0.000018799999999999999599250755555508718419588376491446979
2707,0.000018799999999999999599250755555508718419588376491446979
2708,0.000018799999999999999599250755555508718419588376491446979
2709,0.000018799999999999999599250755555508718419588376491446979
2710,0.000018799999999999999599250755555508718419588376491446979
2711,0.000018799999999999999599250755555508718419588376491446979
2712,0.000018799999999999999599250755555508718419588376491446979
2713,0.000018799999999999999599250755555508718419588376491446979
2714,0.000018799999999999999599250755555508718419588376491446979
2715,0.000018799999999999999599250755555508718419588376491446979
2716,0.000018799999999999999599250755555508718419588376491446979
2717,0.000018799999999999999599250755555508718419588376491446979
2718,0.000018799999999999999599250755555508718419588376491446979
2719,0.000018799999999999999599250755555508718419588376491446979
2720,0.000018799999999999999599250755555508718419588376491446979
2721,0.000018799999999999999599250755555508718419588376491446979
2722,0.000018799999999999999599250755555508718419588376491446979
2723,0.000018799999999999999599250755555508718419588376491446979
2724,0.000018699999999999998703803437915225982290934325646958314
2725,0.000018699999999999998703803437915225982290934325646958314
2726,0.000018699999999999998703803437915225982290934325646958314
2727,0.000018699999999999998703803437915225982290934325646958314
2728,0.000018599999999999997808356120274943246162280274802469648
2729,0.000018599999999999997808356120274943246162280274802469648
2730,0.000018599999999999997808356120274943246162280274802469648
2731,0.000018599999999999997808356120274943246162280274802469648
2732,0.000018599999999999997808356120274943246162280274802469648
2733,0.000018599999999999997808356120274943246162280274802469648
2734,0.000018599999999999997808356120274943246162280274802469648
2735,0.000018599999999999997808356120274943246162280274802469648
2736,0.000018399999999999999326183935206488473390606941393343732
2737,0.000018399999999999999326183935206488473390606941393343732
2738,0.000018399999999999999326183935206488473390606941393343732
2739,0.000018399999999999999326183935206488473390606941393343732
2740,0.000018399999999999999326183935206488473390606941393343732
2741,0.000018399999999999999326183935206488473390606941393343732
2742,0.000018399999999999999326183935206488473390606941393343732
2743,0.000018399999999999999326183935206488473390606941393343732
2744,0.000018399999999999999326183935206488473390606941393343732
2745,0.000018399999999999999326183935206488473390606941393343732
2746,0.000018399999999999999326183935206488473390606941393343732
2747,0.000018399999999999999326183935206488473390606941393343732
2748,0.000018300000000000001739459067778316436747587658828706481
2749,0.000018300000000000001739459067778316436747587658828706481
2750,0.000018200000000000000844011750138033700618933607984217815
2751,0.000018200000000000000844011750138033700618933607984217815
2752,0.000018200000000000000844011750138033700618933607984217815
2753,0.000018200000000000000844011750138033700618933607984217815
2754,0.000018099999999999999948564432497750964490279557139729150
2755,0.000018099999999999999948564432497750964490279557139729150
2756,0.000018099999999999999948564432497750964490279557139729150
2757,0.000018000000000000002361839565069578927847260274575091898
2758,0.000017899999999999998157669797217185492232971455450751819
2759,0.000017899999999999998157669797217185492232971455450751819
2760,0.000017800000000000000570944929789013455589952172886114568
2761,0.000017800000000000000570944929789013455589952172886114568
2762,0.000017800000000000000570944929789013455589952172886114568
2763,0.000017800000000000000570944929789013455589952172886114568
2764,0.000017800000000000000570944929789013455589952172886114568
2765,0.000017800000000000000570944929789013455589952172886114568
2766,0.000017699999999999999675497612148730719461298122041625902
2767,0.000017699999999999999675497612148730719461298122041625902
2768,0.000017699999999999999675497612148730719461298122041625902
2769,0.000017699999999999999675497612148730719461298122041625902
2770,0.000017599999999999998780050294508447983332644071197137237
2771,0.000017599999999999998780050294508447983332644071197137237
2772,0.000017599999999999998780050294508447983332644071197137237
2773,0.000017599999999999998780050294508447983332644071197137237
2774,0.000017599999999999998780050294508447983332644071197137237
2775,0.000017500000000000001193325427080275946689624788632499985
2776,0.000017400000000000000297878109439993210560970737788011320
2777,0.000017299999999999999402430791799710474432316686943522654
2778,0.000017299999999999999402430791799710474432316686943522654
2779,0.000017299999999999999402430791799710474432316686943522654
2780,0.000017299999999999999402430791799710474432316686943522654
2781,0.000017299999999999999402430791799710474432316686943522654
2782,0.000017200000000000001815705924371538437789297404378885403
2783,0.000017200000000000001815705924371538437789297404378885403
2784,0.000017200000000000001815705924371538437789297404378885403
2785,0.000017200000000000001815705924371538437789297404378885403
2786,0.000017200000000000001815705924371538437789297404378885403
2787,0.000017200000000000001815705924371538437789297404378885403
2788,0.000017100000000000000920258606731255701660643353534396738
2789,0.000017100000000000000920258606731255701660643353534396738
2790,0.000017000000000000000024811289090972965531989302689908072
2791,0.000016899999999999999129363971450690229403335251845419407
2792,0.000016899999999999999129363971450690229403335251845419407
2793,0.000016899999999999999129363971450690229403335251845419407
2794,0.000016899999999999999129363971450690229403335251845419407
2795,0.000016899999999999999129363971450690229403335251845419407
2796,0.000016899999999999999129363971450690229403335251845419407
2797,0.000016899999999999999129363971450690229403335251845419407
2798,0.000016899999999999999129363971450690229403335251845419407
2799,0.000016899999999999999129363971450690229403335251845419407
2800,0.000016899999999999999129363971450690229403335251845419407
2801,0.000016899999999999999129363971450690229403335251845419407
2802,0.000016899999999999999129363971450690229403335251845419407
2803,0.000016899999999999999129363971450690229403335251845419407
2804,0.000016899999999999999129363971450690229403335251845419407
2805,0.000016899999999999999129363971450690229403335251845419407
2806,0.000016899999999999999129363971450690229403335251845419407
2807,0.000016899999999999999129363971450690229403335251845419407
2808,0.000016899999999999999129363971450690229403335251845419407
2809,0.000016899999999999999129363971450690229403335251845419407
2810,0.000016899999999999999129363971450690229403335251845419407
2811,0.000016899999999999999129363971450690229403335251845419407
2812,0.000016899999999999999129363971450690229403335251845419407
2813,0.000016899999999999999129363971450690229403335251845419407
2814,0.000016899999999999999129363971450690229403335251845419407
2815,0.000016799999999999998233916653810407493274681201000930741
2816,0.000016799999999999998233916653810407493274681201000930741
2817,0.000016799999999999998233916653810407493274681201000930741
2818,0.000016700000000000000647191786382235456631661918436293490
2819,0.000016700000000000000647191786382235456631661918436293490
2820,0.000016599999999999999751744468741952720503007867591804825
2821,0.000016599999999999999751744468741952720503007867591804825
2822,0.000016599999999999999751744468741952720503007867591804825
2823,0.000016599999999999999751744468741952720503007867591804825
2824,0.000016599999999999999751744468741952720503007867591804825
2825,0.000016599999999999999751744468741952720503007867591804825
2826,0.000016599999999999999751744468741952720503007867591804825
2827,0.000016599999999999999751744468741952720503007867591804825
2828,0.000016599999999999999751744468741952720503007867591804825
2829,0.000016599999999999999751744468741952720503007867591804825
2830,0.000016599999999999999751744468741952720503007867591804825
2831,0.000016599999999999999751744468741952720503007867591804825
2832,0.000016599999999999999751744468741952720503007867591804825
2833,0.000016599999999999999751744468741952720503007867591804825
2834,0.000016599999999999999751744468741952720503007867591804825
2835,0.000016599999999999999751744468741952720503007867591804825
2836,0.000016499999999999998856297151101669984374353816747316159
2837,0.000016499999999999998856297151101669984374353816747316159
2838,0.000016499999999999998856297151101669984374353816747316159
2839,0.000016400000000000001269572283673497947731334534182678908
2840,0.000016400000000000001269572283673497947731334534182678908
2841,0.000016400000000000001269572283673497947731334534182678908
2842,0.000016400000000000001269572283673497947731334534182678908
2843,0.000016300000000000000374124966033215211602680483338190243
2844,0.000016300000000000000374124966033215211602680483338190243
2845,0.000016300000000000000374124966033215211602680483338190243
2846,0.000016300000000000000374124966033215211602680483338190243
2847,0.000016300000000000000374124966033215211602680483338190243
2848,0.000016300000000000000374124966033215211602680483338190243
2849,0.000016300000000000000374124966033215211602680483338190243
2850,0.000016199999999999999478677648392932475474026432493701577
2851,0.000016199999999999999478677648392932475474026432493701577
2852,0.000016199999999999999478677648392932475474026432493701577
2853,0.000016199999999999999478677648392932475474026432493701577
2854,0.000016199999999999999478677648392932475474026432493701577
2855,0.000016199999999999999478677648392932475474026432493701577
2856,0.000016199999999999999478677648392932475474026432493701577
2857,0.000016199999999999999478677648392932475474026432493701577
2858,0.000016199999999999999478677648392932475474026432493701577
2859,0.000016100000000000001891952780964760438831007149929064326
2860,0.000016000000000000000996505463324477702702353099084575661
2861,0.000016000000000000000996505463324477702702353099084575661
2862,0.000016000000000000000996505463324477702702353099084575661
2863,0.000016000000000000000996505463324477702702353099084575661
2864,0.000016000000000000000996505463324477702702353099084575661
2865,0.000016000000000000000996505463324477702702353099084575661
2866,0.000016000000000000000996505463324477702702353099084575661
2867,0.000016000000000000000996505463324477702702353099084575661
2868,0.000016000000000000000996505463324477702702353099084575661
2869,0.000016000000000000000996505463324477702702353099084575661
2870,0.000016000000000000000996505463324477702702353099084575661
2871,0.000016000000000000000996505463324477702702353099084575661
2872,0.000016000000000000000996505463324477702702353099084575661
2873,0.000016000000000000000996505463324477702702353099084575661
2874,0.000016000000000000000996505463324477702702353099084575661
2875,0.000016000000000000000996505463324477702702353099084575661
2876,0.000016000000000000000996505463324477702702353099084575661
2877,0.000016000000000000000996505463324477702702353099084575661
2878,0.000016000000000000000996505463324477702702353099084575661
2879,0.000016000000000000000996505463324477702702353099084575661
2880,0.000016000000000000000996505463324477702702353099084575661
2881,0.000016000000000000000996505463324477702702353099084575661
2882,0.000015799999999999999205610828043912230445044997395598330
2883,0.000015799999999999999205610828043912230445044997395598330
2884,0.000015799999999999999205610828043912230445044997395598330
2885,0.000015699999999999998310163510403629494316390946551109664
2886,0.000015699999999999998310163510403629494316390946551109664
2887,0.000015699999999999998310163510403629494316390946551109664
2888,0.000015699999999999998310163510403629494316390946551109664
2889,0.000015699999999999998310163510403629494316390946551109664
2890,0.000015699999999999998310163510403629494316390946551109664
2891,0.000015699999999999998310163510403629494316390946551109664
2892,0.000015699999999999998310163510403629494316390946551109664
2893,0.000015699999999999998310163510403629494316390946551109664
2894,0.000015699999999999998310163510403629494316390946551109664
2895,0.000015699999999999998310163510403629494316390946551109664
2896,0.000015699999999999998310163510403629494316390946551109664
2897,0.000015699999999999998310163510403629494316390946551109664
2898,0.000015699999999999998310163510403629494316390946551109664
2899,0.000015699999999999998310163510403629494316390946551109664
2900,0.000015699999999999998310163510403629494316390946551109664
2901,0.000015699999999999998310163510403629494316390946551109664
2902,0.000015699999999999998310163510403629494316390946551109664
2903,0.000015699999999999998310163510403629494316390946551109664
2904,0.000015699999999999998310163510403629494316390946551109664
2905,0.000015699999999999998310163510403629494316390946551109664
2906,0.000015699999999999998310163510403629494316390946551109664
2907,0.000015600000000000000723438642975457457673371663986472413
2908,0.000015600000000000000723438642975457457673371663986472413
2909,0.000015600000000000000723438642975457457673371663986472413
2910,0.000015499999999999999827991325335174721544717613141983747
2911,0.000015499999999999999827991325335174721544717613141983747
2912,0.000015499999999999999827991325335174721544717613141983747
2913,0.000015499999999999999827991325335174721544717613141983747
2914,0.000015399999999999998932544007694891985416063562297495082
2915,0.000015399999999999998932544007694891985416063562297495082
2916,0.000015399999999999998932544007694891985416063562297495082
2917,0.000015399999999999998932544007694891985416063562297495082
2918,0.000015399999999999998932544007694891985416063562297495082
2919,0.000015399999999999998932544007694891985416063562297495082
2920,0.000015399999999999998932544007694891985416063562297495082
2921,0.000015399999999999998932544007694891985416063562297495082
2922,0.000015399999999999998932544007694891985416063562297495082
2923,0.000015399999999999998932544007694891985416063562297495082
2924,0.000015399999999999998932544007694891985416063562297495082
2925,0.000015399999999999998932544007694891985416063562297495082
2926,0.000015399999999999998932544007694891985416063562297495082
2927,0.000015399999999999998932544007694891985416063562297495082
2928,0.000015399999999999998932544007694891985416063562297495082
2929,0.000015300000000000001345819140266719948773044279732857831
2930,0.000015300000000000001345819140266719948773044279732857831
2931,0.000015300000000000001345819140266719948773044279732857831
2932,0.000015300000000000001345819140266719948773044279732857831
2933,0.000015300000000000001345819140266719948773044279732857831
2934,0.000015300000000000001345819140266719948773044279732857831
2935,0.000015200000000000000450371822626437212644390228888369165
2936,0.000015200000000000000450371822626437212644390228888369165
2937,0.000015200000000000000450371822626437212644390228888369165
2938,0.000015200000000000000450371822626437212644390228888369165
2939,0.000015099999999999999554924504986154476515736178043880500
2940,0.000015099999999999999554924504986154476515736178043880500
2941,0.000015099999999999999554924504986154476515736178043880500
2942,0.000015099999999999999554924504986154476515736178043880500
2943,0.000015099999999999999554924504986154476515736178043880500
2944,0.000015099999999999999554924504986154476515736178043880500
2945,0.000015099999999999999554924504986154476515736178043880500
2946,0.000014999999999999998659477187345871740387082127199391834
2947,0.000014999999999999998659477187345871740387082127199391834
2948,0.000014999999999999998659477187345871740387082127199391834
2949,0.000014899999999999999418391094811644354001245460494828876
2950,0.000014899999999999999418391094811644354001245460494828876
2951,0.000014899999999999999418391094811644354001245460494828876
2952,0.000014899999999999999418391094811644354001245460494828876
2953,0.000014899999999999999418391094811644354001245460494828876
2954,0.000014899999999999999418391094811644354001245460494828876
2955,0.000014899999999999999418391094811644354001245460494828876
2956,0.000014899999999999999418391094811644354001245460494828876
2957,0.000014899999999999999418391094811644354001245460494828876
2958,0.000014899999999999999418391094811644354001245460494828876
2959,0.000014899999999999999418391094811644354001245460494828876
2960,0.000014899999999999999418391094811644354001245460494828876
2961,0.000014899999999999999418391094811644354001245460494828876
2962,0.000014899999999999999418391094811644354001245460494828876
2963,0.000014799999999999998522943777171361617872591409650340211
2964,0.000014799999999999998522943777171361617872591409650340211
2965,0.000014799999999999998522943777171361617872591409650340211
2966,0.000014799999999999998522943777171361617872591409650340211
2967,0.000014799999999999998522943777171361617872591409650340211
2968,0.000014799999999999998522943777171361617872591409650340211
2969,0.000014699999999999999281857684637134231486754742945777252
2970,0.000014600000000000000040771592102906845100918076241214294
2971,0.000014500000000000000799685499568679458715081409536651336
2972,0.000014399999999999999904238181928396722586427358692162670
2973,0.000014300000000000000663152089394169336200590691987599712
2974,0.000014300000000000000663152089394169336200590691987599712
2975,0.000014300000000000000663152089394169336200590691987599712
2976,0.000014300000000000000663152089394169336200590691987599712
2977,0.000014200000000000001422065996859941949814754025283036754
2978,0.000014200000000000001422065996859941949814754025283036754
2979,0.000014200000000000001422065996859941949814754025283036754
2980,0.000014200000000000001422065996859941949814754025283036754
2981,0.000014200000000000001422065996859941949814754025283036754
2982,0.000014100000000000000526618679219659213686099974438548088
2983,0.000013999999999999997976810136473321127814628539454133715
2984,0.000013999999999999997976810136473321127814628539454133715
2985,0.000013899999999999998735724043939093741428791872749570757
2986,0.000013899999999999998735724043939093741428791872749570757
2987,0.000013899999999999998735724043939093741428791872749570757
2988,0.000013899999999999998735724043939093741428791872749570757
2989,0.000013899999999999998735724043939093741428791872749570757
2990,0.000013899999999999998735724043939093741428791872749570757
2991,0.000013899999999999998735724043939093741428791872749570757
2992,0.000013899999999999998735724043939093741428791872749570757
2993,0.000013899999999999998735724043939093741428791872749570757
2994,0.000013899999999999998735724043939093741428791872749570757
2995,0.000013899999999999998735724043939093741428791872749570757
2996,0.000013899999999999998735724043939093741428791872749570757
2997,0.000013899999999999998735724043939093741428791872749570757
2998,0.000013899999999999998735724043939093741428791872749570757
2999,0.000013899999999999998735724043939093741428791872749570757
3000,0.000013899999999999998735724043939093741428791872749570757
3001,0.000013899999999999998735724043939093741428791872749570757
3002,0.000013799999999999999494637951404866355042955206045007799
3003,0.000013799999999999999494637951404866355042955206045007799
3004,0.000013799999999999999494637951404866355042955206045007799
3005,0.000013799999999999999494637951404866355042955206045007799
3006,0.000013799999999999999494637951404866355042955206045007799
3007,0.000013799999999999999494637951404866355042955206045007799
3008,0.000013799999999999999494637951404866355042955206045007799
3009,0.000013799999999999999494637951404866355042955206045007799
3010,0.000013799999999999999494637951404866355042955206045007799
3011,0.000013799999999999999494637951404866355042955206045007799
3012,0.000013799999999999999494637951404866355042955206045007799
3013,0.000013799999999999999494637951404866355042955206045007799
3014,0.000013599999999999999358104541230356232528464488495956175
3015,0.000013599999999999999358104541230356232528464488495956175
3016,0.000013599999999999999358104541230356232528464488495956175
3017,0.000013599999999999999358104541230356232528464488495956175
3018,0.000013599999999999999358104541230356232528464488495956175
3019,0.000013599999999999999358104541230356232528464488495956175
3020,0.000013599999999999999358104541230356232528464488495956175
3021,0.000013599999999999999358104541230356232528464488495956175
3022,0.000013599999999999999358104541230356232528464488495956175
3023,0.000013599999999999999358104541230356232528464488495956175
3024,0.000013599999999999999358104541230356232528464488495956175
3025,0.000013599999999999999358104541230356232528464488495956175
3026,0.000013599999999999999358104541230356232528464488495956175
3027,0.000013599999999999999358104541230356232528464488495956175
3028,0.000013599999999999999358104541230356232528464488495956175
3029,0.000013599999999999999358104541230356232528464488495956175
3030,0.000013599999999999999358104541230356232528464488495956175
3031,0.000013599999999999999358104541230356232528464488495956175
3032,0.000013599999999999999358104541230356232528464488495956175
3033,0.000013599999999999999358104541230356232528464488495956175
3034,0.000013500000000000000117018448696128846142627821791393217
3035,0.000013500000000000000117018448696128846142627821791393217
3036,0.000013500000000000000117018448696128846142627821791393217
3037,0.000013500000000000000117018448696128846142627821791393217
3038,0.000013500000000000000117018448696128846142627821791393217
3039,0.000013500000000000000117018448696128846142627821791393217
3040,0.000013500000000000000117018448696128846142627821791393217
3041,0.000013500000000000000117018448696128846142627821791393217
3042,0.000013500000000000000117018448696128846142627821791393217
3043,0.000013500000000000000117018448696128846142627821791393217
3044,0.000013500000000000000117018448696128846142627821791393217
3045,0.000013500000000000000117018448696128846142627821791393217
3046,0.000013500000000000000117018448696128846142627821791393217
3047,0.000013500000000000000117018448696128846142627821791393217
3048,0.000013500000000000000117018448696128846142627821791393217
3049,0.000013500000000000000117018448696128846142627821791393217
3050,0.000013500000000000000117018448696128846142627821791393217
3051,0.000013500000000000000117018448696128846142627821791393217
3052,0.000013500000000000000117018448696128846142627821791393217
3053,0.000013500000000000000117018448696128846142627821791393217
3054,0.000013500000000000000117018448696128846142627821791393217
3055,0.000013500000000000000117018448696128846142627821791393217
3056,0.000013500000000000000117018448696128846142627821791393217
3057,0.000013500000000000000117018448696128846142627821791393217
3058,0.000013400000000000000875932356161901459756791155086830258
3059,0.000013400000000000000875932356161901459756791155086830258
3060,0.000013400000000000000875932356161901459756791155086830258
3061,0.000013400000000000000875932356161901459756791155086830258
3062,0.000013400000000000000875932356161901459756791155086830258
3063,0.000013400000000000000875932356161901459756791155086830258
3064,0.000013400000000000000875932356161901459756791155086830258
3065,0.000013400000000000000875932356161901459756791155086830258
3066,0.000013400000000000000875932356161901459756791155086830258
3067,0.000013299999999999999980485038521618723628137104242341593
3068,0.000013299999999999999980485038521618723628137104242341593
3069,0.000013299999999999999980485038521618723628137104242341593
3070,0.000013299999999999999980485038521618723628137104242341593
3071,0.000013299999999999999980485038521618723628137104242341593
3072,0.000013299999999999999980485038521618723628137104242341593
3073,0.000013299999999999999980485038521618723628137104242341593
3074,0.000013299999999999999980485038521618723628137104242341593
3075,0.000013299999999999999980485038521618723628137104242341593
3076,0.000013299999999999999980485038521618723628137104242341593
3077,0.000013299999999999999980485038521618723628137104242341593
3078,0.000013299999999999999980485038521618723628137104242341593
3079,0.000013299999999999999980485038521618723628137104242341593
3080,0.000013299999999999999980485038521618723628137104242341593
3081,0.000013299999999999999980485038521618723628137104242341593
3082,0.000013299999999999999980485038521618723628137104242341593
3083,0.000013299999999999999980485038521618723628137104242341593
3084,0.000013299999999999999980485038521618723628137104242341593
3085,0.000013299999999999999980485038521618723628137104242341593
3086,0.000013100000000000001498312853453163950856463770833215676
3087,0.000013100000000000001498312853453163950856463770833215676
3088,0.000013100000000000001498312853453163950856463770833215676
3089,0.000013100000000000001498312853453163950856463770833215676
3090,0.000013100000000000001498312853453163950856463770833215676
3091,0.000013100000000000001498312853453163950856463770833215676
3092,0.000013100000000000001498312853453163950856463770833215676
3093,0.000012999999999999998948504310706825864984992335848801304
3094,0.000012899999999999999707418218172598478599155669144238345
3095,0.000012899999999999999707418218172598478599155669144238345
3096,0.000012799999999999998811970900532315742470501618299749680
3097,0.000012799999999999998811970900532315742470501618299749680
3098,0.000012799999999999998811970900532315742470501618299749680
3099,0.000012799999999999998811970900532315742470501618299749680
3100,0.000012799999999999998811970900532315742470501618299749680
3101,0.000012799999999999998811970900532315742470501618299749680
3102,0.000012799999999999998811970900532315742470501618299749680
3103,0.000012799999999999998811970900532315742470501618299749680
3104,0.000012699999999999999570884807998088356084664951595186722
3105,0.000012699999999999999570884807998088356084664951595186722
3106,0.000012699999999999999570884807998088356084664951595186722
3107,0.000012699999999999999570884807998088356084664951595186722
3108,0.000012699999999999999570884807998088356084664951595186722
3109,0.000012699999999999999570884807998088356084664951595186722
3110,0.000012699999999999999570884807998088356084664951595186722
3111,0.000012699999999999999570884807998088356084664951595186722
3112,0.000012699999999999999570884807998088356084664951595186722
3113,0.000012699999999999999570884807998088356084664951595186722
3114,0.000012699999999999999570884807998088356084664951595186722
3115,0.000012699999999999999570884807998088356084664951595186722
3116,0.000012600000000000000329798715463860969698828284890623763
3117,0.000012600000000000000329798715463860969698828284890623763
3118,0.000012600000000000000329798715463860969698828284890623763
3119,0.000012600000000000000329798715463860969698828284890623763
3120,0.000012600000000000000329798715463860969698828284890623763
3121,0.000012600000000000000329798715463860969698828284890623763
3122,0.000012600000000000000329798715463860969698828284890623763
3123,0.000012600000000000000329798715463860969698828284890623763
3124,0.000012600000000000000329798715463860969698828284890623763
3125,0.000012600000000000000329798715463860969698828284890623763
3126,0.000012600000000000000329798715463860969698828284890623763
3127,0.000012600000000000000329798715463860969698828284890623763
3128,0.000012600000000000000329798715463860969698828284890623763
3129,0.000012600000000000000329798715463860969698828284890623763
3130,0.000012600000000000000329798715463860969698828284890623763
3131,0.000012600000000000000329798715463860969698828284890623763
3132,0.000012600000000000000329798715463860969698828284890623763
3133,0.000012600000000000000329798715463860969698828284890623763
3134,0.000012600000000000000329798715463860969698828284890623763
3135,0.000012600000000000000329798715463860969698828284890623763
3136,0.000012600000000000000329798715463860969698828284890623763
3137,0.000012600000000000000329798715463860969698828284890623763
3138,0.000012600000000000000329798715463860969698828284890623763
3139,0.000012600000000000000329798715463860969698828284890623763
3140,0.000012600000000000000329798715463860969698828284890623763
3141,0.000012600000000000000329798715463860969698828284890623763
3142,0.000012600000000000000329798715463860969698828284890623763
3143,0.000012600000000000000329798715463860969698828284890623763
3144,0.000012600000000000000329798715463860969698828284890623763
3145,0.000012499999999999999434351397823578233570174234046135098
3146,0.000012499999999999999434351397823578233570174234046135098
3147,0.000012499999999999999434351397823578233570174234046135098
3148,0.000012400000000000000193265305289350847184337567341572139
3149,0.000012400000000000000193265305289350847184337567341572139
3150,0.000012400000000000000193265305289350847184337567341572139
3151,0.000012400000000000000193265305289350847184337567341572139
3152,0.000012400000000000000193265305289350847184337567341572139
3153,0.000012400000000000000193265305289350847184337567341572139
3154,0.000012400000000000000193265305289350847184337567341572139
3155,0.000012400000000000000193265305289350847184337567341572139
3156,0.000012400000000000000193265305289350847184337567341572139
3157,0.000012400000000000000193265305289350847184337567341572139
3158,0.000012400000000000000193265305289350847184337567341572139
3159,0.000012400000000000000193265305289350847184337567341572139
3160,0.000012400000000000000193265305289350847184337567341572139
3161,0.000012400000000000000193265305289350847184337567341572139
3162,0.000012300000000000000952179212755123460798500900637009181
3163,0.000012300000000000000952179212755123460798500900637009181
3164,0.000012300000000000000952179212755123460798500900637009181
3165,0.000012300000000000000952179212755123460798500900637009181
3166,0.000012300000000000000952179212755123460798500900637009181
3167,0.000012300000000000000952179212755123460798500900637009181
3168,0.000012300000000000000952179212755123460798500900637009181
3169,0.000012300000000000000952179212755123460798500900637009181
3170,0.000012300000000000000952179212755123460798500900637009181
3171,0.000012300000000000000952179212755123460798500900637009181
3172,0.000012300000000000000952179212755123460798500900637009181
3173,0.000012300000000000000952179212755123460798500900637009181
3174,0.000012300000000000000952179212755123460798500900637009181
3175,0.000012300000000000000952179212755123460798500900637009181
3176,0.000012300000000000000952179212755123460798500900637009181
3177,0.000012300000000000000952179212755123460798500900637009181
3178,0.000012300000000000000952179212755123460798500900637009181
3179,0.000012300000000000000952179212755123460798500900637009181
3180,0.000012300000000000000952179212755123460798500900637009181
3181,0.000012200000000000000056731895114840724669846849792520516
3182,0.000012200000000000000056731895114840724669846849792520516
3183,0.000012200000000000000056731895114840724669846849792520516
3184,0.000012200000000000000056731895114840724669846849792520516
3185,0.000012200000000000000056731895114840724669846849792520516
3186,0.000012200000000000000056731895114840724669846849792520516
3187,0.000012200000000000000056731895114840724669846849792520516
3188,0.000012200000000000000056731895114840724669846849792520516
3189,0.000012200000000000000056731895114840724669846849792520516
3190,0.000012200000000000000056731895114840724669846849792520516
3191,0.000012200000000000000056731895114840724669846849792520516
3192,0.000012200000000000000056731895114840724669846849792520516
3193,0.000012200000000000000056731895114840724669846849792520516
3194,0.000012200000000000000056731895114840724669846849792520516
3195,0.000012100000000000000815645802580613338284010183087957557
3196,0.000012100000000000000815645802580613338284010183087957557
3197,0.000012100000000000000815645802580613338284010183087957557
3198,0.000012100000000000000815645802580613338284010183087957557
3199,0.000012100000000000000815645802580613338284010183087957557
3200,0.000012100000000000000815645802580613338284010183087957557
3201,0.000011999999999999999920198484940330602155356132243468892
3202,0.000011999999999999999920198484940330602155356132243468892
3203,0.000011999999999999999920198484940330602155356132243468892
3204,0.000011999999999999999920198484940330602155356132243468892
3205,0.000011900000000000000679112392406103215769519465538905933
3206,0.000011900000000000000679112392406103215769519465538905933
3207,0.000011900000000000000679112392406103215769519465538905933
3208,0.000011900000000000000679112392406103215769519465538905933
3209,0.000011900000000000000679112392406103215769519465538905933
3210,0.000011799999999999999783665074765820479640865414694417268
3211,0.000011700000000000000542578982231593093255028747989854310
3212,0.000011700000000000000542578982231593093255028747989854310
3213,0.000011700000000000000542578982231593093255028747989854310
3214,0.000011700000000000000542578982231593093255028747989854310
3215,0.000011700000000000000542578982231593093255028747989854310
3216,0.000011700000000000000542578982231593093255028747989854310
3217,0.000011700000000000000542578982231593093255028747989854310
3218,0.000011700000000000000542578982231593093255028747989854310
3219,0.000011700000000000000542578982231593093255028747989854310
3220,0.000011700000000000000542578982231593093255028747989854310
3221,0.000011599999999999999647131664591310357126374697145365644
3222,0.000011500000000000000406045572057082970740538030440802686
3223,0.000011500000000000000406045572057082970740538030440802686
3224,0.000011400000000000001164959479522855584354701363736239728
3225,0.000011400000000000001164959479522855584354701363736239728
3226,0.000011400000000000001164959479522855584354701363736239728
3227,0.000011400000000000001164959479522855584354701363736239728
3228,0.000011400000000000001164959479522855584354701363736239728
3229,0.000011300000000000000269512161882572848226047312891751062
3230,0.000011300000000000000269512161882572848226047312891751062
3231,0.000011199999999999999374064844242290112097393262047262397
3232,0.000011199999999999999374064844242290112097393262047262397
3233,0.000011199999999999999374064844242290112097393262047262397
3234,0.000011199999999999999374064844242290112097393262047262397
3235,0.000011100000000000000132978751708062725711556595342699438
3236,0.000011100000000000000132978751708062725711556595342699438
3237,0.000011100000000000000132978751708062725711556595342699438
3238,0.000011100000000000000132978751708062725711556595342699438
3239,0.000011100000000000000132978751708062725711556595342699438
3240,0.000011100000000000000132978751708062725711556595342699438
3241,0.000011100000000000000132978751708062725711556595342699438
3242,0.000011100000000000000132978751708062725711556595342699438
3243,0.000011100000000000000132978751708062725711556595342699438
3244,0.000011100000000000000132978751708062725711556595342699438
3245,0.000011100000000000000132978751708062725711556595342699438
3246,0.000011100000000000000132978751708062725711556595342699438
3247,0.000011100000000000000132978751708062725711556595342699438
3248,0.000011100000000000000132978751708062725711556595342699438
3249,0.000011100000000000000132978751708062725711556595342699438
3250,0.000011000000000000000891892659173835339325719928638136480
3251,0.000011000000000000000891892659173835339325719928638136480
3252,0.000011000000000000000891892659173835339325719928638136480
3253,0.000011000000000000000891892659173835339325719928638136480
3254,0.000011000000000000000891892659173835339325719928638136480
3255,0.000011000000000000000891892659173835339325719928638136480
3256,0.000010899999999999999996445341533552603197065877793647815
3257,0.000010899999999999999996445341533552603197065877793647815
3258,0.000010799999999999999100998023893269867068411826949159149
3259,0.000010699999999999999859911931359042480682575160244596191
3260,0.000010699999999999999859911931359042480682575160244596191
3261,0.000010699999999999999859911931359042480682575160244596191
3262,0.000010699999999999999859911931359042480682575160244596191
3263,0.000010699999999999999859911931359042480682575160244596191
3264,0.000010699999999999999859911931359042480682575160244596191
3265,0.000010699999999999999859911931359042480682575160244596191
3266,0.000010699999999999999859911931359042480682575160244596191
3267,0.000010699999999999999859911931359042480682575160244596191
3268,0.000010600000000000000618825838824815094296738493540033232
3269,0.000010600000000000000618825838824815094296738493540033232
3270,0.000010600000000000000618825838824815094296738493540033232
3271,0.000010600000000000000618825838824815094296738493540033232
3272,0.000010600000000000000618825838824815094296738493540033232
3273,0.000010499999999999999723378521184532358168084442695544567
3274,0.000010499999999999999723378521184532358168084442695544567
3275,0.000010499999999999999723378521184532358168084442695544567
3276,0.000010499999999999999723378521184532358168084442695544567
3277,0.000010499999999999999723378521184532358168084442695544567
3278,0.000010499999999999999723378521184532358168084442695544567
3279,0.000010499999999999999723378521184532358168084442695544567
3280,0.000010499999999999999723378521184532358168084442695544567
3281,0.000010499999999999999723378521184532358168084442695544567
3282,0.000010399999999999998827931203544249622039430391851055901
3283,0.000010399999999999998827931203544249622039430391851055901
3284,0.000010399999999999998827931203544249622039430391851055901
3285,0.000010399999999999998827931203544249622039430391851055901
3286,0.000010399999999999998827931203544249622039430391851055901
3287,0.000010399999999999998827931203544249622039430391851055901
3288,0.000010399999999999998827931203544249622039430391851055901
3289,0.000010399999999999998827931203544249622039430391851055901
3290,0.000010399999999999998827931203544249622039430391851055901
3291,0.000010399999999999998827931203544249622039430391851055901
3292,0.000010399999999999998827931203544249622039430391851055901
3293,0.000010399999999999998827931203544249622039430391851055901
3294,0.000010399999999999998827931203544249622039430391851055901
3295,0.000010399999999999998827931203544249622039430391851055901
3296,0.000010399999999999998827931203544249622039430391851055901
3297,0.000010399999999999998827931203544249622039430391851055901
3298,0.000010399999999999998827931203544249622039430391851055901
3299,0.000010399999999999998827931203544249622039430391851055901
3300,0.000010399999999999998827931203544249622039430391851055901
3301,0.000010399999999999998827931203544249622039430391851055901
3302,0.000010399999999999998827931203544249622039430391851055901
3303,0.000010399999999999998827931203544249622039430391851055901
3304,0.000010399999999999998827931203544249622039430391851055901
3305,0.000010399999999999998827931203544249622039430391851055901
3306,0.000010399999999999998827931203544249622039430391851055901
3307,0.000010399999999999998827931203544249622039430391851055901
3308,0.000010399999999999998827931203544249622039430391851055901
3309,0.000010399999999999998827931203544249622039430391851055901
3310,0.000010399999999999998827931203544249622039430391851055901
3311,0.000010399999999999998827931203544249622039430391851055901
3312,0.000010399999999999998827931203544249622039430391851055901
3313,0.000010399999999999998827931203544249622039430391851055901
3314,0.000010399999999999998827931203544249622039430391851055901
3315,0.000010399999999999998827931203544249622039430391851055901
3316,0.000010399999999999998827931203544249622039430391851055901
3317,0.000010399999999999998827931203544249622039430391851055901
3318,0.000010399999999999998827931203544249622039430391851055901
3319,0.000010399999999999998827931203544249622039430391851055901
3320,0.000010399999999999998827931203544249622039430391851055901
3321,0.000010399999999999998827931203544249622039430391851055901
3322,0.000010299999999999999586845111010022235653593725146492943
3323,0.000010299999999999999586845111010022235653593725146492943
3324,0.000010299999999999999586845111010022235653593725146492943
3325,0.000010299999999999999586845111010022235653593725146492943
3326,0.000010299999999999999586845111010022235653593725146492943
3327,0.000010299999999999999586845111010022235653593725146492943
3328,0.000010299999999999999586845111010022235653593725146492943
3329,0.000010299999999999999586845111010022235653593725146492943
3330,0.000010299999999999999586845111010022235653593725146492943
3331,0.000010299999999999999586845111010022235653593725146492943
3332,0.000010299999999999999586845111010022235653593725146492943
3333,0.000010299999999999999586845111010022235653593725146492943
3334,0.000010299999999999999586845111010022235653593725146492943
3335,0.000010299999999999999586845111010022235653593725146492943
3336,0.000010299999999999999586845111010022235653593725146492943
3337,0.000010299999999999999586845111010022235653593725146492943
3338,0.000010299999999999999586845111010022235653593725146492943
3339,0.000010299999999999999586845111010022235653593725146492943
3340,0.000010299999999999999586845111010022235653593725146492943
3341,0.000010299999999999999586845111010022235653593725146492943
3342,0.000010299999999999999586845111010022235653593725146492943
3343,0.000010299999999999999586845111010022235653593725146492943
3344,0.000010299999999999999586845111010022235653593725146492943
3345,0.000010299999999999999586845111010022235653593725146492943
3346,0.000010200000000000000345759018475794849267757058441929985
3347,0.000010200000000000000345759018475794849267757058441929985
3348,0.000010200000000000000345759018475794849267757058441929985
3349,0.000010200000000000000345759018475794849267757058441929985
3350,0.000010099999999999999450311700835512113139103007597441319
3351,0.000010099999999999999450311700835512113139103007597441319
3352,0.000010099999999999999450311700835512113139103007597441319
3353,0.000010099999999999999450311700835512113139103007597441319
3354,0.000010000000000000000209225608301284726753266340892878361
3355,0.000010000000000000000209225608301284726753266340892878361
3356,0.000010000000000000000209225608301284726753266340892878361
3357,0.000010000000000000000209225608301284726753266340892878361
3358,0.000010000000000000000209225608301284726753266340892878361
3359,0.000010000000000000000209225608301284726753266340892878361
3360,0.000010000000000000000209225608301284726753266340892878361
3361,0.000010000000000000000209225608301284726753266340892878361
3362,0.000010000000000000000209225608301284726753266340892878361
3363,0.000009899999999999999313778290661001990624612290048389696
3364,0.000009899999999999999313778290661001990624612290048389696
3365,0.000009899999999999999313778290661001990624612290048389696
3366,0.000009899999999999999313778290661001990624612290048389696
3367,0.000009899999999999999313778290661001990624612290048389696
3368,0.000009899999999999999313778290661001990624612290048389696
3369,0.000009899999999999999313778290661001990624612290048389696
3370,0.000009899999999999999313778290661001990624612290048389696
3371,0.000009800000000000000072692198126774604238775623343826737
3372,0.000009800000000000000072692198126774604238775623343826737
3373,0.000009800000000000000072692198126774604238775623343826737
3374,0.000009800000000000000072692198126774604238775623343826737
3375,0.000009800000000000000072692198126774604238775623343826737
3376,0.000009699999999999999177244880486491868110121572499338072
3377,0.000009699999999999999177244880486491868110121572499338072
3378,0.000009699999999999999177244880486491868110121572499338072
3379,0.000009699999999999999177244880486491868110121572499338072
3380,0.000009699999999999999177244880486491868110121572499338072
3381,0.000009699999999999999177244880486491868110121572499338072
3382,0.000009599999999999999936158787952264481724284905794775113
3383,0.000009599999999999999936158787952264481724284905794775113
3384,0.000009599999999999999936158787952264481724284905794775113
3385,0.000009599999999999999936158787952264481724284905794775113
3386,0.000009599999999999999936158787952264481724284905794775113
3387,0.000009599999999999999936158787952264481724284905794775113
3388,0.000009599999999999999936158787952264481724284905794775113
3389,0.000009599999999999999936158787952264481724284905794775113
3390,0.000009500000000000000695072695418037095338448239090212155
3391,0.000009500000000000000695072695418037095338448239090212155
3392,0.000009500000000000000695072695418037095338448239090212155
3393,0.000009500000000000000695072695418037095338448239090212155
3394,0.000009500000000000000695072695418037095338448239090212155
3395,0.000009500000000000000695072695418037095338448239090212155
3396,0.000009500000000000000695072695418037095338448239090212155
3397,0.000009500000000000000695072695418037095338448239090212155
3398,0.000009500000000000000695072695418037095338448239090212155
3399,0.000009500000000000000695072695418037095338448239090212155
3400,0.000009500000000000000695072695418037095338448239090212155
3401,0.000009399999999999999799625377777754359209794188245723490
3402,0.000009299999999999998904178060137471623081140137401234824
3403,0.000009299999999999998904178060137471623081140137401234824
3404,0.000009299999999999998904178060137471623081140137401234824
3405,0.000009299999999999998904178060137471623081140137401234824
3406,0.000009299999999999998904178060137471623081140137401234824
3407,0.000009299999999999998904178060137471623081140137401234824
3408,0.000009299999999999998904178060137471623081140137401234824
3409,0.000009299999999999998904178060137471623081140137401234824
3410,0.000009299999999999998904178060137471623081140137401234824
3411,0.000009299999999999998904178060137471623081140137401234824
3412,0.000009299999999999998904178060137471623081140137401234824
3413,0.000009299999999999998904178060137471623081140137401234824
3414,0.000009299999999999998904178060137471623081140137401234824
3415,0.000009299999999999998904178060137471623081140137401234824
3416,0.000009299999999999998904178060137471623081140137401234824
3417,0.000009299999999999998904178060137471623081140137401234824
3418,0.000009299999999999998904178060137471623081140137401234824
3419,0.000009199999999999999663091967603244236695303470696671866
3420,0.000009199999999999999663091967603244236695303470696671866
3421,0.000009100000000000000422005875069016850309466803992108908
3422,0.000009100000000000000422005875069016850309466803992108908
3423,0.000008900000000000000285472464894506727794976086443057284
3424,0.000008900000000000000285472464894506727794976086443057284
3425,0.000008900000000000000285472464894506727794976086443057284
3426,0.000008900000000000000285472464894506727794976086443057284
3427,0.000008900000000000000285472464894506727794976086443057284
3428,0.000008799999999999999390025147254223991666322035598568618
3429,0.000008799999999999999390025147254223991666322035598568618
3430,0.000008799999999999999390025147254223991666322035598568618
3431,0.000008799999999999999390025147254223991666322035598568618
3432,0.000008799999999999999390025147254223991666322035598568618
3433,0.000008799999999999999390025147254223991666322035598568618
3434,0.000008799999999999999390025147254223991666322035598568618
3435,0.000008799999999999999390025147254223991666322035598568618
3436,0.000008799999999999999390025147254223991666322035598568618
3437,0.000008700000000000000148939054719996605280485368894005660
3438,0.000008700000000000000148939054719996605280485368894005660
3439,0.000008700000000000000148939054719996605280485368894005660
3440,0.000008700000000000000148939054719996605280485368894005660
3441,0.000008700000000000000148939054719996605280485368894005660
3442,0.000008700000000000000148939054719996605280485368894005660
3443,0.000008700000000000000148939054719996605280485368894005660
3444,0.000008600000000000000907852962185769218894648702189442702
3445,0.000008600000000000000907852962185769218894648702189442702
3446,0.000008600000000000000907852962185769218894648702189442702
3447,0.000008600000000000000907852962185769218894648702189442702
3448,0.000008600000000000000907852962185769218894648702189442702
3449,0.000008600000000000000907852962185769218894648702189442702
3450,0.000008600000000000000907852962185769218894648702189442702
3451,0.000008600000000000000907852962185769218894648702189442702
3452,0.000008600000000000000907852962185769218894648702189442702
3453,0.000008600000000000000907852962185769218894648702189442702
3454,0.000008600000000000000907852962185769218894648702189442702
3455,0.000008600000000000000907852962185769218894648702189442702
3456,0.000008600000000000000907852962185769218894648702189442702
3457,0.000008600000000000000907852962185769218894648702189442702
3458,0.000008600000000000000907852962185769218894648702189442702
3459,0.000008600000000000000907852962185769218894648702189442702
3460,0.000008600000000000000907852962185769218894648702189442702
3461,0.000008500000000000000012405644545486482765994651344954036
3462,0.000008500000000000000012405644545486482765994651344954036
3463,0.000008500000000000000012405644545486482765994651344954036
3464,0.000008500000000000000012405644545486482765994651344954036
3465,0.000008500000000000000012405644545486482765994651344954036
3466,0.000008500000000000000012405644545486482765994651344954036
3467,0.000008500000000000000012405644545486482765994651344954036
3468,0.000008500000000000000012405644545486482765994651344954036
3469,0.000008500000000000000012405644545486482765994651344954036
3470,0.000008500000000000000012405644545486482765994651344954036
3471,0.000008500000000000000012405644545486482765994651344954036
3472,0.000008399999999999999116958326905203746637340600500465371
3473,0.000008399999999999999116958326905203746637340600500465371
3474,0.000008399999999999999116958326905203746637340600500465371
3475,0.000008399999999999999116958326905203746637340600500465371
3476,0.000008399999999999999116958326905203746637340600500465371
3477,0.000008399999999999999116958326905203746637340600500465371
3478,0.000008399999999999999116958326905203746637340600500465371
3479,0.000008299999999999999875872234370976360251503933795902412
3480,0.000008299999999999999875872234370976360251503933795902412
3481,0.000008299999999999999875872234370976360251503933795902412
3482,0.000008299999999999999875872234370976360251503933795902412
3483,0.000008299999999999999875872234370976360251503933795902412
3484,0.000008299999999999999875872234370976360251503933795902412
3485,0.000008299999999999999875872234370976360251503933795902412
3486,0.000008299999999999999875872234370976360251503933795902412
3487,0.000008299999999999999875872234370976360251503933795902412
3488,0.000008299999999999999875872234370976360251503933795902412
3489,0.000008299999999999999875872234370976360251503933795902412
3490,0.000008299999999999999875872234370976360251503933795902412
3491,0.000008299999999999999875872234370976360251503933795902412
3492,0.000008299999999999999875872234370976360251503933795902412
3493,0.000008299999999999999875872234370976360251503933795902412
3494,0.000008299999999999999875872234370976360251503933795902412
3495,0.000008299999999999999875872234370976360251503933795902412
3496,0.000008299999999999999875872234370976360251503933795902412
3497,0.000008299999999999999875872234370976360251503933795902412
3498,0.000008299999999999999875872234370976360251503933795902412
3499,0.000008299999999999999875872234370976360251503933795902412
3500,0.000008299999999999999875872234370976360251503933795902412
3501,0.000008299999999999999875872234370976360251503933795902412
3502,0.000008200000000000000634786141836748973865667267091339454
3503,0.000008200000000000000634786141836748973865667267091339454
3504,0.000008200000000000000634786141836748973865667267091339454
3505,0.000008200000000000000634786141836748973865667267091339454
3506,0.000008200000000000000634786141836748973865667267091339454
3507,0.000008200000000000000634786141836748973865667267091339454
3508,0.000008200000000000000634786141836748973865667267091339454
3509,0.000008200000000000000634786141836748973865667267091339454
3510,0.000008200000000000000634786141836748973865667267091339454
3511,0.000008200000000000000634786141836748973865667267091339454
3512,0.000008200000000000000634786141836748973865667267091339454
3513,0.000008200000000000000634786141836748973865667267091339454
3514,0.000008200000000000000634786141836748973865667267091339454
3515,0.000008200000000000000634786141836748973865667267091339454
3516,0.000008200000000000000634786141836748973865667267091339454
3517,0.000008200000000000000634786141836748973865667267091339454
3518,0.000008200000000000000634786141836748973865667267091339454
3519,0.000008099999999999999739338824196466237737013216246850789
3520,0.000008099999999999999739338824196466237737013216246850789
3521,0.000008099999999999999739338824196466237737013216246850789
3522,0.000008099999999999999739338824196466237737013216246850789
3523,0.000008099999999999999739338824196466237737013216246850789
3524,0.000008099999999999999739338824196466237737013216246850789
3525,0.000008099999999999999739338824196466237737013216246850789
3526,0.000008099999999999999739338824196466237737013216246850789
3527,0.000008099999999999999739338824196466237737013216246850789
3528,0.000008099999999999999739338824196466237737013216246850789
3529,0.000008099999999999999739338824196466237737013216246850789
3530,0.000008099999999999999739338824196466237737013216246850789
3531,0.000008099999999999999739338824196466237737013216246850789
3532,0.000008099999999999999739338824196466237737013216246850789
3533,0.000008099999999999999739338824196466237737013216246850789
3534,0.000008000000000000000498252731662238851351176549542287830
3535,0.000008000000000000000498252731662238851351176549542287830
3536,0.000008000000000000000498252731662238851351176549542287830
3537,0.000008000000000000000498252731662238851351176549542287830
3538,0.000008000000000000000498252731662238851351176549542287830
3539,0.000008000000000000000498252731662238851351176549542287830
3540,0.000008000000000000000498252731662238851351176549542287830
3541,0.000008000000000000000498252731662238851351176549542287830
3542,0.000008000000000000000498252731662238851351176549542287830
3543,0.000008000000000000000498252731662238851351176549542287830
3544,0.000008000000000000000498252731662238851351176549542287830
3545,0.000007899999999999999602805414021956115222522498697799165
3546,0.000007899999999999999602805414021956115222522498697799165
3547,0.000007899999999999999602805414021956115222522498697799165
3548,0.000007899999999999999602805414021956115222522498697799165
3549,0.000007899999999999999602805414021956115222522498697799165
3550,0.000007800000000000000361719321487728728836685831993236206
3551,0.000007800000000000000361719321487728728836685831993236206
3552,0.000007800000000000000361719321487728728836685831993236206
3553,0.000007800000000000000361719321487728728836685831993236206
3554,0.000007800000000000000361719321487728728836685831993236206
3555,0.000007800000000000000361719321487728728836685831993236206
3556,0.000007800000000000000361719321487728728836685831993236206
3557,0.000007800000000000000361719321487728728836685831993236206
3558,0.000007800000000000000361719321487728728836685831993236206
3559,0.000007800000000000000361719321487728728836685831993236206
3560,0.000007800000000000000361719321487728728836685831993236206
3561,0.000007800000000000000361719321487728728836685831993236206
3562,0.000007800000000000000361719321487728728836685831993236206
3563,0.000007800000000000000361719321487728728836685831993236206
3564,0.000007800000000000000361719321487728728836685831993236206
3565,0.000007800000000000000361719321487728728836685831993236206
3566,0.000007800000000000000361719321487728728836685831993236206
3567,0.000007800000000000000361719321487728728836685831993236206
3568,0.000007800000000000000361719321487728728836685831993236206
3569,0.000007800000000000000361719321487728728836685831993236206
3570,0.000007800000000000000361719321487728728836685831993236206
3571,0.000007800000000000000361719321487728728836685831993236206
3572,0.000007800000000000000361719321487728728836685831993236206
3573,0.000007800000000000000361719321487728728836685831993236206
3574,0.000007800000000000000361719321487728728836685831993236206
3575,0.000007800000000000000361719321487728728836685831993236206
3576,0.000007800000000000000361719321487728728836685831993236206
3577,0.000007800000000000000361719321487728728836685831993236206
3578,0.000007800000000000000361719321487728728836685831993236206
3579,0.000007800000000000000361719321487728728836685831993236206
3580,0.000007800000000000000361719321487728728836685831993236206
3581,0.000007699999999999999466272003847445992708031781148747541
3582,0.000007699999999999999466272003847445992708031781148747541
3583,0.000007699999999999999466272003847445992708031781148747541
3584,0.000007699999999999999466272003847445992708031781148747541
3585,0.000007699999999999999466272003847445992708031781148747541
3586,0.000007699999999999999466272003847445992708031781148747541
3587,0.000007600000000000000225185911313218606322195114444184583
3588,0.000007600000000000000225185911313218606322195114444184583
3589,0.000007600000000000000225185911313218606322195114444184583
3590,0.000007600000000000000225185911313218606322195114444184583
3591,0.000007600000000000000225185911313218606322195114444184583
3592,0.000007600000000000000225185911313218606322195114444184583
3593,0.000007600000000000000225185911313218606322195114444184583
3594,0.000007600000000000000225185911313218606322195114444184583
3595,0.000007499999999999999329738593672935870193541063599695917
3596,0.000007499999999999999329738593672935870193541063599695917
3597,0.000007499999999999999329738593672935870193541063599695917
3598,0.000007499999999999999329738593672935870193541063599695917
3599,0.000007499999999999999329738593672935870193541063599695917
3600,0.000007499999999999999329738593672935870193541063599695917
3601,0.000007499999999999999329738593672935870193541063599695917
3602,0.000007499999999999999329738593672935870193541063599695917
3603,0.000007499999999999999329738593672935870193541063599695917
3604,0.000007499999999999999329738593672935870193541063599695917
3605,0.000007499999999999999329738593672935870193541063599695917
3606,0.000007499999999999999329738593672935870193541063599695917
3607,0.000007499999999999999329738593672935870193541063599695917
3608,0.000007499999999999999329738593672935870193541063599695917
3609,0.000007499999999999999329738593672935870193541063599695917
3610,0.000007499999999999999329738593672935870193541063599695917
3611,0.000007499999999999999329738593672935870193541063599695917
3612,0.000007499999999999999329738593672935870193541063599695917
3613,0.000007499999999999999329738593672935870193541063599695917
3614,0.000007499999999999999329738593672935870193541063599695917
3615,0.000007499999999999999329738593672935870193541063599695917
3616,0.000007499999999999999329738593672935870193541063599695917
3617,0.000007499999999999999329738593672935870193541063599695917
3618,0.000007499999999999999329738593672935870193541063599695917
3619,0.000007499999999999999329738593672935870193541063599695917
3620,0.000007499999999999999329738593672935870193541063599695917
3621,0.000007499999999999999329738593672935870193541063599695917
3622,0.000007499999999999999329738593672935870193541063599695917
3623,0.000007499999999999999329738593672935870193541063599695917
3624,0.000007499999999999999329738593672935870193541063599695917
3625,0.000007499999999999999329738593672935870193541063599695917
3626,0.000007499999999999999329738593672935870193541063599695917
3627,0.000007499999999999999329738593672935870193541063599695917
3628,0.000007499999999999999329738593672935870193541063599695917
3629,0.000007499999999999999329738593672935870193541063599695917
3630,0.000007499999999999999329738593672935870193541063599695917
3631,0.000007499999999999999329738593672935870193541063599695917
3632,0.000007499999999999999329738593672935870193541063599695917
3633,0.000007499999999999999329738593672935870193541063599695917
3634,0.000007499999999999999329738593672935870193541063599695917
3635,0.000007499999999999999329738593672935870193541063599695917
3636,0.000007499999999999999329738593672935870193541063599695917
3637,0.000007499999999999999329738593672935870193541063599695917
3638,0.000007499999999999999329738593672935870193541063599695917
3639,0.000007499999999999999329738593672935870193541063599695917
3640,0.000007499999999999999329738593672935870193541063599695917
3641,0.000007499999999999999329738593672935870193541063599695917
3642,0.000007499999999999999329738593672935870193541063599695917
3643,0.000007499999999999999329738593672935870193541063599695917
3644,0.000007499999999999999329738593672935870193541063599695917
3645,0.000007499999999999999329738593672935870193541063599695917
3646,0.000007499999999999999329738593672935870193541063599695917
3647,0.000007499999999999999329738593672935870193541063599695917
3648,0.000007499999999999999329738593672935870193541063599695917
3649,0.000007499999999999999329738593672935870193541063599695917
3650,0.000007499999999999999329738593672935870193541063599695917
3651,0.000007499999999999999329738593672935870193541063599695917
3652,0.000007399999999999999261471888585680808936295704825170105
3653,0.000007399999999999999261471888585680808936295704825170105
3654,0.000007399999999999999261471888585680808936295704825170105
3655,0.000007399999999999999261471888585680808936295704825170105
3656,0.000007399999999999999261471888585680808936295704825170105
3657,0.000007399999999999999261471888585680808936295704825170105
3658,0.000007399999999999999261471888585680808936295704825170105
3659,0.000007399999999999999261471888585680808936295704825170105
3660,0.000007399999999999999261471888585680808936295704825170105
3661,0.000007399999999999999261471888585680808936295704825170105
3662,0.000007399999999999999261471888585680808936295704825170105
3663,0.000007399999999999999261471888585680808936295704825170105
3664,0.000007399999999999999261471888585680808936295704825170105
3665,0.000007399999999999999261471888585680808936295704825170105
3666,0.000007399999999999999261471888585680808936295704825170105
3667,0.000007399999999999999261471888585680808936295704825170105
3668,0.000007399999999999999261471888585680808936295704825170105
3669,0.000007399999999999999261471888585680808936295704825170105
3670,0.000007399999999999999261471888585680808936295704825170105
3671,0.000007399999999999999261471888585680808936295704825170105
3672,0.000007399999999999999261471888585680808936295704825170105
3673,0.000007399999999999999261471888585680808936295704825170105
3674,0.000007399999999999999261471888585680808936295704825170105
3675,0.000007399999999999999261471888585680808936295704825170105
3676,0.000007399999999999999261471888585680808936295704825170105
3677,0.000007399999999999999261471888585680808936295704825170105
3678,0.000007399999999999999261471888585680808936295704825170105
3679,0.000007399999999999999261471888585680808936295704825170105
3680,0.000007399999999999999261471888585680808936295704825170105
3681,0.000007300000000000000020385796051453422550459038120607147
3682,0.000007300000000000000020385796051453422550459038120607147
3683,0.000007300000000000000020385796051453422550459038120607147
3684,0.000007300000000000000020385796051453422550459038120607147
3685,0.000007300000000000000020385796051453422550459038120607147
3686,0.000007300000000000000020385796051453422550459038120607147
3687,0.000007300000000000000020385796051453422550459038120607147
3688,0.000007300000000000000020385796051453422550459038120607147
3689,0.000007300000000000000020385796051453422550459038120607147
3690,0.000007300000000000000020385796051453422550459038120607147
3691,0.000007300000000000000020385796051453422550459038120607147
3692,0.000007199999999999999952119090964198361293213679346081335
3693,0.000007199999999999999952119090964198361293213679346081335
3694,0.000007199999999999999952119090964198361293213679346081335
3695,0.000007199999999999999952119090964198361293213679346081335
3696,0.000007199999999999999952119090964198361293213679346081335
3697,0.000007199999999999999952119090964198361293213679346081335
3698,0.000007199999999999999952119090964198361293213679346081335
3699,0.000007199999999999999952119090964198361293213679346081335
3700,0.000007199999999999999952119090964198361293213679346081335
3701,0.000007199999999999999952119090964198361293213679346081335
3702,0.000007199999999999999952119090964198361293213679346081335
3703,0.000007199999999999999952119090964198361293213679346081335
3704,0.000007199999999999999952119090964198361293213679346081335
3705,0.000007199999999999999952119090964198361293213679346081335
3706,0.000007199999999999999952119090964198361293213679346081335
3707,0.000007199999999999999952119090964198361293213679346081335
3708,0.000007199999999999999952119090964198361293213679346081335
3709,0.000007199999999999999952119090964198361293213679346081335
3710,0.000007199999999999999952119090964198361293213679346081335
3711,0.000007199999999999999952119090964198361293213679346081335
3712,0.000007199999999999999952119090964198361293213679346081335
3713,0.000007199999999999999952119090964198361293213679346081335
3714,0.000007199999999999999952119090964198361293213679346081335
3715,0.000007199999999999999952119090964198361293213679346081335
3716,0.000007100000000000000711032998429970974907377012641518377
3717,0.000007100000000000000711032998429970974907377012641518377
3718,0.000007100000000000000711032998429970974907377012641518377
3719,0.000007100000000000000711032998429970974907377012641518377
3720,0.000007100000000000000711032998429970974907377012641518377
3721,0.000007100000000000000711032998429970974907377012641518377
3722,0.000006999999999999998988405068236660563907314269727066858
3723,0.000006999999999999998988405068236660563907314269727066858
3724,0.000006999999999999998988405068236660563907314269727066858
3725,0.000006999999999999998988405068236660563907314269727066858
3726,0.000006999999999999998988405068236660563907314269727066858
3727,0.000006999999999999998988405068236660563907314269727066858
3728,0.000006999999999999998988405068236660563907314269727066858
3729,0.000006999999999999998988405068236660563907314269727066858
3730,0.000006999999999999998988405068236660563907314269727066858
3731,0.000006999999999999998988405068236660563907314269727066858
3732,0.000006899999999999999747318975702433177521477603022503899
3733,0.000006899999999999999747318975702433177521477603022503899
3734,0.000006899999999999999747318975702433177521477603022503899
3735,0.000006899999999999999747318975702433177521477603022503899
3736,0.000006899999999999999747318975702433177521477603022503899
3737,0.000006899999999999999747318975702433177521477603022503899
3738,0.000006899999999999999747318975702433177521477603022503899
3739,0.000006899999999999999747318975702433177521477603022503899
3740,0.000006899999999999999747318975702433177521477603022503899
3741,0.000006899999999999999747318975702433177521477603022503899
3742,0.000006899999999999999747318975702433177521477603022503899
3743,0.000006899999999999999747318975702433177521477603022503899
3744,0.000006899999999999999747318975702433177521477603022503899
3745,0.000006899999999999999747318975702433177521477603022503899
3746,0.000006899999999999999747318975702433177521477603022503899
3747,0.000006899999999999999747318975702433177521477603022503899
3748,0.000006899999999999999747318975702433177521477603022503899
3749,0.000006899999999999999747318975702433177521477603022503899
3750,0.000006899999999999999747318975702433177521477603022503899
3751,0.000006899999999999999747318975702433177521477603022503899
3752,0.000006700000000000000437966178080950729878395577543415129
3753,0.000006700000000000000437966178080950729878395577543415129
3754,0.000006700000000000000437966178080950729878395577543415129
3755,0.000006700000000000000437966178080950729878395577543415129
3756,0.000006700000000000000437966178080950729878395577543415129
3757,0.000006600000000000000369699472993695668621150218768889317
3758,0.000006600000000000000369699472993695668621150218768889317
3759,0.000006499999999999999474252155353412932492496167924400652
3760,0.000006499999999999999474252155353412932492496167924400652
3761,0.000006499999999999999474252155353412932492496167924400652
3762,0.000006499999999999999474252155353412932492496167924400652
3763,0.000006499999999999999474252155353412932492496167924400652
3764,0.000006499999999999999474252155353412932492496167924400652
3765,0.000006499999999999999474252155353412932492496167924400652
3766,0.000006499999999999999474252155353412932492496167924400652
3767,0.000006499999999999999474252155353412932492496167924400652
3768,0.000006499999999999999474252155353412932492496167924400652
3769,0.000006499999999999999474252155353412932492496167924400652
3770,0.000006499999999999999474252155353412932492496167924400652
3771,0.000006399999999999999405985450266157871235250809149874840
3772,0.000006399999999999999405985450266157871235250809149874840
3773,0.000006399999999999999405985450266157871235250809149874840
3774,0.000006399999999999999405985450266157871235250809149874840
3775,0.000006399999999999999405985450266157871235250809149874840
3776,0.000006399999999999999405985450266157871235250809149874840
3777,0.000006399999999999999405985450266157871235250809149874840
3778,0.000006399999999999999405985450266157871235250809149874840
3779,0.000006399999999999999405985450266157871235250809149874840
3780,0.000006399999999999999405985450266157871235250809149874840
3781,0.000006399999999999999405985450266157871235250809149874840
3782,0.000006399999999999999405985450266157871235250809149874840
3783,0.000006399999999999999405985450266157871235250809149874840
3784,0.000006399999999999999405985450266157871235250809149874840
3785,0.000006399999999999999405985450266157871235250809149874840
3786,0.000006300000000000000164899357731930484849414142445311882
3787,0.000006300000000000000164899357731930484849414142445311882
3788,0.000006200000000000000096632652644675423592168783670786070
3789,0.000006200000000000000096632652644675423592168783670786070
3790,0.000006200000000000000096632652644675423592168783670786070
3791,0.000006200000000000000096632652644675423592168783670786070
3792,0.000006200000000000000096632652644675423592168783670786070
3793,0.000006200000000000000096632652644675423592168783670786070
3794,0.000006200000000000000096632652644675423592168783670786070
3795,0.000006200000000000000096632652644675423592168783670786070
3796,0.000006200000000000000096632652644675423592168783670786070
3797,0.000006200000000000000096632652644675423592168783670786070
3798,0.000006200000000000000096632652644675423592168783670786070
3799,0.000006200000000000000096632652644675423592168783670786070
3800,0.000006200000000000000096632652644675423592168783670786070
3801,0.000006200000000000000096632652644675423592168783670786070
3802,0.000006200000000000000096632652644675423592168783670786070
3803,0.000006200000000000000096632652644675423592168783670786070
3804,0.000006200000000000000096632652644675423592168783670786070
3805,0.000006200000000000000096632652644675423592168783670786070
3806,0.000006200000000000000096632652644675423592168783670786070
3807,0.000006200000000000000096632652644675423592168783670786070
3808,0.000006200000000000000096632652644675423592168783670786070
3809,0.000006200000000000000096632652644675423592168783670786070
3810,0.000006200000000000000096632652644675423592168783670786070
3811,0.000006200000000000000096632652644675423592168783670786070
3812,0.000006200000000000000096632652644675423592168783670786070
3813,0.000006200000000000000096632652644675423592168783670786070
3814,0.000006200000000000000096632652644675423592168783670786070
3815,0.000006200000000000000096632652644675423592168783670786070
3816,0.000006200000000000000096632652644675423592168783670786070
3817,0.000006200000000000000096632652644675423592168783670786070
3818,0.000006100000000000000028365947557420362334923424896260258
3819,0.000006100000000000000028365947557420362334923424896260258
3820,0.000005999999999999999960099242470165301077678066121734446
3821,0.000005899999999999999891832537382910239820432707347208634
3822,0.000005899999999999999891832537382910239820432707347208634
3823,0.000005899999999999999891832537382910239820432707347208634
3824,0.000005799999999999999823565832295655178563187348572682822
3825,0.000005799999999999999823565832295655178563187348572682822
3826,0.000005799999999999999823565832295655178563187348572682822
3827,0.000005799999999999999823565832295655178563187348572682822
3828,0.000005799999999999999823565832295655178563187348572682822
3829,0.000005799999999999999823565832295655178563187348572682822
3830,0.000005799999999999999823565832295655178563187348572682822
3831,0.000005700000000000000582479739761427792177350681868119864
3832,0.000005700000000000000582479739761427792177350681868119864
3833,0.000005700000000000000582479739761427792177350681868119864
3834,0.000005599999999999999687032422121145056048696631023631198
3835,0.000005599999999999999687032422121145056048696631023631198
3836,0.000005599999999999999687032422121145056048696631023631198
3837,0.000005599999999999999687032422121145056048696631023631198
3838,0.000005599999999999999687032422121145056048696631023631198
3839,0.000005599999999999999687032422121145056048696631023631198
3840,0.000005599999999999999687032422121145056048696631023631198
3841,0.000005599999999999999687032422121145056048696631023631198
3842,0.000005599999999999999687032422121145056048696631023631198
3843,0.000005599999999999999687032422121145056048696631023631198
3844,0.000005599999999999999687032422121145056048696631023631198
3845,0.000005599999999999999687032422121145056048696631023631198
3846,0.000005599999999999999687032422121145056048696631023631198
3847,0.000005599999999999999687032422121145056048696631023631198
3848,0.000005599999999999999687032422121145056048696631023631198
3849,0.000005599999999999999687032422121145056048696631023631198
3850,0.000005500000000000000445946329586917669662859964319068240
3851,0.000005500000000000000445946329586917669662859964319068240
3852,0.000005500000000000000445946329586917669662859964319068240
3853,0.000005500000000000000445946329586917669662859964319068240
3854,0.000005500000000000000445946329586917669662859964319068240
3855,0.000005500000000000000445946329586917669662859964319068240
3856,0.000005500000000000000445946329586917669662859964319068240
3857,0.000005500000000000000445946329586917669662859964319068240
3858,0.000005500000000000000445946329586917669662859964319068240
3859,0.000005399999999999999550499011946634933534205913474579575
3860,0.000005399999999999999550499011946634933534205913474579575
3861,0.000005399999999999999550499011946634933534205913474579575
3862,0.000005399999999999999550499011946634933534205913474579575
3863,0.000005399999999999999550499011946634933534205913474579575
3864,0.000005399999999999999550499011946634933534205913474579575
3865,0.000005300000000000000309412919412407547148369246770016616
3866,0.000005300000000000000309412919412407547148369246770016616
3867,0.000005300000000000000309412919412407547148369246770016616
3868,0.000005300000000000000309412919412407547148369246770016616
3869,0.000005300000000000000309412919412407547148369246770016616
3870,0.000005300000000000000309412919412407547148369246770016616
3871,0.000005300000000000000309412919412407547148369246770016616
3872,0.000005300000000000000309412919412407547148369246770016616
3873,0.000005300000000000000309412919412407547148369246770016616
3874,0.000005300000000000000309412919412407547148369246770016616
3875,0.000005300000000000000309412919412407547148369246770016616
3876,0.000005300000000000000309412919412407547148369246770016616
3877,0.000005300000000000000309412919412407547148369246770016616
3878,0.000005300000000000000309412919412407547148369246770016616
3879,0.000005300000000000000309412919412407547148369246770016616
3880,0.000005300000000000000309412919412407547148369246770016616
3881,0.000005300000000000000309412919412407547148369246770016616
3882,0.000005300000000000000309412919412407547148369246770016616
3883,0.000005300000000000000309412919412407547148369246770016616
3884,0.000005300000000000000309412919412407547148369246770016616
3885,0.000005300000000000000309412919412407547148369246770016616
3886,0.000005300000000000000309412919412407547148369246770016616
3887,0.000005300000000000000309412919412407547148369246770016616
3888,0.000005300000000000000309412919412407547148369246770016616
3889,0.000005300000000000000309412919412407547148369246770016616
3890,0.000005300000000000000309412919412407547148369246770016616
3891,0.000005300000000000000309412919412407547148369246770016616
3892,0.000005300000000000000309412919412407547148369246770016616
3893,0.000005300000000000000309412919412407547148369246770016616
3894,0.000005300000000000000309412919412407547148369246770016616
3895,0.000005300000000000000309412919412407547148369246770016616
3896,0.000005300000000000000309412919412407547148369246770016616
3897,0.000005300000000000000309412919412407547148369246770016616
3898,0.000005300000000000000309412919412407547148369246770016616
3899,0.000005300000000000000309412919412407547148369246770016616
3900,0.000005300000000000000309412919412407547148369246770016616
3901,0.000005300000000000000309412919412407547148369246770016616
3902,0.000005199999999999999413965601772124811019715195925527951
3903,0.000005199999999999999413965601772124811019715195925527951
3904,0.000005199999999999999413965601772124811019715195925527951
3905,0.000005199999999999999413965601772124811019715195925527951
3906,0.000005199999999999999413965601772124811019715195925527951
3907,0.000005199999999999999413965601772124811019715195925527951
3908,0.000005199999999999999413965601772124811019715195925527951
3909,0.000005199999999999999413965601772124811019715195925527951
3910,0.000005199999999999999413965601772124811019715195925527951
3911,0.000005199999999999999413965601772124811019715195925527951
3912,0.000005199999999999999413965601772124811019715195925527951
3913,0.000005199999999999999413965601772124811019715195925527951
3914,0.000005199999999999999413965601772124811019715195925527951
3915,0.000005199999999999999413965601772124811019715195925527951
3916,0.000005199999999999999413965601772124811019715195925527951
3917,0.000005199999999999999413965601772124811019715195925527951
3918,0.000005199999999999999413965601772124811019715195925527951
3919,0.000005100000000000000172879509237897424633878529220964992
3920,0.000005100000000000000172879509237897424633878529220964992
3921,0.000005100000000000000172879509237897424633878529220964992
3922,0.000005100000000000000172879509237897424633878529220964992
3923,0.000005100000000000000172879509237897424633878529220964992
3924,0.000005100000000000000172879509237897424633878529220964992
3925,0.000005100000000000000172879509237897424633878529220964992
3926,0.000005100000000000000172879509237897424633878529220964992
3927,0.000005100000000000000172879509237897424633878529220964992
3928,0.000005100000000000000172879509237897424633878529220964992
3929,0.000005100000000000000172879509237897424633878529220964992
3930,0.000005100000000000000172879509237897424633878529220964992
3931,0.000005100000000000000172879509237897424633878529220964992
3932,0.000005100000000000000172879509237897424633878529220964992
3933,0.000005100000000000000172879509237897424633878529220964992
3934,0.000005100000000000000172879509237897424633878529220964992
3935,0.000005100000000000000172879509237897424633878529220964992
3936,0.000005000000000000000104612804150642363376633170446439181
3937,0.000005000000000000000104612804150642363376633170446439181
3938,0.000005000000000000000104612804150642363376633170446439181
3939,0.000005000000000000000104612804150642363376633170446439181
3940,0.000004900000000000000036346099063387302119387811671913369
3941,0.000004900000000000000036346099063387302119387811671913369
3942,0.000004900000000000000036346099063387302119387811671913369
3943,0.000004900000000000000036346099063387302119387811671913369
3944,0.000004900000000000000036346099063387302119387811671913369
3945,0.000004900000000000000036346099063387302119387811671913369
3946,0.000004900000000000000036346099063387302119387811671913369
3947,0.000004900000000000000036346099063387302119387811671913369
3948,0.000004900000000000000036346099063387302119387811671913369
3949,0.000004900000000000000036346099063387302119387811671913369
3950,0.000004900000000000000036346099063387302119387811671913369
3951,0.000004900000000000000036346099063387302119387811671913369
3952,0.000004900000000000000036346099063387302119387811671913369
3953,0.000004900000000000000036346099063387302119387811671913369
3954,0.000004900000000000000036346099063387302119387811671913369
3955,0.000004900000000000000036346099063387302119387811671913369
3956,0.000004900000000000000036346099063387302119387811671913369
3957,0.000004900000000000000036346099063387302119387811671913369
3958,0.000004900000000000000036346099063387302119387811671913369
3959,0.000004900000000000000036346099063387302119387811671913369
3960,0.000004900000000000000036346099063387302119387811671913369
3961,0.000004900000000000000036346099063387302119387811671913369
3962,0.000004900000000000000036346099063387302119387811671913369
3963,0.000004900000000000000036346099063387302119387811671913369
3964,0.000004900000000000000036346099063387302119387811671913369
3965,0.000004900000000000000036346099063387302119387811671913369
3966,0.000004900000000000000036346099063387302119387811671913369
3967,0.000004900000000000000036346099063387302119387811671913369
3968,0.000004900000000000000036346099063387302119387811671913369
3969,0.000004900000000000000036346099063387302119387811671913369
3970,0.000004900000000000000036346099063387302119387811671913369
3971,0.000004900000000000000036346099063387302119387811671913369
3972,0.000004900000000000000036346099063387302119387811671913369
3973,0.000004900000000000000036346099063387302119387811671913369
3974,0.000004799999999999999968079393976132240862142452897387557
3975,0.000004799999999999999968079393976132240862142452897387557
3976,0.000004799999999999999968079393976132240862142452897387557
3977,0.000004799999999999999968079393976132240862142452897387557
3978,0.000004799999999999999968079393976132240862142452897387557
3979,0.000004799999999999999968079393976132240862142452897387557
3980,0.000004799999999999999968079393976132240862142452897387557
3981,0.000004799999999999999968079393976132240862142452897387557
3982,0.000004799999999999999968079393976132240862142452897387557
3983,0.000004799999999999999968079393976132240862142452897387557
3984,0.000004799999999999999968079393976132240862142452897387557
3985,0.000004799999999999999968079393976132240862142452897387557
3986,0.000004799999999999999968079393976132240862142452897387557
3987,0.000004799999999999999968079393976132240862142452897387557
3988,0.000004799999999999999968079393976132240862142452897387557
3989,0.000004799999999999999968079393976132240862142452897387557
3990,0.000004799999999999999968079393976132240862142452897387557
3991,0.000004799999999999999968079393976132240862142452897387557
3992,0.000004799999999999999968079393976132240862142452897387557
3993,0.000004799999999999999968079393976132240862142452897387557
3994,0.000004799999999999999968079393976132240862142452897387557
3995,0.000004799999999999999968079393976132240862142452897387557
3996,0.000004699999999999999899812688888877179604897094122861745
3997,0.000004699999999999999899812688888877179604897094122861745
3998,0.000004699999999999999899812688888877179604897094122861745
3999,0.000004699999999999999899812688888877179604897094122861745
4000,0.000004699999999999999899812688888877179604897094122861745
4001,0.000004699999999999999899812688888877179604897094122861745
4002,0.000004699999999999999899812688888877179604897094122861745
4003,0.000004699999999999999899812688888877179604897094122861745
4004,0.000004699999999999999899812688888877179604897094122861745
4005,0.000004699999999999999899812688888877179604897094122861745
4006,0.000004699999999999999899812688888877179604897094122861745
4007,0.000004599999999999999831545983801622118347651735348335933
4008,0.000004500000000000000590459891267394731961815068643772975
4009,0.000004500000000000000590459891267394731961815068643772975
4010,0.000004500000000000000590459891267394731961815068643772975
4011,0.000004500000000000000590459891267394731961815068643772975
4012,0.000004500000000000000590459891267394731961815068643772975
4013,0.000004500000000000000590459891267394731961815068643772975
4014,0.000004500000000000000590459891267394731961815068643772975
4015,0.000004399999999999999695012573627111995833161017799284309
4016,0.000004399999999999999695012573627111995833161017799284309
4017,0.000004399999999999999695012573627111995833161017799284309
4018,0.000004399999999999999695012573627111995833161017799284309
4019,0.000004399999999999999695012573627111995833161017799284309
4020,0.000004399999999999999695012573627111995833161017799284309
4021,0.000004399999999999999695012573627111995833161017799284309
4022,0.000004399999999999999695012573627111995833161017799284309
4023,0.000004399999999999999695012573627111995833161017799284309
4024,0.000004399999999999999695012573627111995833161017799284309
4025,0.000004399999999999999695012573627111995833161017799284309
4026,0.000004399999999999999695012573627111995833161017799284309
4027,0.000004399999999999999695012573627111995833161017799284309
4028,0.000004399999999999999695012573627111995833161017799284309
4029,0.000004399999999999999695012573627111995833161017799284309
4030,0.000004399999999999999695012573627111995833161017799284309
4031,0.000004399999999999999695012573627111995833161017799284309
4032,0.000004399999999999999695012573627111995833161017799284309
4033,0.000004399999999999999695012573627111995833161017799284309
4034,0.000004399999999999999695012573627111995833161017799284309
4035,0.000004399999999999999695012573627111995833161017799284309
4036,0.000004399999999999999695012573627111995833161017799284309
4037,0.000004399999999999999695012573627111995833161017799284309
4038,0.000004399999999999999695012573627111995833161017799284309
4039,0.000004399999999999999695012573627111995833161017799284309
4040,0.000004399999999999999695012573627111995833161017799284309
4041,0.000004399999999999999695012573627111995833161017799284309
4042,0.000004399999999999999695012573627111995833161017799284309
4043,0.000004399999999999999695012573627111995833161017799284309
4044,0.000004399999999999999695012573627111995833161017799284309
4045,0.000004399999999999999695012573627111995833161017799284309
4046,0.000004399999999999999695012573627111995833161017799284309
4047,0.000004399999999999999695012573627111995833161017799284309
4048,0.000004300000000000000453926481092884609447324351094721351
4049,0.000004300000000000000453926481092884609447324351094721351
4050,0.000004300000000000000453926481092884609447324351094721351
4051,0.000004300000000000000453926481092884609447324351094721351
4052,0.000004300000000000000453926481092884609447324351094721351
4053,0.000004300000000000000453926481092884609447324351094721351
4054,0.000004199999999999999558479163452601873318670300250232685
4055,0.000004199999999999999558479163452601873318670300250232685
4056,0.000004199999999999999558479163452601873318670300250232685
4057,0.000004199999999999999558479163452601873318670300250232685
4058,0.000004199999999999999558479163452601873318670300250232685
4059,0.000004199999999999999558479163452601873318670300250232685
4060,0.000004199999999999999558479163452601873318670300250232685
4061,0.000004199999999999999558479163452601873318670300250232685
4062,0.000004199999999999999558479163452601873318670300250232685
4063,0.000004199999999999999558479163452601873318670300250232685
4064,0.000004199999999999999558479163452601873318670300250232685
4065,0.000004199999999999999558479163452601873318670300250232685
4066,0.000004199999999999999558479163452601873318670300250232685
4067,0.000004100000000000000317393070918374486932833633545669727
4068,0.000004100000000000000317393070918374486932833633545669727
4069,0.000004100000000000000317393070918374486932833633545669727
4070,0.000004100000000000000317393070918374486932833633545669727
4071,0.000004100000000000000317393070918374486932833633545669727
4072,0.000004100000000000000317393070918374486932833633545669727
4073,0.000004100000000000000317393070918374486932833633545669727
4074,0.000004100000000000000317393070918374486932833633545669727
4075,0.000004100000000000000317393070918374486932833633545669727
4076,0.000004100000000000000317393070918374486932833633545669727
4077,0.000004100000000000000317393070918374486932833633545669727
4078,0.000004100000000000000317393070918374486932833633545669727
4079,0.000004100000000000000317393070918374486932833633545669727
4080,0.000004100000000000000317393070918374486932833633545669727
4081,0.000004000000000000000249126365831119425675588274771143915
4082,0.000004000000000000000249126365831119425675588274771143915
4083,0.000004000000000000000249126365831119425675588274771143915
4084,0.000004000000000000000249126365831119425675588274771143915
4085,0.000004000000000000000249126365831119425675588274771143915
4086,0.000004000000000000000249126365831119425675588274771143915
4087,0.000004000000000000000249126365831119425675588274771143915
4088,0.000004000000000000000249126365831119425675588274771143915
4089,0.000004000000000000000249126365831119425675588274771143915
4090,0.000004000000000000000249126365831119425675588274771143915
4091,0.000004000000000000000249126365831119425675588274771143915
4092,0.000004000000000000000249126365831119425675588274771143915
4093,0.000004000000000000000249126365831119425675588274771143915
4094,0.000004000000000000000249126365831119425675588274771143915
4095,0.000004000000000000000249126365831119425675588274771143915
4096,0.000004000000000000000249126365831119425675588274771143915
4097,0.000004000000000000000249126365831119425675588274771143915
4098,0.000004000000000000000249126365831119425675588274771143915
4099,0.000003900000000000000180859660743864364418342915996618103
4100,0.000003900000000000000180859660743864364418342915996618103
4101,0.000003900000000000000180859660743864364418342915996618103
4102,0.000003900000000000000180859660743864364418342915996618103
4103,0.000003900000000000000180859660743864364418342915996618103
4104,0.000003900000000000000180859660743864364418342915996618103
4105,0.000003900000000000000180859660743864364418342915996618103
4106,0.000003900000000000000180859660743864364418342915996618103
4107,0.000003900000000000000180859660743864364418342915996618103
4108,0.000003900000000000000180859660743864364418342915996618103
4109,0.000003900000000000000180859660743864364418342915996618103
4110,0.000003900000000000000180859660743864364418342915996618103
4111,0.000003900000000000000180859660743864364418342915996618103
4112,0.000003800000000000000112592955656609303161097557222092291
4113,0.000003800000000000000112592955656609303161097557222092291
4114,0.000003800000000000000112592955656609303161097557222092291
4115,0.000003800000000000000112592955656609303161097557222092291
4116,0.000003800000000000000112592955656609303161097557222092291
4117,0.000003800000000000000112592955656609303161097557222092291
4118,0.000003800000000000000112592955656609303161097557222092291
4119,0.000003800000000000000112592955656609303161097557222092291
4120,0.000003800000000000000112592955656609303161097557222092291
4121,0.000003800000000000000112592955656609303161097557222092291
4122,0.000003800000000000000112592955656609303161097557222092291
4123,0.000003800000000000000112592955656609303161097557222092291
4124,0.000003800000000000000112592955656609303161097557222092291
4125,0.000003800000000000000112592955656609303161097557222092291
4126,0.000003800000000000000112592955656609303161097557222092291
4127,0.000003800000000000000112592955656609303161097557222092291
4128,0.000003800000000000000112592955656609303161097557222092291
4129,0.000003800000000000000112592955656609303161097557222092291
4130,0.000003800000000000000112592955656609303161097557222092291
4131,0.000003800000000000000112592955656609303161097557222092291
4132,0.000003800000000000000112592955656609303161097557222092291
4133,0.000003800000000000000112592955656609303161097557222092291
4134,0.000003800000000000000112592955656609303161097557222092291
4135,0.000003800000000000000112592955656609303161097557222092291
4136,0.000003699999999999999630735944292840404468147852412585053
4137,0.000003699999999999999630735944292840404468147852412585053
4138,0.000003699999999999999630735944292840404468147852412585053
4139,0.000003699999999999999630735944292840404468147852412585053
4140,0.000003699999999999999630735944292840404468147852412585053
4141,0.000003699999999999999630735944292840404468147852412585053
4142,0.000003599999999999999976059545482099180646606839673040668
4143,0.000003599999999999999976059545482099180646606839673040668
4144,0.000003599999999999999976059545482099180646606839673040668
4145,0.000003599999999999999976059545482099180646606839673040668
4146,0.000003599999999999999976059545482099180646606839673040668
4147,0.000003599999999999999976059545482099180646606839673040668
4148,0.000003599999999999999976059545482099180646606839673040668
4149,0.000003599999999999999976059545482099180646606839673040668
4150,0.000003599999999999999976059545482099180646606839673040668
4151,0.000003599999999999999976059545482099180646606839673040668
4152,0.000003499999999999999494202534118330281953657134863533429
4153,0.000003499999999999999494202534118330281953657134863533429
4154,0.000003499999999999999494202534118330281953657134863533429
4155,0.000003499999999999999494202534118330281953657134863533429
4156,0.000003499999999999999494202534118330281953657134863533429
4157,0.000003499999999999999494202534118330281953657134863533429
4158,0.000003499999999999999494202534118330281953657134863533429
4159,0.000003499999999999999494202534118330281953657134863533429
4160,0.000003499999999999999494202534118330281953657134863533429
4161,0.000003499999999999999494202534118330281953657134863533429
4162,0.000003499999999999999494202534118330281953657134863533429
4163,0.000003499999999999999494202534118330281953657134863533429
4164,0.000003499999999999999494202534118330281953657134863533429
4165,0.000003499999999999999494202534118330281953657134863533429
4166,0.000003499999999999999494202534118330281953657134863533429
4167,0.000003499999999999999494202534118330281953657134863533429
4168,0.000003499999999999999494202534118330281953657134863533429
4169,0.000003499999999999999494202534118330281953657134863533429
4170,0.000003499999999999999494202534118330281953657134863533429
4171,0.000003499999999999999494202534118330281953657134863533429
4172,0.000003499999999999999494202534118330281953657134863533429
4173,0.000003499999999999999494202534118330281953657134863533429
4174,0.000003499999999999999494202534118330281953657134863533429
4175,0.000003499999999999999494202534118330281953657134863533429
4176,0.000003499999999999999494202534118330281953657134863533429
4177,0.000003499999999999999494202534118330281953657134863533429
4178,0.000003499999999999999494202534118330281953657134863533429
4179,0.000003499999999999999494202534118330281953657134863533429
4180,0.000003499999999999999494202534118330281953657134863533429
4181,0.000003499999999999999494202534118330281953657134863533429
4182,0.000003499999999999999494202534118330281953657134863533429
4183,0.000003499999999999999494202534118330281953657134863533429
4184,0.000003499999999999999494202534118330281953657134863533429
4185,0.000003499999999999999494202534118330281953657134863533429
4186,0.000003499999999999999494202534118330281953657134863533429
4187,0.000003499999999999999494202534118330281953657134863533429
4188,0.000003499999999999999494202534118330281953657134863533429
4189,0.000003499999999999999494202534118330281953657134863533429
4190,0.000003499999999999999494202534118330281953657134863533429
4191,0.000003499999999999999494202534118330281953657134863533429
4192,0.000003499999999999999494202534118330281953657134863533429
4193,0.000003499999999999999494202534118330281953657134863533429
4194,0.000003499999999999999494202534118330281953657134863533429
4195,0.000003499999999999999494202534118330281953657134863533429
4196,0.000003499999999999999494202534118330281953657134863533429
4197,0.000003499999999999999494202534118330281953657134863533429
4198,0.000003499999999999999494202534118330281953657134863533429
4199,0.000003499999999999999494202534118330281953657134863533429
4200,0.000003499999999999999494202534118330281953657134863533429
4201,0.000003499999999999999494202534118330281953657134863533429
4202,0.000003499999999999999494202534118330281953657134863533429
4203,0.000003499999999999999494202534118330281953657134863533429
4204,0.000003499999999999999494202534118330281953657134863533429
4205,0.000003499999999999999494202534118330281953657134863533429
4206,0.000003499999999999999494202534118330281953657134863533429
4207,0.000003499999999999999494202534118330281953657134863533429
4208,0.000003499999999999999494202534118330281953657134863533429
4209,0.000003499999999999999494202534118330281953657134863533429
4210,0.000003499999999999999494202534118330281953657134863533429
4211,0.000003499999999999999494202534118330281953657134863533429
4212,0.000003499999999999999494202534118330281953657134863533429
4213,0.000003499999999999999494202534118330281953657134863533429
4214,0.000003499999999999999494202534118330281953657134863533429
4215,0.000003499999999999999494202534118330281953657134863533429
4216,0.000003499999999999999494202534118330281953657134863533429
4217,0.000003499999999999999494202534118330281953657134863533429
4218,0.000003499999999999999494202534118330281953657134863533429
4219,0.000003499999999999999494202534118330281953657134863533429
4220,0.000003499999999999999494202534118330281953657134863533429
4221,0.000003499999999999999494202534118330281953657134863533429
4222,0.000003399999999999999839526135307589058132116122123989044
4223,0.000003399999999999999839526135307589058132116122123989044
4224,0.000003399999999999999839526135307589058132116122123989044
4225,0.000003399999999999999839526135307589058132116122123989044
4226,0.000003399999999999999839526135307589058132116122123989044
4227,0.000003399999999999999839526135307589058132116122123989044
4228,0.000003399999999999999839526135307589058132116122123989044
4229,0.000003399999999999999839526135307589058132116122123989044
4230,0.000003399999999999999839526135307589058132116122123989044
4231,0.000003399999999999999839526135307589058132116122123989044
4232,0.000003399999999999999839526135307589058132116122123989044
4233,0.000003399999999999999839526135307589058132116122123989044
4234,0.000003399999999999999839526135307589058132116122123989044
4235,0.000003399999999999999839526135307589058132116122123989044
4236,0.000003399999999999999839526135307589058132116122123989044
4237,0.000003399999999999999839526135307589058132116122123989044
4238,0.000003399999999999999839526135307589058132116122123989044
4239,0.000003399999999999999839526135307589058132116122123989044
4240,0.000003399999999999999839526135307589058132116122123989044
4241,0.000003399999999999999839526135307589058132116122123989044
4242,0.000003399999999999999839526135307589058132116122123989044
4243,0.000003399999999999999839526135307589058132116122123989044
4244,0.000003399999999999999839526135307589058132116122123989044
4245,0.000003300000000000000184849736496847834310575109384444659
4246,0.000003300000000000000184849736496847834310575109384444659
4247,0.000003199999999999999702992725133078935617625404574937420
4248,0.000003199999999999999702992725133078935617625404574937420
4249,0.000003199999999999999702992725133078935617625404574937420
4250,0.000003199999999999999702992725133078935617625404574937420
4251,0.000003199999999999999702992725133078935617625404574937420
4252,0.000003199999999999999702992725133078935617625404574937420
4253,0.000003199999999999999702992725133078935617625404574937420
4254,0.000003100000000000000048316326322337711796084391835393035
4255,0.000002999999999999999980049621235082650538839033060867223
4256,0.000002999999999999999980049621235082650538839033060867223
4257,0.000002999999999999999980049621235082650538839033060867223
4258,0.000002999999999999999980049621235082650538839033060867223
4259,0.000002999999999999999980049621235082650538839033060867223
4260,0.000002999999999999999980049621235082650538839033060867223
4261,0.000002999999999999999980049621235082650538839033060867223
4262,0.000002999999999999999980049621235082650538839033060867223
4263,0.000002999999999999999980049621235082650538839033060867223
4264,0.000002999999999999999980049621235082650538839033060867223
4265,0.000002999999999999999980049621235082650538839033060867223
4266,0.000002999999999999999980049621235082650538839033060867223
4267,0.000002999999999999999980049621235082650538839033060867223
4268,0.000002999999999999999980049621235082650538839033060867223
4269,0.000002999999999999999980049621235082650538839033060867223
4270,0.000002999999999999999980049621235082650538839033060867223
4271,0.000002899999999999999911782916147827589281593674286341411
4272,0.000002899999999999999911782916147827589281593674286341411
4273,0.000002899999999999999911782916147827589281593674286341411
4274,0.000002899999999999999911782916147827589281593674286341411
4275,0.000002899999999999999911782916147827589281593674286341411
4276,0.000002899999999999999911782916147827589281593674286341411
4277,0.000002899999999999999911782916147827589281593674286341411
4278,0.000002899999999999999911782916147827589281593674286341411
4279,0.000002899999999999999911782916147827589281593674286341411
4280,0.000002899999999999999911782916147827589281593674286341411
4281,0.000002899999999999999911782916147827589281593674286341411
4282,0.000002899999999999999911782916147827589281593674286341411
4283,0.000002899999999999999911782916147827589281593674286341411
4284,0.000002899999999999999911782916147827589281593674286341411
4285,0.000002799999999999999843516211060572528024348315511815599
4286,0.000002799999999999999843516211060572528024348315511815599
4287,0.000002799999999999999843516211060572528024348315511815599
4288,0.000002799999999999999843516211060572528024348315511815599
4289,0.000002799999999999999843516211060572528024348315511815599
4290,0.000002799999999999999843516211060572528024348315511815599
4291,0.000002799999999999999843516211060572528024348315511815599
4292,0.000002799999999999999843516211060572528024348315511815599
4293,0.000002799999999999999843516211060572528024348315511815599
4294,0.000002799999999999999843516211060572528024348315511815599
4295,0.000002799999999999999843516211060572528024348315511815599
4296,0.000002799999999999999843516211060572528024348315511815599
4297,0.000002799999999999999843516211060572528024348315511815599
4298,0.000002799999999999999843516211060572528024348315511815599
4299,0.000002799999999999999843516211060572528024348315511815599
4300,0.000002799999999999999843516211060572528024348315511815599
4301,0.000002799999999999999843516211060572528024348315511815599
4302,0.000002799999999999999843516211060572528024348315511815599
4303,0.000002799999999999999843516211060572528024348315511815599
4304,0.000002799999999999999843516211060572528024348315511815599
4305,0.000002799999999999999843516211060572528024348315511815599
4306,0.000002799999999999999843516211060572528024348315511815599
4307,0.000002799999999999999843516211060572528024348315511815599
4308,0.000002799999999999999843516211060572528024348315511815599
4309,0.000002799999999999999843516211060572528024348315511815599
4310,0.000002799999999999999843516211060572528024348315511815599
4311,0.000002799999999999999843516211060572528024348315511815599
4312,0.000002699999999999999775249505973317466767102956737289787
4313,0.000002699999999999999775249505973317466767102956737289787
4314,0.000002699999999999999775249505973317466767102956737289787
4315,0.000002699999999999999775249505973317466767102956737289787
4316,0.000002699999999999999775249505973317466767102956737289787
4317,0.000002699999999999999775249505973317466767102956737289787
4318,0.000002699999999999999775249505973317466767102956737289787
4319,0.000002699999999999999775249505973317466767102956737289787
4320,0.000002699999999999999775249505973317466767102956737289787
4321,0.000002699999999999999775249505973317466767102956737289787
4322,0.000002699999999999999775249505973317466767102956737289787
4323,0.000002699999999999999775249505973317466767102956737289787
4324,0.000002699999999999999775249505973317466767102956737289787
4325,0.000002699999999999999775249505973317466767102956737289787
4326,0.000002699999999999999775249505973317466767102956737289787
4327,0.000002699999999999999775249505973317466767102956737289787
4328,0.000002699999999999999775249505973317466767102956737289787
4329,0.000002699999999999999775249505973317466767102956737289787
4330,0.000002699999999999999775249505973317466767102956737289787
4331,0.000002699999999999999775249505973317466767102956737289787
4332,0.000002699999999999999775249505973317466767102956737289787
4333,0.000002699999999999999775249505973317466767102956737289787
4334,0.000002699999999999999775249505973317466767102956737289787
4335,0.000002699999999999999775249505973317466767102956737289787
4336,0.000002699999999999999775249505973317466767102956737289787
4337,0.000002699999999999999775249505973317466767102956737289787
4338,0.000002699999999999999775249505973317466767102956737289787
4339,0.000002699999999999999775249505973317466767102956737289787
4340,0.000002699999999999999775249505973317466767102956737289787
4341,0.000002699999999999999775249505973317466767102956737289787
4342,0.000002699999999999999775249505973317466767102956737289787
4343,0.000002699999999999999775249505973317466767102956737289787
4344,0.000002699999999999999775249505973317466767102956737289787
4345,0.000002699999999999999775249505973317466767102956737289787
4346,0.000002699999999999999775249505973317466767102956737289787
4347,0.000002699999999999999775249505973317466767102956737289787
4348,0.000002699999999999999775249505973317466767102956737289787
4349,0.000002699999999999999775249505973317466767102956737289787
4350,0.000002699999999999999775249505973317466767102956737289787
4351,0.000002699999999999999775249505973317466767102956737289787
4352,0.000002699999999999999775249505973317466767102956737289787
4353,0.000002699999999999999775249505973317466767102956737289787
4354,0.000002699999999999999775249505973317466767102956737289787
4355,0.000002699999999999999775249505973317466767102956737289787
4356,0.000002699999999999999775249505973317466767102956737289787
4357,0.000002699999999999999775249505973317466767102956737289787
4358,0.000002699999999999999775249505973317466767102956737289787
4359,0.000002699999999999999775249505973317466767102956737289787
4360,0.000002699999999999999775249505973317466767102956737289787
4361,0.000002699999999999999775249505973317466767102956737289787
4362,0.000002699999999999999775249505973317466767102956737289787
4363,0.000002699999999999999775249505973317466767102956737289787
4364,0.000002699999999999999775249505973317466767102956737289787
4365,0.000002699999999999999775249505973317466767102956737289787
4366,0.000002699999999999999775249505973317466767102956737289787
4367,0.000002699999999999999775249505973317466767102956737289787
4368,0.000002699999999999999775249505973317466767102956737289787
4369,0.000002699999999999999775249505973317466767102956737289787
4370,0.000002699999999999999775249505973317466767102956737289787
4371,0.000002699999999999999775249505973317466767102956737289787
4372,0.000002699999999999999775249505973317466767102956737289787
4373,0.000002699999999999999775249505973317466767102956737289787
4374,0.000002699999999999999775249505973317466767102956737289787
4375,0.000002699999999999999775249505973317466767102956737289787
4376,0.000002699999999999999775249505973317466767102956737289787
4377,0.000002699999999999999775249505973317466767102956737289787
4378,0.000002699999999999999775249505973317466767102956737289787
4379,0.000002699999999999999775249505973317466767102956737289787
4380,0.000002699999999999999775249505973317466767102956737289787
4381,0.000002699999999999999775249505973317466767102956737289787
4382,0.000002699999999999999775249505973317466767102956737289787
4383,0.000002599999999999999706982800886062405509857597962763975
4384,0.000002599999999999999706982800886062405509857597962763975
4385,0.000002599999999999999706982800886062405509857597962763975
4386,0.000002599999999999999706982800886062405509857597962763975
4387,0.000002599999999999999706982800886062405509857597962763975
4388,0.000002599999999999999706982800886062405509857597962763975
4389,0.000002599999999999999706982800886062405509857597962763975
4390,0.000002599999999999999706982800886062405509857597962763975
4391,0.000002599999999999999706982800886062405509857597962763975
4392,0.000002599999999999999706982800886062405509857597962763975
4393,0.000002599999999999999706982800886062405509857597962763975
4394,0.000002599999999999999706982800886062405509857597962763975
4395,0.000002599999999999999706982800886062405509857597962763975
4396,0.000002399999999999999984039696988066120431071226448693778
4397,0.000002399999999999999984039696988066120431071226448693778
4398,0.000002399999999999999984039696988066120431071226448693778
4399,0.000002399999999999999984039696988066120431071226448693778
4400,0.000002399999999999999984039696988066120431071226448693778
4401,0.000002399999999999999984039696988066120431071226448693778
4402,0.000002399999999999999984039696988066120431071226448693778
4403,0.000002399999999999999984039696988066120431071226448693778
4404,0.000002399999999999999984039696988066120431071226448693778
4405,0.000002399999999999999984039696988066120431071226448693778
4406,0.000002399999999999999984039696988066120431071226448693778
4407,0.000002399999999999999984039696988066120431071226448693778
4408,0.000002399999999999999984039696988066120431071226448693778
4409,0.000002399999999999999984039696988066120431071226448693778
4410,0.000002399999999999999984039696988066120431071226448693778
4411,0.000002399999999999999984039696988066120431071226448693778
4412,0.000002399999999999999984039696988066120431071226448693778
4413,0.000002399999999999999984039696988066120431071226448693778
4414,0.000002399999999999999984039696988066120431071226448693778
4415,0.000002399999999999999984039696988066120431071226448693778
4416,0.000002399999999999999984039696988066120431071226448693778
4417,0.000002399999999999999984039696988066120431071226448693778
4418,0.000002399999999999999984039696988066120431071226448693778
4419,0.000002399999999999999984039696988066120431071226448693778
4420,0.000002399999999999999984039696988066120431071226448693778
4421,0.000002399999999999999984039696988066120431071226448693778
4422,0.000002399999999999999984039696988066120431071226448693778
4423,0.000002399999999999999984039696988066120431071226448693778
4424,0.000002399999999999999984039696988066120431071226448693778
4425,0.000002399999999999999984039696988066120431071226448693778
4426,0.000002399999999999999984039696988066120431071226448693778
4427,0.000002399999999999999984039696988066120431071226448693778
4428,0.000002399999999999999984039696988066120431071226448693778
4429,0.000002399999999999999984039696988066120431071226448693778
4430,0.000002399999999999999984039696988066120431071226448693778
4431,0.000002399999999999999984039696988066120431071226448693778
4432,0.000002399999999999999984039696988066120431071226448693778
4433,0.000002399999999999999984039696988066120431071226448693778
4434,0.000002399999999999999984039696988066120431071226448693778
4435,0.000002399999999999999984039696988066120431071226448693778
4436,0.000002399999999999999984039696988066120431071226448693778
4437,0.000002399999999999999984039696988066120431071226448693778
4438,0.000002399999999999999984039696988066120431071226448693778
4439,0.000002399999999999999984039696988066120431071226448693778
4440,0.000002399999999999999984039696988066120431071226448693778
4441,0.000002399999999999999984039696988066120431071226448693778
4442,0.000002399999999999999984039696988066120431071226448693778
4443,0.000002399999999999999984039696988066120431071226448693778
4444,0.000002399999999999999984039696988066120431071226448693778
4445,0.000002399999999999999984039696988066120431071226448693778
4446,0.000002399999999999999984039696988066120431071226448693778
4447,0.000002399999999999999984039696988066120431071226448693778
4448,0.000002399999999999999984039696988066120431071226448693778
4449,0.000002399999999999999984039696988066120431071226448693778
4450,0.000002399999999999999984039696988066120431071226448693778
4451,0.000002399999999999999984039696988066120431071226448693778
4452,0.000002399999999999999984039696988066120431071226448693778
4453,0.000002399999999999999984039696988066120431071226448693778
4454,0.000002399999999999999984039696988066120431071226448693778
4455,0.000002399999999999999984039696988066120431071226448693778
4456,0.000002399999999999999984039696988066120431071226448693778
4457,0.000002399999999999999984039696988066120431071226448693778
4458,0.000002399999999999999984039696988066120431071226448693778
4459,0.000002399999999999999984039696988066120431071226448693778
4460,0.000002399999999999999984039696988066120431071226448693778
4461,0.000002399999999999999984039696988066120431071226448693778
4462,0.000002399999999999999984039696988066120431071226448693778
4463,0.000002399999999999999984039696988066120431071226448693778
4464,0.000002399999999999999984039696988066120431071226448693778
4465,0.000002399999999999999984039696988066120431071226448693778
4466,0.000002399999999999999984039696988066120431071226448693778
4467,0.000002399999999999999984039696988066120431071226448693778
4468,0.000002399999999999999984039696988066120431071226448693778
4469,0.000002399999999999999984039696988066120431071226448693778
4470,0.000002399999999999999984039696988066120431071226448693778
4471,0.000002399999999999999984039696988066120431071226448693778
4472,0.000002399999999999999984039696988066120431071226448693778
4473,0.000002399999999999999984039696988066120431071226448693778
4474,0.000002399999999999999984039696988066120431071226448693778
4475,0.000002399999999999999984039696988066120431071226448693778
4476,0.000002399999999999999984039696988066120431071226448693778
4477,0.000002399999999999999984039696988066120431071226448693778
4478,0.000002399999999999999984039696988066120431071226448693778
4479,0.000002399999999999999984039696988066120431071226448693778
4480,0.000002399999999999999984039696988066120431071226448693778
4481,0.000002399999999999999984039696988066120431071226448693778
4482,0.000002399999999999999984039696988066120431071226448693778
4483,0.000002399999999999999984039696988066120431071226448693778
4484,0.000002399999999999999984039696988066120431071226448693778
4485,0.000002399999999999999984039696988066120431071226448693778
4486,0.000002399999999999999984039696988066120431071226448693778
4487,0.000002399999999999999984039696988066120431071226448693778
4488,0.000002399999999999999984039696988066120431071226448693778
4489,0.000002399999999999999984039696988066120431071226448693778
4490,0.000002399999999999999984039696988066120431071226448693778
4491,0.000002399999999999999984039696988066120431071226448693778
4492,0.000002399999999999999984039696988066120431071226448693778
4493,0.000002399999999999999984039696988066120431071226448693778
4494,0.000002399999999999999984039696988066120431071226448693778
4495,0.000002399999999999999984039696988066120431071226448693778
4496,0.000002399999999999999984039696988066120431071226448693778
4497,0.000002399999999999999984039696988066120431071226448693778
4498,0.000002399999999999999984039696988066120431071226448693778
4499,0.000002399999999999999984039696988066120431071226448693778
4500,0.000002399999999999999984039696988066120431071226448693778
4501,0.000002399999999999999984039696988066120431071226448693778
4502,0.000002399999999999999984039696988066120431071226448693778
4503,0.000002399999999999999984039696988066120431071226448693778
4504,0.000002399999999999999984039696988066120431071226448693778
4505,0.000002399999999999999984039696988066120431071226448693778
4506,0.000002399999999999999984039696988066120431071226448693778
4507,0.000002399999999999999984039696988066120431071226448693778
4508,0.000002399999999999999984039696988066120431071226448693778
4509,0.000002399999999999999984039696988066120431071226448693778
4510,0.000002399999999999999984039696988066120431071226448693778
4511,0.000002399999999999999984039696988066120431071226448693778
4512,0.000002399999999999999984039696988066120431071226448693778
4513,0.000002399999999999999984039696988066120431071226448693778
4514,0.000002399999999999999984039696988066120431071226448693778
4515,0.000002399999999999999984039696988066120431071226448693778
4516,0.000002399999999999999984039696988066120431071226448693778
4517,0.000002399999999999999984039696988066120431071226448693778
4518,0.000002399999999999999984039696988066120431071226448693778
4519,0.000002399999999999999984039696988066120431071226448693778
4520,0.000002299999999999999915772991900811059173825867674167966
4521,0.000002299999999999999915772991900811059173825867674167966
4522,0.000002299999999999999915772991900811059173825867674167966
4523,0.000002299999999999999915772991900811059173825867674167966
4524,0.000002299999999999999915772991900811059173825867674167966
4525,0.000002299999999999999915772991900811059173825867674167966
4526,0.000002299999999999999915772991900811059173825867674167966
4527,0.000002299999999999999915772991900811059173825867674167966
4528,0.000002299999999999999915772991900811059173825867674167966
4529,0.000002299999999999999915772991900811059173825867674167966
4530,0.000002299999999999999915772991900811059173825867674167966
4531,0.000002299999999999999915772991900811059173825867674167966
4532,0.000002299999999999999915772991900811059173825867674167966
4533,0.000002299999999999999915772991900811059173825867674167966
4534,0.000002299999999999999915772991900811059173825867674167966
4535,0.000002299999999999999915772991900811059173825867674167966
4536,0.000002299999999999999915772991900811059173825867674167966
4537,0.000002299999999999999915772991900811059173825867674167966
4538,0.000002299999999999999915772991900811059173825867674167966
4539,0.000002299999999999999915772991900811059173825867674167966
4540,0.000002299999999999999915772991900811059173825867674167966
4541,0.000002299999999999999915772991900811059173825867674167966
4542,0.000002299999999999999915772991900811059173825867674167966
4543,0.000002299999999999999915772991900811059173825867674167966
4544,0.000002299999999999999915772991900811059173825867674167966
4545,0.000002299999999999999915772991900811059173825867674167966
4546,0.000002199999999999999847506286813555997916580508899642155
4547,0.000002199999999999999847506286813555997916580508899642155
4548,0.000002099999999999999779239581726300936659335150125116343
4549,0.000002000000000000000124563182915559712837794137385571958
4550,0.000002000000000000000124563182915559712837794137385571958
4551,0.000002000000000000000124563182915559712837794137385571958
4552,0.000002000000000000000124563182915559712837794137385571958
4553,0.000002000000000000000124563182915559712837794137385571958
4554,0.000002000000000000000124563182915559712837794137385571958
4555,0.000002000000000000000124563182915559712837794137385571958
4556,0.000001900000000000000056296477828304651580548778611046146
4557,0.000001900000000000000056296477828304651580548778611046146
4558,0.000001900000000000000056296477828304651580548778611046146
4559,0.000001900000000000000056296477828304651580548778611046146
4560,0.000001900000000000000056296477828304651580548778611046146
4561,0.000001900000000000000056296477828304651580548778611046146
4562,0.000001900000000000000056296477828304651580548778611046146
4563,0.000001900000000000000056296477828304651580548778611046146
4564,0.000001900000000000000056296477828304651580548778611046146
4565,0.000001900000000000000056296477828304651580548778611046146
4566,0.000001900000000000000056296477828304651580548778611046146
4567,0.000001900000000000000056296477828304651580548778611046146
4568,0.000001900000000000000056296477828304651580548778611046146
4569,0.000001900000000000000056296477828304651580548778611046146
4570,0.000001900000000000000056296477828304651580548778611046146
4571,0.000001900000000000000056296477828304651580548778611046146
4572,0.000001900000000000000056296477828304651580548778611046146
4573,0.000001900000000000000056296477828304651580548778611046146
4574,0.000001900000000000000056296477828304651580548778611046146
4575,0.000001900000000000000056296477828304651580548778611046146
4576,0.000001799999999999999988029772741049590323303419836520334
4577,0.000001799999999999999988029772741049590323303419836520334
4578,0.000001799999999999999988029772741049590323303419836520334
4579,0.000001799999999999999988029772741049590323303419836520334
4580,0.000001799999999999999988029772741049590323303419836520334
4581,0.000001799999999999999988029772741049590323303419836520334
4582,0.000001799999999999999988029772741049590323303419836520334
4583,0.000001799999999999999988029772741049590323303419836520334
4584,0.000001799999999999999988029772741049590323303419836520334
4585,0.000001799999999999999988029772741049590323303419836520334
4586,0.000001799999999999999988029772741049590323303419836520334
4587,0.000001799999999999999988029772741049590323303419836520334
4588,0.000001799999999999999988029772741049590323303419836520334
4589,0.000001799999999999999988029772741049590323303419836520334
4590,0.000001799999999999999988029772741049590323303419836520334
4591,0.000001799999999999999988029772741049590323303419836520334
4592,0.000001799999999999999988029772741049590323303419836520334
4593,0.000001799999999999999988029772741049590323303419836520334
4594,0.000001799999999999999988029772741049590323303419836520334
4595,0.000001799999999999999988029772741049590323303419836520334
4596,0.000001799999999999999988029772741049590323303419836520334
4597,0.000001799999999999999988029772741049590323303419836520334
4598,0.000001799999999999999988029772741049590323303419836520334
4599,0.000001799999999999999988029772741049590323303419836520334
4600,0.000001799999999999999988029772741049590323303419836520334
4601,0.000001799999999999999988029772741049590323303419836520334
4602,0.000001799999999999999988029772741049590323303419836520334
4603,0.000001799999999999999988029772741049590323303419836520334
4604,0.000001799999999999999988029772741049590323303419836520334
4605,0.000001799999999999999988029772741049590323303419836520334
4606,0.000001799999999999999988029772741049590323303419836520334
4607,0.000001799999999999999988029772741049590323303419836520334
4608,0.000001799999999999999988029772741049590323303419836520334
4609,0.000001799999999999999988029772741049590323303419836520334
4610,0.000001799999999999999988029772741049590323303419836520334
4611,0.000001799999999999999988029772741049590323303419836520334
4612,0.000001799999999999999988029772741049590323303419836520334
4613,0.000001799999999999999988029772741049590323303419836520334
4614,0.000001799999999999999988029772741049590323303419836520334
4615,0.000001799999999999999988029772741049590323303419836520334
4616,0.000001799999999999999988029772741049590323303419836520334
4617,0.000001799999999999999988029772741049590323303419836520334
4618,0.000001799999999999999988029772741049590323303419836520334
4619,0.000001799999999999999988029772741049590323303419836520334
4620,0.000001799999999999999988029772741049590323303419836520334
4621,0.000001799999999999999988029772741049590323303419836520334
4622,0.000001799999999999999988029772741049590323303419836520334
4623,0.000001799999999999999988029772741049590323303419836520334
4624,0.000001799999999999999988029772741049590323303419836520334
4625,0.000001799999999999999988029772741049590323303419836520334
4626,0.000001799999999999999988029772741049590323303419836520334
4627,0.000001799999999999999988029772741049590323303419836520334
4628,0.000001799999999999999988029772741049590323303419836520334
4629,0.000001799999999999999988029772741049590323303419836520334
4630,0.000001799999999999999988029772741049590323303419836520334
4631,0.000001799999999999999988029772741049590323303419836520334
4632,0.000001799999999999999988029772741049590323303419836520334
4633,0.000001799999999999999988029772741049590323303419836520334
4634,0.000001799999999999999988029772741049590323303419836520334
4635,0.000001799999999999999988029772741049590323303419836520334
4636,0.000001799999999999999988029772741049590323303419836520334
4637,0.000001799999999999999988029772741049590323303419836520334
4638,0.000001799999999999999988029772741049590323303419836520334
4639,0.000001799999999999999988029772741049590323303419836520334
4640,0.000001799999999999999988029772741049590323303419836520334
4641,0.000001799999999999999988029772741049590323303419836520334
4642,0.000001799999999999999988029772741049590323303419836520334
4643,0.000001799999999999999988029772741049590323303419836520334
4644,0.000001799999999999999988029772741049590323303419836520334
4645,0.000001799999999999999988029772741049590323303419836520334
4646,0.000001799999999999999988029772741049590323303419836520334
4647,0.000001799999999999999988029772741049590323303419836520334
4648,0.000001799999999999999988029772741049590323303419836520334
4649,0.000001799999999999999988029772741049590323303419836520334
4650,0.000001799999999999999988029772741049590323303419836520334
4651,0.000001799999999999999988029772741049590323303419836520334
4652,0.000001799999999999999988029772741049590323303419836520334
4653,0.000001799999999999999988029772741049590323303419836520334
4654,0.000001799999999999999988029772741049590323303419836520334
4655,0.000001799999999999999988029772741049590323303419836520334
4656,0.000001799999999999999988029772741049590323303419836520334
4657,0.000001799999999999999988029772741049590323303419836520334
4658,0.000001799999999999999988029772741049590323303419836520334
4659,0.000001799999999999999988029772741049590323303419836520334
4660,0.000001799999999999999988029772741049590323303419836520334
4661,0.000001799999999999999988029772741049590323303419836520334
4662,0.000001799999999999999988029772741049590323303419836520334
4663,0.000001799999999999999988029772741049590323303419836520334
4664,0.000001799999999999999988029772741049590323303419836520334
4665,0.000001799999999999999988029772741049590323303419836520334
4666,0.000001799999999999999988029772741049590323303419836520334
4667,0.000001799999999999999988029772741049590323303419836520334
4668,0.000001799999999999999988029772741049590323303419836520334
4669,0.000001799999999999999988029772741049590323303419836520334
4670,0.000001799999999999999988029772741049590323303419836520334
4671,0.000001799999999999999988029772741049590323303419836520334
4672,0.000001799999999999999988029772741049590323303419836520334
4673,0.000001799999999999999988029772741049590323303419836520334
4674,0.000001799999999999999988029772741049590323303419836520334
4675,0.000001799999999999999988029772741049590323303419836520334
4676,0.000001799999999999999988029772741049590323303419836520334
4677,0.000001799999999999999988029772741049590323303419836520334
4678,0.000001799999999999999988029772741049590323303419836520334
4679,0.000001799999999999999988029772741049590323303419836520334
4680,0.000001799999999999999988029772741049590323303419836520334
4681,0.000001799999999999999988029772741049590323303419836520334
4682,0.000001799999999999999988029772741049590323303419836520334
4683,0.000001799999999999999988029772741049590323303419836520334
4684,0.000001799999999999999988029772741049590323303419836520334
4685,0.000001799999999999999988029772741049590323303419836520334
4686,0.000001799999999999999988029772741049590323303419836520334
4687,0.000001799999999999999988029772741049590323303419836520334
4688,0.000001799999999999999988029772741049590323303419836520334
4689,0.000001799999999999999988029772741049590323303419836520334
4690,0.000001799999999999999988029772741049590323303419836520334
4691,0.000001799999999999999988029772741049590323303419836520334
4692,0.000001799999999999999988029772741049590323303419836520334
4693,0.000001799999999999999988029772741049590323303419836520334
4694,0.000001799999999999999988029772741049590323303419836520334
4695,0.000001799999999999999988029772741049590323303419836520334
4696,0.000001799999999999999988029772741049590323303419836520334
4697,0.000001799999999999999988029772741049590323303419836520334
4698,0.000001799999999999999988029772741049590323303419836520334
4699,0.000001799999999999999988029772741049590323303419836520334
4700,0.000001799999999999999988029772741049590323303419836520334
4701,0.000001799999999999999988029772741049590323303419836520334
4702,0.000001799999999999999988029772741049590323303419836520334
4703,0.000001799999999999999988029772741049590323303419836520334
4704,0.000001799999999999999988029772741049590323303419836520334
4705,0.000001799999999999999988029772741049590323303419836520334
4706,0.000001699999999999999919763067653794529066058061061994522
4707,0.000001699999999999999919763067653794529066058061061994522
4708,0.000001699999999999999919763067653794529066058061061994522
4709,0.000001699999999999999919763067653794529066058061061994522
4710,0.000001699999999999999919763067653794529066058061061994522
4711,0.000001699999999999999919763067653794529066058061061994522
4712,0.000001699999999999999919763067653794529066058061061994522
4713,0.000001699999999999999919763067653794529066058061061994522
4714,0.000001699999999999999919763067653794529066058061061994522
4715,0.000001599999999999999851496362566539467808812702287468710
4716,0.000001599999999999999851496362566539467808812702287468710
4717,0.000001599999999999999851496362566539467808812702287468710
4718,0.000001599999999999999851496362566539467808812702287468710
4719,0.000001599999999999999851496362566539467808812702287468710
4720,0.000001599999999999999851496362566539467808812702287468710
4721,0.000001599999999999999851496362566539467808812702287468710
4722,0.000001599999999999999851496362566539467808812702287468710
4723,0.000001599999999999999851496362566539467808812702287468710
4724,0.000001599999999999999851496362566539467808812702287468710
4725,0.000001599999999999999851496362566539467808812702287468710
4726,0.000001599999999999999851496362566539467808812702287468710
4727,0.000001599999999999999851496362566539467808812702287468710
4728,0.000001599999999999999851496362566539467808812702287468710
4729,0.000001599999999999999851496362566539467808812702287468710
4730,0.000001599999999999999851496362566539467808812702287468710
4731,0.000001599999999999999851496362566539467808812702287468710
4732,0.000001599999999999999851496362566539467808812702287468710
4733,0.000001599999999999999851496362566539467808812702287468710
4734,0.000001599999999999999851496362566539467808812702287468710
4735,0.000001599999999999999851496362566539467808812702287468710
4736,0.000001599999999999999851496362566539467808812702287468710
4737,0.000001599999999999999851496362566539467808812702287468710
4738,0.000001599999999999999851496362566539467808812702287468710
4739,0.000001599999999999999851496362566539467808812702287468710
4740,0.000001599999999999999851496362566539467808812702287468710
4741,0.000001599999999999999851496362566539467808812702287468710
4742,0.000001599999999999999851496362566539467808812702287468710
4743,0.000001599999999999999851496362566539467808812702287468710
4744,0.000001599999999999999851496362566539467808812702287468710
4745,0.000001599999999999999851496362566539467808812702287468710
4746,0.000001599999999999999851496362566539467808812702287468710
4747,0.000001599999999999999851496362566539467808812702287468710
4748,0.000001599999999999999851496362566539467808812702287468710
4749,0.000001599999999999999851496362566539467808812702287468710
4750,0.000001599999999999999851496362566539467808812702287468710
4751,0.000001599999999999999851496362566539467808812702287468710
4752,0.000001599999999999999851496362566539467808812702287468710
4753,0.000001599999999999999851496362566539467808812702287468710
4754,0.000001599999999999999851496362566539467808812702287468710
4755,0.000001599999999999999851496362566539467808812702287468710
4756,0.000001599999999999999851496362566539467808812702287468710
4757,0.000001599999999999999851496362566539467808812702287468710
4758,0.000001599999999999999851496362566539467808812702287468710
4759,0.000001499999999999999990024810617541325269419516530433611
4760,0.000001499999999999999990024810617541325269419516530433611
4761,0.000001499999999999999990024810617541325269419516530433611
4762,0.000001499999999999999990024810617541325269419516530433611
4763,0.000001499999999999999990024810617541325269419516530433611
4764,0.000001499999999999999990024810617541325269419516530433611
4765,0.000001499999999999999990024810617541325269419516530433611
4766,0.000001499999999999999990024810617541325269419516530433611
4767,0.000001399999999999999921758105530286264012174157755907800
4768,0.000001399999999999999921758105530286264012174157755907800
4769,0.000001399999999999999921758105530286264012174157755907800
4770,0.000001399999999999999921758105530286264012174157755907800
4771,0.000001399999999999999921758105530286264012174157755907800
4772,0.000001299999999999999853491400443031202754928798981381988
4773,0.000001299999999999999853491400443031202754928798981381988
4774,0.000001299999999999999853491400443031202754928798981381988
4775,0.000001299999999999999853491400443031202754928798981381988
4776,0.000001299999999999999853491400443031202754928798981381988
4777,0.000001299999999999999853491400443031202754928798981381988
4778,0.000001299999999999999853491400443031202754928798981381988
4779,0.000001299999999999999853491400443031202754928798981381988
4780,0.000001299999999999999853491400443031202754928798981381988
4781,0.000001299999999999999853491400443031202754928798981381988
4782,0.000001299999999999999853491400443031202754928798981381988
4783,0.000001299999999999999853491400443031202754928798981381988
4784,0.000001299999999999999853491400443031202754928798981381988
4785,0.000001299999999999999853491400443031202754928798981381988
4786,0.000001299999999999999853491400443031202754928798981381988
4787,0.000001299999999999999853491400443031202754928798981381988
4788,0.000001299999999999999853491400443031202754928798981381988
4789,0.000001299999999999999853491400443031202754928798981381988
4790,0.000001299999999999999853491400443031202754928798981381988
4791,0.000001299999999999999853491400443031202754928798981381988
4792,0.000001299999999999999853491400443031202754928798981381988
4793,0.000001299999999999999853491400443031202754928798981381988
4794,0.000001299999999999999853491400443031202754928798981381988
4795,0.000001299999999999999853491400443031202754928798981381988
4796,0.000001299999999999999853491400443031202754928798981381988
4797,0.000001299999999999999853491400443031202754928798981381988
4798,0.000001299999999999999853491400443031202754928798981381988
4799,0.000001299999999999999853491400443031202754928798981381988
4800,0.000001299999999999999853491400443031202754928798981381988
4801,0.000001299999999999999853491400443031202754928798981381988
4802,0.000001299999999999999853491400443031202754928798981381988
4803,0.000001299999999999999853491400443031202754928798981381988
4804,0.000001299999999999999853491400443031202754928798981381988
4805,0.000001299999999999999853491400443031202754928798981381988
4806,0.000001299999999999999853491400443031202754928798981381988
4807,0.000001299999999999999853491400443031202754928798981381988
4808,0.000001299999999999999853491400443031202754928798981381988
4809,0.000001299999999999999853491400443031202754928798981381988
4810,0.000001299999999999999853491400443031202754928798981381988
4811,0.000001299999999999999853491400443031202754928798981381988
4812,0.000001299999999999999853491400443031202754928798981381988
4813,0.000001299999999999999853491400443031202754928798981381988
4814,0.000001299999999999999853491400443031202754928798981381988
4815,0.000001299999999999999853491400443031202754928798981381988
4816,0.000001299999999999999853491400443031202754928798981381988
4817,0.000001299999999999999853491400443031202754928798981381988
4818,0.000001299999999999999853491400443031202754928798981381988
4819,0.000001299999999999999853491400443031202754928798981381988
4820,0.000001299999999999999853491400443031202754928798981381988
4821,0.000001299999999999999853491400443031202754928798981381988
4822,0.000001299999999999999853491400443031202754928798981381988
4823,0.000001299999999999999853491400443031202754928798981381988
4824,0.000001299999999999999853491400443031202754928798981381988
4825,0.000001299999999999999853491400443031202754928798981381988
4826,0.000001299999999999999853491400443031202754928798981381988
4827,0.000001299999999999999853491400443031202754928798981381988
4828,0.000001299999999999999853491400443031202754928798981381988
4829,0.000001299999999999999853491400443031202754928798981381988
4830,0.000001299999999999999853491400443031202754928798981381988
4831,0.000001299999999999999853491400443031202754928798981381988
4832,0.000001299999999999999853491400443031202754928798981381988
4833,0.000001299999999999999853491400443031202754928798981381988
4834,0.000001299999999999999853491400443031202754928798981381988
4835,0.000001299999999999999853491400443031202754928798981381988
4836,0.000001299999999999999853491400443031202754928798981381988
4837,0.000001299999999999999853491400443031202754928798981381988
4838,0.000001299999999999999853491400443031202754928798981381988
4839,0.000001299999999999999853491400443031202754928798981381988
4840,0.000001299999999999999853491400443031202754928798981381988
4841,0.000001299999999999999853491400443031202754928798981381988
4842,0.000001299999999999999853491400443031202754928798981381988
4843,0.000001299999999999999853491400443031202754928798981381988
4844,0.000001299999999999999853491400443031202754928798981381988
4845,0.000001299999999999999853491400443031202754928798981381988
4846,0.000001299999999999999853491400443031202754928798981381988
4847,0.000001299999999999999853491400443031202754928798981381988
4848,0.000001299999999999999853491400443031202754928798981381988
4849,0.000001299999999999999853491400443031202754928798981381988
4850,0.000001299999999999999853491400443031202754928798981381988
4851,0.000001299999999999999853491400443031202754928798981381988
4852,0.000001299999999999999853491400443031202754928798981381988
4853,0.000001299999999999999853491400443031202754928798981381988
4854,0.000001299999999999999853491400443031202754928798981381988
4855,0.000001299999999999999853491400443031202754928798981381988
4856,0.000001299999999999999853491400443031202754928798981381988
4857,0.000001299999999999999853491400443031202754928798981381988
4858,0.000001299999999999999853491400443031202754928798981381988
4859,0.000001299999999999999853491400443031202754928798981381988
4860,0.000001299999999999999853491400443031202754928798981381988
4861,0.000001299999999999999853491400443031202754928798981381988
4862,0.000001299999999999999853491400443031202754928798981381988
4863,0.000001299999999999999853491400443031202754928798981381988
4864,0.000001299999999999999853491400443031202754928798981381988
4865,0.000001299999999999999853491400443031202754928798981381988
4866,0.000001299999999999999853491400443031202754928798981381988
4867,0.000001299999999999999853491400443031202754928798981381988
4868,0.000001299999999999999853491400443031202754928798981381988
4869,0.000001199999999999999992019848494033060215535613224346889
4870,0.000001199999999999999992019848494033060215535613224346889
4871,0.000001199999999999999992019848494033060215535613224346889
4872,0.000001199999999999999992019848494033060215535613224346889
4873,0.000001199999999999999992019848494033060215535613224346889
4874,0.000001199999999999999992019848494033060215535613224346889
4875,0.000001199999999999999992019848494033060215535613224346889
4876,0.000001199999999999999992019848494033060215535613224346889
4877,0.000001199999999999999992019848494033060215535613224346889
4878,0.000001199999999999999992019848494033060215535613224346889
4879,0.000001199999999999999992019848494033060215535613224346889
4880,0.000001199999999999999992019848494033060215535613224346889
4881,0.000001199999999999999992019848494033060215535613224346889
4882,0.000001199999999999999992019848494033060215535613224346889
4883,0.000001199999999999999992019848494033060215535613224346889
4884,0.000001199999999999999992019848494033060215535613224346889
4885,0.000001199999999999999992019848494033060215535613224346889
4886,0.000001199999999999999992019848494033060215535613224346889
4887,0.000001199999999999999992019848494033060215535613224346889
4888,0.000001199999999999999992019848494033060215535613224346889
4889,0.000001199999999999999992019848494033060215535613224346889
4890,0.000001199999999999999992019848494033060215535613224346889
4891,0.000001199999999999999992019848494033060215535613224346889
4892,0.000001199999999999999992019848494033060215535613224346889
4893,0.000001199999999999999992019848494033060215535613224346889
4894,0.000001199999999999999992019848494033060215535613224346889
4895,0.000001199999999999999992019848494033060215535613224346889
4896,0.000001199999999999999992019848494033060215535613224346889
4897,0.000001199999999999999992019848494033060215535613224346889
4898,0.000001199999999999999992019848494033060215535613224346889
4899,0.000001199999999999999992019848494033060215535613224346889
4900,0.000001199999999999999992019848494033060215535613224346889
4901,0.000001199999999999999992019848494033060215535613224346889
4902,0.000001199999999999999992019848494033060215535613224346889
4903,0.000001199999999999999992019848494033060215535613224346889
4904,0.000001199999999999999992019848494033060215535613224346889
4905,0.000001199999999999999992019848494033060215535613224346889
4906,0.000001199999999999999992019848494033060215535613224346889
4907,0.000001199999999999999992019848494033060215535613224346889
4908,0.000001199999999999999992019848494033060215535613224346889
4909,0.000001199999999999999992019848494033060215535613224346889
4910,0.000001199999999999999992019848494033060215535613224346889
4911,0.000001199999999999999992019848494033060215535613224346889
4912,0.000001199999999999999992019848494033060215535613224346889
4913,0.000001199999999999999992019848494033060215535613224346889
4914,0.000001199999999999999992019848494033060215535613224346889
4915,0.000001199999999999999992019848494033060215535613224346889
4916,0.000001199999999999999992019848494033060215535613224346889
4917,0.000001199999999999999992019848494033060215535613224346889
4918,0.000001199999999999999992019848494033060215535613224346889
4919,0.000001199999999999999992019848494033060215535613224346889
4920,0.000001199999999999999992019848494033060215535613224346889
4921,0.000001199999999999999992019848494033060215535613224346889
4922,0.000001199999999999999992019848494033060215535613224346889
4923,0.000001199999999999999992019848494033060215535613224346889
4924,0.000001199999999999999992019848494033060215535613224346889
4925,0.000001199999999999999992019848494033060215535613224346889
4926,0.000001099999999999999923753143406777998958290254449821077
4927,0.000001099999999999999923753143406777998958290254449821077
4928,0.000001099999999999999923753143406777998958290254449821077
4929,0.000001099999999999999923753143406777998958290254449821077
4930,0.000001099999999999999923753143406777998958290254449821077
4931,0.000001099999999999999923753143406777998958290254449821077
4932,0.000001099999999999999923753143406777998958290254449821077
4933,0.000001099999999999999923753143406777998958290254449821077
4934,0.000001099999999999999923753143406777998958290254449821077
4935,0.000001099999999999999923753143406777998958290254449821077
4936,0.000001099999999999999923753143406777998958290254449821077
4937,0.000001099999999999999923753143406777998958290254449821077
4938,0.000001099999999999999923753143406777998958290254449821077
4939,0.000001099999999999999923753143406777998958290254449821077
4940,0.000001099999999999999923753143406777998958290254449821077
4941,0.000001099999999999999923753143406777998958290254449821077
4942,0.000001099999999999999923753143406777998958290254449821077
4943,0.000001099999999999999923753143406777998958290254449821077
4944,0.000001099999999999999923753143406777998958290254449821077
4945,0.000001099999999999999923753143406777998958290254449821077
4946,0.000001099999999999999923753143406777998958290254449821077
4947,0.000001099999999999999923753143406777998958290254449821077
4948,0.000001099999999999999923753143406777998958290254449821077
4949,0.000001099999999999999923753143406777998958290254449821077
4950,0.000001099999999999999923753143406777998958290254449821077
4951,0.000001099999999999999923753143406777998958290254449821077
4952,0.000001099999999999999923753143406777998958290254449821077
4953,0.000001099999999999999923753143406777998958290254449821077
4954,0.000001099999999999999923753143406777998958290254449821077
4955,0.000001099999999999999923753143406777998958290254449821077
4956,0.000001099999999999999923753143406777998958290254449821077
4957,0.000001099999999999999923753143406777998958290254449821077
4958,0.000001099999999999999923753143406777998958290254449821077
4959,0.000001099999999999999923753143406777998958290254449821077
4960,0.000001099999999999999923753143406777998958290254449821077
4961,0.000001099999999999999923753143406777998958290254449821077
4962,0.000001099999999999999923753143406777998958290254449821077
4963,0.000001099999999999999923753143406777998958290254449821077
4964,0.000001099999999999999923753143406777998958290254449821077
4965,0.000001099999999999999923753143406777998958290254449821077
4966,0.000001099999999999999923753143406777998958290254449821077
4967,0.000001099999999999999923753143406777998958290254449821077
4968,0.000001099999999999999923753143406777998958290254449821077
4969,0.000001099999999999999923753143406777998958290254449821077
4970,0.000001099999999999999923753143406777998958290254449821077
4971,0.000001099999999999999923753143406777998958290254449821077
4972,0.000001099999999999999923753143406777998958290254449821077
4973,0.000001099999999999999923753143406777998958290254449821077
4974,0.000001099999999999999923753143406777998958290254449821077
4975,0.000001099999999999999923753143406777998958290254449821077
4976,0.000001099999999999999923753143406777998958290254449821077
4977,0.000001099999999999999923753143406777998958290254449821077
4978,0.000001099999999999999923753143406777998958290254449821077
4979,0.000001099999999999999923753143406777998958290254449821077
4980,0.000001099999999999999923753143406777998958290254449821077
4981,0.000001099999999999999923753143406777998958290254449821077
4982,0.000001099999999999999923753143406777998958290254449821077
4983,0.000001099999999999999923753143406777998958290254449821077
4984,0.000001099999999999999923753143406777998958290254449821077
4985,0.000001099999999999999923753143406777998958290254449821077
4986,0.000001099999999999999923753143406777998958290254449821077
4987,0.000001099999999999999923753143406777998958290254449821077
4988,0.000001099999999999999923753143406777998958290254449821077
4989,0.000001099999999999999923753143406777998958290254449821077
4990,0.000001099999999999999923753143406777998958290254449821077
4991,0.000001099999999999999923753143406777998958290254449821077
4992,0.000001099999999999999923753143406777998958290254449821077
4993,0.000001099999999999999923753143406777998958290254449821077
4994,0.000001099999999999999923753143406777998958290254449821077
4995,0.000001099999999999999923753143406777998958290254449821077
4996,0.000001099999999999999923753143406777998958290254449821077
4997,0.000001099999999999999923753143406777998958290254449821077
4998,0.000001099999999999999923753143406777998958290254449821077
4999,0.000001099999999999999923753143406777998958290254449821077
5000,0.000001099999999999999923753143406777998958290254449821077
5001,0.000001099999999999999923753143406777998958290254449821077
5002,0.000001099999999999999923753143406777998958290254449821077
5003,0.000001099999999999999923753143406777998958290254449821077
5004,0.000001099999999999999923753143406777998958290254449821077
5005,0.000001099999999999999923753143406777998958290254449821077
5006,0.000001099999999999999923753143406777998958290254449821077
5007,0.000001099999999999999923753143406777998958290254449821077
5008,0.000001099999999999999923753143406777998958290254449821077
5009,0.000001099999999999999923753143406777998958290254449821077
5010,0.000001099999999999999923753143406777998958290254449821077
5011,0.000001099999999999999923753143406777998958290254449821077
5012,0.000001099999999999999923753143406777998958290254449821077
5013,0.000001099999999999999923753143406777998958290254449821077
5014,0.000001099999999999999923753143406777998958290254449821077
5015,0.000001099999999999999923753143406777998958290254449821077
5016,0.000001099999999999999923753143406777998958290254449821077
5017,0.000001099999999999999923753143406777998958290254449821077
5018,0.000001099999999999999923753143406777998958290254449821077
5019,0.000001099999999999999923753143406777998958290254449821077
5020,0.000001099999999999999923753143406777998958290254449821077
5021,0.000001099999999999999923753143406777998958290254449821077
5022,0.000001099999999999999923753143406777998958290254449821077
5023,0.000001099999999999999923753143406777998958290254449821077
5024,0.000001099999999999999923753143406777998958290254449821077
5025,0.000001099999999999999923753143406777998958290254449821077
5026,0.000001099999999999999923753143406777998958290254449821077
5027,0.000001099999999999999923753143406777998958290254449821077
5028,0.000001099999999999999923753143406777998958290254449821077
5029,0.000001099999999999999923753143406777998958290254449821077
5030,0.000001099999999999999923753143406777998958290254449821077
5031,0.000001099999999999999923753143406777998958290254449821077
5032,0.000001099999999999999923753143406777998958290254449821077
5033,0.000001099999999999999923753143406777998958290254449821077
5034,0.000001099999999999999923753143406777998958290254449821077
5035,0.000001099999999999999923753143406777998958290254449821077
5036,0.000001099999999999999923753143406777998958290254449821077
5037,0.000001099999999999999923753143406777998958290254449821077
5038,0.000001099999999999999923753143406777998958290254449821077
5039,0.000001099999999999999923753143406777998958290254449821077
5040,0.000001099999999999999923753143406777998958290254449821077
5041,0.000001099999999999999923753143406777998958290254449821077
5042,0.000001099999999999999923753143406777998958290254449821077
5043,0.000001099999999999999923753143406777998958290254449821077
5044,0.000001099999999999999923753143406777998958290254449821077
5045,0.000001099999999999999923753143406777998958290254449821077
5046,0.000001099999999999999923753143406777998958290254449821077
5047,0.000001099999999999999923753143406777998958290254449821077
5048,0.000001099999999999999923753143406777998958290254449821077
5049,0.000001099999999999999923753143406777998958290254449821077
5050,0.000001099999999999999923753143406777998958290254449821077
5051,0.000001099999999999999923753143406777998958290254449821077
5052,0.000001099999999999999923753143406777998958290254449821077
5053,0.000001099999999999999923753143406777998958290254449821077
5054,0.000001099999999999999923753143406777998958290254449821077
5055,0.000001099999999999999923753143406777998958290254449821077
5056,0.000001099999999999999923753143406777998958290254449821077
5057,0.000001099999999999999923753143406777998958290254449821077
5058,0.000001099999999999999923753143406777998958290254449821077
5059,0.000001099999999999999923753143406777998958290254449821077
5060,0.000001099999999999999923753143406777998958290254449821077
5061,0.000001099999999999999923753143406777998958290254449821077
5062,0.000001099999999999999923753143406777998958290254449821077
5063,0.000001099999999999999923753143406777998958290254449821077
5064,0.000001099999999999999923753143406777998958290254449821077
5065,0.000001099999999999999923753143406777998958290254449821077
5066,0.000001099999999999999923753143406777998958290254449821077
5067,0.000001099999999999999923753143406777998958290254449821077
5068,0.000001099999999999999923753143406777998958290254449821077
5069,0.000001099999999999999923753143406777998958290254449821077
5070,0.000001099999999999999923753143406777998958290254449821077
5071,0.000001099999999999999923753143406777998958290254449821077
5072,0.000001099999999999999923753143406777998958290254449821077
5073,0.000001099999999999999923753143406777998958290254449821077
5074,0.000001099999999999999923753143406777998958290254449821077
5075,0.000001099999999999999923753143406777998958290254449821077
5076,0.000001099999999999999923753143406777998958290254449821077
5077,0.000001099999999999999923753143406777998958290254449821077
5078,0.000001099999999999999923753143406777998958290254449821077
5079,0.000001099999999999999923753143406777998958290254449821077
5080,0.000001099999999999999923753143406777998958290254449821077
5081,0.000001099999999999999923753143406777998958290254449821077
5082,0.000001099999999999999923753143406777998958290254449821077
5083,0.000001099999999999999923753143406777998958290254449821077
5084,0.000001099999999999999923753143406777998958290254449821077
5085,0.000001099999999999999923753143406777998958290254449821077
5086,0.000001099999999999999923753143406777998958290254449821077
5087,0.000001099999999999999923753143406777998958290254449821077
5088,0.000001099999999999999923753143406777998958290254449821077
5089,0.000001099999999999999923753143406777998958290254449821077
5090,0.000001099999999999999923753143406777998958290254449821077
5091,0.000001099999999999999923753143406777998958290254449821077
5092,0.000001099999999999999923753143406777998958290254449821077
5093,0.000001099999999999999923753143406777998958290254449821077
5094,0.000001099999999999999923753143406777998958290254449821077
5095,0.000001099999999999999923753143406777998958290254449821077
5096,0.000001099999999999999923753143406777998958290254449821077
5097,0.000001099999999999999923753143406777998958290254449821077
5098,0.000001099999999999999923753143406777998958290254449821077
5099,0.000001099999999999999923753143406777998958290254449821077
5100,0.000001099999999999999923753143406777998958290254449821077
5101,0.000001099999999999999923753143406777998958290254449821077
5102,0.000001099999999999999923753143406777998958290254449821077
5103,0.000001099999999999999923753143406777998958290254449821077
5104,0.000001099999999999999923753143406777998958290254449821077
5105,0.000001099999999999999923753143406777998958290254449821077
5106,0.000001099999999999999923753143406777998958290254449821077
5107,0.000001099999999999999923753143406777998958290254449821077
5108,0.000001099999999999999923753143406777998958290254449821077
5109,0.000001099999999999999923753143406777998958290254449821077
5110,0.000001099999999999999923753143406777998958290254449821077
5111,0.000001099999999999999923753143406777998958290254449821077
5112,0.000001099999999999999923753143406777998958290254449821077
5113,0.000001099999999999999923753143406777998958290254449821077
5114,0.000001099999999999999923753143406777998958290254449821077
5115,0.000001000000000000000062281591457779856418897068692785979
5116,0.000001000000000000000062281591457779856418897068692785979
5117,0.000001000000000000000062281591457779856418897068692785979
5118,0.000001000000000000000062281591457779856418897068692785979
5119,0.000001000000000000000062281591457779856418897068692785979
5120,0.000001000000000000000062281591457779856418897068692785979
5121,0.000001000000000000000062281591457779856418897068692785979
5122,0.000001000000000000000062281591457779856418897068692785979
5123,0.000001000000000000000062281591457779856418897068692785979
5124,0.000001000000000000000062281591457779856418897068692785979
5125,0.000001000000000000000062281591457779856418897068692785979
5126,0.000000899999999999999994014886370524795161651709918260167
5127,0.000000899999999999999994014886370524795161651709918260167
5128,0.000000899999999999999994014886370524795161651709918260167
5129,0.000000899999999999999994014886370524795161651709918260167
5130,0.000000899999999999999994014886370524795161651709918260167
5131,0.000000899999999999999994014886370524795161651709918260167
5132,0.000000899999999999999994014886370524795161651709918260167
5133,0.000000899999999999999994014886370524795161651709918260167
5134,0.000000899999999999999994014886370524795161651709918260167
5135,0.000000899999999999999994014886370524795161651709918260167
5136,0.000000899999999999999994014886370524795161651709918260167
5137,0.000000899999999999999994014886370524795161651709918260167
5138,0.000000899999999999999994014886370524795161651709918260167
5139,0.000000899999999999999994014886370524795161651709918260167
5140,0.000000899999999999999994014886370524795161651709918260167
5141,0.000000899999999999999994014886370524795161651709918260167
5142,0.000000899999999999999994014886370524795161651709918260167
5143,0.000000899999999999999994014886370524795161651709918260167
5144,0.000000899999999999999994014886370524795161651709918260167
5145,0.000000899999999999999994014886370524795161651709918260167
5146,0.000000899999999999999994014886370524795161651709918260167
5147,0.000000899999999999999994014886370524795161651709918260167
5148,0.000000899999999999999994014886370524795161651709918260167
5149,0.000000899999999999999994014886370524795161651709918260167
5150,0.000000899999999999999994014886370524795161651709918260167
5151,0.000000899999999999999994014886370524795161651709918260167
5152,0.000000899999999999999994014886370524795161651709918260167
5153,0.000000899999999999999994014886370524795161651709918260167
5154,0.000000899999999999999994014886370524795161651709918260167
5155,0.000000899999999999999994014886370524795161651709918260167
5156,0.000000799999999999999925748181283269733904406351143734355
5157,0.000000799999999999999925748181283269733904406351143734355
5158,0.000000799999999999999925748181283269733904406351143734355
5159,0.000000799999999999999925748181283269733904406351143734355
5160,0.000000799999999999999925748181283269733904406351143734355
5161,0.000000799999999999999925748181283269733904406351143734355
5162,0.000000799999999999999925748181283269733904406351143734355
5163,0.000000799999999999999925748181283269733904406351143734355
5164,0.000000799999999999999925748181283269733904406351143734355
5165,0.000000799999999999999925748181283269733904406351143734355
5166,0.000000799999999999999925748181283269733904406351143734355
5167,0.000000799999999999999925748181283269733904406351143734355
5168,0.000000799999999999999925748181283269733904406351143734355
5169,0.000000799999999999999925748181283269733904406351143734355
5170,0.000000799999999999999925748181283269733904406351143734355
5171,0.000000799999999999999925748181283269733904406351143734355
5172,0.000000799999999999999925748181283269733904406351143734355
5173,0.000000799999999999999925748181283269733904406351143734355
5174,0.000000799999999999999925748181283269733904406351143734355
5175,0.000000799999999999999925748181283269733904406351143734355
5176,0.000000799999999999999925748181283269733904406351143734355
5177,0.000000799999999999999925748181283269733904406351143734355
5178,0.000000799999999999999925748181283269733904406351143734355
5179,0.000000799999999999999925748181283269733904406351143734355
5180,0.000000799999999999999925748181283269733904406351143734355
5181,0.000000799999999999999925748181283269733904406351143734355
5182,0.000000799999999999999925748181283269733904406351143734355
5183,0.000000799999999999999925748181283269733904406351143734355
5184,0.000000799999999999999925748181283269733904406351143734355
5185,0.000000799999999999999925748181283269733904406351143734355
5186,0.000000799999999999999925748181283269733904406351143734355
5187,0.000000799999999999999925748181283269733904406351143734355
5188,0.000000799999999999999925748181283269733904406351143734355
5189,0.000000799999999999999925748181283269733904406351143734355
5190,0.000000799999999999999925748181283269733904406351143734355
5191,0.000000799999999999999925748181283269733904406351143734355
5192,0.000000799999999999999925748181283269733904406351143734355
5193,0.000000799999999999999925748181283269733904406351143734355
5194,0.000000799999999999999925748181283269733904406351143734355
5195,0.000000799999999999999925748181283269733904406351143734355
5196,0.000000799999999999999925748181283269733904406351143734355
5197,0.000000799999999999999925748181283269733904406351143734355
5198,0.000000799999999999999925748181283269733904406351143734355
5199,0.000000799999999999999925748181283269733904406351143734355
5200,0.000000799999999999999925748181283269733904406351143734355
5201,0.000000799999999999999925748181283269733904406351143734355
5202,0.000000799999999999999925748181283269733904406351143734355
5203,0.000000799999999999999925748181283269733904406351143734355
5204,0.000000799999999999999925748181283269733904406351143734355
5205,0.000000799999999999999925748181283269733904406351143734355
5206,0.000000799999999999999925748181283269733904406351143734355
5207,0.000000799999999999999925748181283269733904406351143734355
5208,0.000000799999999999999925748181283269733904406351143734355
5209,0.000000799999999999999925748181283269733904406351143734355
5210,0.000000799999999999999925748181283269733904406351143734355
5211,0.000000799999999999999925748181283269733904406351143734355
5212,0.000000799999999999999925748181283269733904406351143734355
5213,0.000000799999999999999925748181283269733904406351143734355
5214,0.000000799999999999999925748181283269733904406351143734355
5215,0.000000799999999999999925748181283269733904406351143734355
5216,0.000000799999999999999925748181283269733904406351143734355
5217,0.000000799999999999999925748181283269733904406351143734355
5218,0.000000799999999999999925748181283269733904406351143734355
5219,0.000000799999999999999925748181283269733904406351143734355
5220,0.000000799999999999999925748181283269733904406351143734355
5221,0.000000799999999999999925748181283269733904406351143734355
5222,0.000000799999999999999925748181283269733904406351143734355
5223,0.000000799999999999999925748181283269733904406351143734355
5224,0.000000799999999999999925748181283269733904406351143734355
5225,0.000000799999999999999925748181283269733904406351143734355
5226,0.000000799999999999999925748181283269733904406351143734355
5227,0.000000799999999999999925748181283269733904406351143734355
5228,0.000000799999999999999925748181283269733904406351143734355
5229,0.000000799999999999999925748181283269733904406351143734355
5230,0.000000799999999999999925748181283269733904406351143734355
5231,0.000000799999999999999925748181283269733904406351143734355
5232,0.000000799999999999999925748181283269733904406351143734355
5233,0.000000799999999999999925748181283269733904406351143734355
5234,0.000000799999999999999925748181283269733904406351143734355
5235,0.000000799999999999999925748181283269733904406351143734355
5236,0.000000799999999999999925748181283269733904406351143734355
5237,0.000000799999999999999925748181283269733904406351143734355
5238,0.000000799999999999999925748181283269733904406351143734355
5239,0.000000799999999999999925748181283269733904406351143734355
5240,0.000000699999999999999960879052765143132006087078877953900
5241,0.000000699999999999999960879052765143132006087078877953900
5242,0.000000699999999999999960879052765143132006087078877953900
5243,0.000000699999999999999960879052765143132006087078877953900
5244,0.000000699999999999999960879052765143132006087078877953900
5245,0.000000699999999999999960879052765143132006087078877953900
5246,0.000000699999999999999960879052765143132006087078877953900
5247,0.000000699999999999999960879052765143132006087078877953900
5248,0.000000699999999999999960879052765143132006087078877953900
5249,0.000000699999999999999960879052765143132006087078877953900
5250,0.000000699999999999999960879052765143132006087078877953900
5251,0.000000699999999999999960879052765143132006087078877953900
5252,0.000000699999999999999960879052765143132006087078877953900
5253,0.000000699999999999999960879052765143132006087078877953900
5254,0.000000699999999999999960879052765143132006087078877953900
5255,0.000000699999999999999960879052765143132006087078877953900
5256,0.000000699999999999999960879052765143132006087078877953900
5257,0.000000699999999999999960879052765143132006087078877953900
5258,0.000000699999999999999960879052765143132006087078877953900
5259,0.000000699999999999999960879052765143132006087078877953900
5260,0.000000699999999999999960879052765143132006087078877953900
5261,0.000000699999999999999960879052765143132006087078877953900
5262,0.000000699999999999999960879052765143132006087078877953900
5263,0.000000699999999999999960879052765143132006087078877953900
5264,0.000000699999999999999960879052765143132006087078877953900
5265,0.000000699999999999999960879052765143132006087078877953900
5266,0.000000699999999999999960879052765143132006087078877953900
5267,0.000000699999999999999960879052765143132006087078877953900
5268,0.000000699999999999999960879052765143132006087078877953900
5269,0.000000699999999999999960879052765143132006087078877953900
5270,0.000000699999999999999960879052765143132006087078877953900
5271,0.000000699999999999999960879052765143132006087078877953900
5272,0.000000699999999999999960879052765143132006087078877953900
5273,0.000000699999999999999960879052765143132006087078877953900
5274,0.000000699999999999999960879052765143132006087078877953900
5275,0.000000699999999999999960879052765143132006087078877953900
5276,0.000000699999999999999960879052765143132006087078877953900
5277,0.000000699999999999999960879052765143132006087078877953900
5278,0.000000699999999999999960879052765143132006087078877953900
5279,0.000000699999999999999960879052765143132006087078877953900
5280,0.000000699999999999999960879052765143132006087078877953900
5281,0.000000699999999999999960879052765143132006087078877953900
5282,0.000000699999999999999960879052765143132006087078877953900
5283,0.000000699999999999999960879052765143132006087078877953900
5284,0.000000699999999999999960879052765143132006087078877953900
5285,0.000000699999999999999960879052765143132006087078877953900
5286,0.000000699999999999999960879052765143132006087078877953900
5287,0.000000699999999999999960879052765143132006087078877953900
5288,0.000000699999999999999960879052765143132006087078877953900
5289,0.000000699999999999999960879052765143132006087078877953900
5290,0.000000699999999999999960879052765143132006087078877953900
5291,0.000000699999999999999960879052765143132006087078877953900
5292,0.000000699999999999999960879052765143132006087078877953900
5293,0.000000699999999999999960879052765143132006087078877953900
5294,0.000000699999999999999960879052765143132006087078877953900
5295,0.000000699999999999999960879052765143132006087078877953900
5296,0.000000699999999999999960879052765143132006087078877953900
5297,0.000000699999999999999960879052765143132006087078877953900
5298,0.000000699999999999999960879052765143132006087078877953900
5299,0.000000699999999999999960879052765143132006087078877953900
5300,0.000000699999999999999960879052765143132006087078877953900
5301,0.000000699999999999999960879052765143132006087078877953900
5302,0.000000699999999999999960879052765143132006087078877953900
5303,0.000000699999999999999960879052765143132006087078877953900
5304,0.000000699999999999999960879052765143132006087078877953900
5305,0.000000699999999999999960879052765143132006087078877953900
5306,0.000000699999999999999960879052765143132006087078877953900
5307,0.000000699999999999999960879052765143132006087078877953900
5308,0.000000699999999999999960879052765143132006087078877953900
5309,0.000000699999999999999960879052765143132006087078877953900
5310,0.000000699999999999999960879052765143132006087078877953900
5311,0.000000699999999999999960879052765143132006087078877953900
5312,0.000000699999999999999960879052765143132006087078877953900
5313,0.000000699999999999999960879052765143132006087078877953900
5314,0.000000699999999999999960879052765143132006087078877953900
5315,0.000000699999999999999960879052765143132006087078877953900
5316,0.000000699999999999999960879052765143132006087078877953900
5317,0.000000699999999999999960879052765143132006087078877953900
5318,0.000000699999999999999960879052765143132006087078877953900
5319,0.000000699999999999999960879052765143132006087078877953900
5320,0.000000699999999999999960879052765143132006087078877953900
5321,0.000000699999999999999960879052765143132006087078877953900
5322,0.000000699999999999999960879052765143132006087078877953900
5323,0.000000699999999999999960879052765143132006087078877953900
5324,0.000000699999999999999960879052765143132006087078877953900
5325,0.000000699999999999999960879052765143132006087078877953900
5326,0.000000699999999999999960879052765143132006087078877953900
5327,0.000000699999999999999960879052765143132006087078877953900
5328,0.000000699999999999999960879052765143132006087078877953900
5329,0.000000699999999999999960879052765143132006087078877953900
5330,0.000000699999999999999960879052765143132006087078877953900
5331,0.000000699999999999999960879052765143132006087078877953900
5332,0.000000699999999999999960879052765143132006087078877953900
5333,0.000000699999999999999960879052765143132006087078877953900
5334,0.000000699999999999999960879052765143132006087078877953900
5335,0.000000699999999999999960879052765143132006087078877953900
5336,0.000000699999999999999960879052765143132006087078877953900
5337,0.000000699999999999999960879052765143132006087078877953900
5338,0.000000699999999999999960879052765143132006087078877953900
5339,0.000000699999999999999960879052765143132006087078877953900
5340,0.000000699999999999999960879052765143132006087078877953900
5341,0.000000699999999999999960879052765143132006087078877953900
5342,0.000000699999999999999960879052765143132006087078877953900
5343,0.000000699999999999999960879052765143132006087078877953900
5344,0.000000699999999999999960879052765143132006087078877953900
5345,0.000000699999999999999960879052765143132006087078877953900
5346,0.000000699999999999999960879052765143132006087078877953900
5347,0.000000699999999999999960879052765143132006087078877953900
5348,0.000000699999999999999960879052765143132006087078877953900
5349,0.000000699999999999999960879052765143132006087078877953900
5350,0.000000699999999999999960879052765143132006087078877953900
5351,0.000000699999999999999960879052765143132006087078877953900
5352,0.000000699999999999999960879052765143132006087078877953900
5353,0.000000699999999999999960879052765143132006087078877953900
5354,0.000000699999999999999960879052765143132006087078877953900
5355,0.000000699999999999999960879052765143132006087078877953900
5356,0.000000699999999999999960879052765143132006087078877953900
5357,0.000000699999999999999960879052765143132006087078877953900
5358,0.000000699999999999999960879052765143132006087078877953900
5359,0.000000699999999999999960879052765143132006087078877953900
5360,0.000000699999999999999960879052765143132006087078877953900
5361,0.000000699999999999999960879052765143132006087078877953900
5362,0.000000699999999999999960879052765143132006087078877953900
5363,0.000000699999999999999960879052765143132006087078877953900
5364,0.000000699999999999999960879052765143132006087078877953900
5365,0.000000699999999999999960879052765143132006087078877953900
5366,0.000000699999999999999960879052765143132006087078877953900
5367,0.000000699999999999999960879052765143132006087078877953900
5368,0.000000699999999999999960879052765143132006087078877953900
5369,0.000000699999999999999960879052765143132006087078877953900
5370,0.000000699999999999999960879052765143132006087078877953900
5371,0.000000699999999999999960879052765143132006087078877953900
5372,0.000000699999999999999960879052765143132006087078877953900
5373,0.000000699999999999999960879052765143132006087078877953900
5374,0.000000699999999999999960879052765143132006087078877953900
5375,0.000000699999999999999960879052765143132006087078877953900
5376,0.000000699999999999999960879052765143132006087078877953900
5377,0.000000699999999999999960879052765143132006087078877953900
5378,0.000000699999999999999960879052765143132006087078877953900
5379,0.000000699999999999999960879052765143132006087078877953900
5380,0.000000699999999999999960879052765143132006087078877953900
5381,0.000000699999999999999960879052765143132006087078877953900
5382,0.000000699999999999999960879052765143132006087078877953900
5383,0.000000699999999999999960879052765143132006087078877953900
5384,0.000000699999999999999960879052765143132006087078877953900
5385,0.000000699999999999999960879052765143132006087078877953900
5386,0.000000699999999999999960879052765143132006087078877953900
5387,0.000000699999999999999960879052765143132006087078877953900
5388,0.000000699999999999999960879052765143132006087078877953900
5389,0.000000699999999999999960879052765143132006087078877953900
5390,0.000000699999999999999960879052765143132006087078877953900
5391,0.000000699999999999999960879052765143132006087078877953900
5392,0.000000699999999999999960879052765143132006087078877953900
5393,0.000000699999999999999960879052765143132006087078877953900
5394,0.000000699999999999999960879052765143132006087078877953900
5395,0.000000699999999999999960879052765143132006087078877953900
5396,0.000000699999999999999960879052765143132006087078877953900
5397,0.000000699999999999999960879052765143132006087078877953900
5398,0.000000699999999999999960879052765143132006087078877953900
5399,0.000000699999999999999960879052765143132006087078877953900
5400,0.000000699999999999999960879052765143132006087078877953900
5401,0.000000699999999999999960879052765143132006087078877953900
5402,0.000000699999999999999960879052765143132006087078877953900
5403,0.000000699999999999999960879052765143132006087078877953900
5404,0.000000699999999999999960879052765143132006087078877953900
5405,0.000000699999999999999960879052765143132006087078877953900
5406,0.000000699999999999999960879052765143132006087078877953900
5407,0.000000699999999999999960879052765143132006087078877953900
5408,0.000000699999999999999960879052765143132006087078877953900
5409,0.000000699999999999999960879052765143132006087078877953900
5410,0.000000699999999999999960879052765143132006087078877953900
5411,0.000000699999999999999960879052765143132006087078877953900
5412,0.000000699999999999999960879052765143132006087078877953900
5413,0.000000699999999999999960879052765143132006087078877953900
5414,0.000000699999999999999960879052765143132006087078877953900
5415,0.000000699999999999999960879052765143132006087078877953900
5416,0.000000699999999999999960879052765143132006087078877953900
5417,0.000000699999999999999960879052765143132006087078877953900
5418,0.000000699999999999999960879052765143132006087078877953900
5419,0.000000699999999999999960879052765143132006087078877953900
5420,0.000000699999999999999960879052765143132006087078877953900
5421,0.000000699999999999999960879052765143132006087078877953900
5422,0.000000699999999999999960879052765143132006087078877953900
5423,0.000000699999999999999960879052765143132006087078877953900
5424,0.000000699999999999999960879052765143132006087078877953900
5425,0.000000699999999999999960879052765143132006087078877953900
5426,0.000000699999999999999960879052765143132006087078877953900
5427,0.000000699999999999999960879052765143132006087078877953900
5428,0.000000699999999999999960879052765143132006087078877953900
5429,0.000000699999999999999960879052765143132006087078877953900
5430,0.000000699999999999999960879052765143132006087078877953900
5431,0.000000699999999999999960879052765143132006087078877953900
5432,0.000000699999999999999960879052765143132006087078877953900
5433,0.000000699999999999999960879052765143132006087078877953900
5434,0.000000699999999999999960879052765143132006087078877953900
5435,0.000000699999999999999960879052765143132006087078877953900
5436,0.000000699999999999999960879052765143132006087078877953900
5437,0.000000699999999999999960879052765143132006087078877953900
5438,0.000000699999999999999960879052765143132006087078877953900
5439,0.000000699999999999999960879052765143132006087078877953900
5440,0.000000699999999999999960879052765143132006087078877953900
5441,0.000000699999999999999960879052765143132006087078877953900
5442,0.000000699999999999999960879052765143132006087078877953900
5443,0.000000699999999999999960879052765143132006087078877953900
5444,0.000000699999999999999960879052765143132006087078877953900
5445,0.000000699999999999999960879052765143132006087078877953900
5446,0.000000699999999999999960879052765143132006087078877953900
5447,0.000000699999999999999960879052765143132006087078877953900
5448,0.000000699999999999999960879052765143132006087078877953900
5449,0.000000699999999999999960879052765143132006087078877953900
5450,0.000000699999999999999960879052765143132006087078877953900
5451,0.000000699999999999999960879052765143132006087078877953900
5452,0.000000699999999999999960879052765143132006087078877953900
5453,0.000000699999999999999960879052765143132006087078877953900
5454,0.000000699999999999999960879052765143132006087078877953900
5455,0.000000699999999999999960879052765143132006087078877953900
5456,0.000000699999999999999960879052765143132006087078877953900
5457,0.000000699999999999999960879052765143132006087078877953900
5458,0.000000699999999999999960879052765143132006087078877953900
5459,0.000000699999999999999960879052765143132006087078877953900
5460,0.000000699999999999999960879052765143132006087078877953900
5461,0.000000699999999999999960879052765143132006087078877953900
5462,0.000000699999999999999960879052765143132006087078877953900
5463,0.000000699999999999999960879052765143132006087078877953900
5464,0.000000699999999999999960879052765143132006087078877953900
5465,0.000000699999999999999960879052765143132006087078877953900
5466,0.000000699999999999999960879052765143132006087078877953900
5467,0.000000699999999999999960879052765143132006087078877953900
5468,0.000000699999999999999960879052765143132006087078877953900
5469,0.000000699999999999999960879052765143132006087078877953900
5470,0.000000699999999999999960879052765143132006087078877953900
5471,0.000000699999999999999960879052765143132006087078877953900
5472,0.000000699999999999999960879052765143132006087078877953900
5473,0.000000699999999999999960879052765143132006087078877953900
5474,0.000000699999999999999960879052765143132006087078877953900
5475,0.000000699999999999999960879052765143132006087078877953900
5476,0.000000699999999999999960879052765143132006087078877953900
5477,0.000000699999999999999960879052765143132006087078877953900
5478,0.000000699999999999999960879052765143132006087078877953900
5479,0.000000699999999999999960879052765143132006087078877953900
5480,0.000000699999999999999960879052765143132006087078877953900
5481,0.000000699999999999999960879052765143132006087078877953900
5482,0.000000699999999999999960879052765143132006087078877953900
5483,0.000000699999999999999960879052765143132006087078877953900
5484,0.000000699999999999999960879052765143132006087078877953900
5485,0.000000699999999999999960879052765143132006087078877953900
5486,0.000000699999999999999960879052765143132006087078877953900
5487,0.000000699999999999999960879052765143132006087078877953900
5488,0.000000699999999999999960879052765143132006087078877953900
5489,0.000000699999999999999960879052765143132006087078877953900
5490,0.000000699999999999999960879052765143132006087078877953900
5491,0.000000699999999999999960879052765143132006087078877953900
5492,0.000000699999999999999960879052765143132006087078877953900
5493,0.000000699999999999999960879052765143132006087078877953900
5494,0.000000699999999999999960879052765143132006087078877953900
5495,0.000000699999999999999960879052765143132006087078877953900
5496,0.000000699999999999999960879052765143132006087078877953900
5497,0.000000699999999999999960879052765143132006087078877953900
5498,0.000000699999999999999960879052765143132006087078877953900
5499,0.000000699999999999999960879052765143132006087078877953900
5500,0.000000699999999999999960879052765143132006087078877953900
5501,0.000000699999999999999960879052765143132006087078877953900
5502,0.000000699999999999999960879052765143132006087078877953900
5503,0.000000699999999999999960879052765143132006087078877953900
5504,0.000000699999999999999960879052765143132006087078877953900
5505,0.000000699999999999999960879052765143132006087078877953900
5506,0.000000699999999999999960879052765143132006087078877953900
5507,0.000000699999999999999960879052765143132006087078877953900
5508,0.000000699999999999999960879052765143132006087078877953900
5509,0.000000699999999999999960879052765143132006087078877953900
5510,0.000000699999999999999960879052765143132006087078877953900
5511,0.000000699999999999999960879052765143132006087078877953900
5512,0.000000699999999999999960879052765143132006087078877953900
5513,0.000000699999999999999960879052765143132006087078877953900
5514,0.000000699999999999999960879052765143132006087078877953900
5515,0.000000699999999999999960879052765143132006087078877953900
5516,0.000000699999999999999960879052765143132006087078877953900
5517,0.000000699999999999999960879052765143132006087078877953900
5518,0.000000699999999999999960879052765143132006087078877953900
5519,0.000000699999999999999960879052765143132006087078877953900
5520,0.000000699999999999999960879052765143132006087078877953900
5521,0.000000699999999999999960879052765143132006087078877953900
5522,0.000000699999999999999960879052765143132006087078877953900
5523,0.000000699999999999999960879052765143132006087078877953900
5524,0.000000699999999999999960879052765143132006087078877953900
5525,0.000000699999999999999960879052765143132006087078877953900
5526,0.000000699999999999999960879052765143132006087078877953900
5527,0.000000699999999999999960879052765143132006087078877953900
5528,0.000000699999999999999960879052765143132006087078877953900
5529,0.000000699999999999999960879052765143132006087078877953900
5530,0.000000699999999999999960879052765143132006087078877953900
5531,0.000000699999999999999960879052765143132006087078877953900
5532,0.000000699999999999999960879052765143132006087078877953900
5533,0.000000699999999999999960879052765143132006087078877953900
5534,0.000000699999999999999960879052765143132006087078877953900
5535,0.000000699999999999999960879052765143132006087078877953900
5536,0.000000699999999999999960879052765143132006087078877953900
5537,0.000000699999999999999960879052765143132006087078877953900
5538,0.000000699999999999999960879052765143132006087078877953900
5539,0.000000699999999999999960879052765143132006087078877953900
5540,0.000000699999999999999960879052765143132006087078877953900
5541,0.000000699999999999999960879052765143132006087078877953900
5542,0.000000699999999999999960879052765143132006087078877953900
5543,0.000000699999999999999960879052765143132006087078877953900
5544,0.000000599999999999999996009924247016530107767806612173445
5545,0.000000599999999999999996009924247016530107767806612173445
5546,0.000000599999999999999996009924247016530107767806612173445
5547,0.000000599999999999999996009924247016530107767806612173445
5548,0.000000599999999999999996009924247016530107767806612173445
5549,0.000000599999999999999996009924247016530107767806612173445
5550,0.000000599999999999999996009924247016530107767806612173445
5551,0.000000599999999999999996009924247016530107767806612173445
5552,0.000000599999999999999996009924247016530107767806612173445
5553,0.000000599999999999999996009924247016530107767806612173445
5554,0.000000599999999999999996009924247016530107767806612173445
5555,0.000000599999999999999996009924247016530107767806612173445
5556,0.000000599999999999999996009924247016530107767806612173445
5557,0.000000599999999999999996009924247016530107767806612173445
5558,0.000000599999999999999996009924247016530107767806612173445
5559,0.000000599999999999999996009924247016530107767806612173445
5560,0.000000599999999999999996009924247016530107767806612173445
5561,0.000000599999999999999996009924247016530107767806612173445
5562,0.000000599999999999999996009924247016530107767806612173445
5563,0.000000599999999999999996009924247016530107767806612173445
5564,0.000000599999999999999996009924247016530107767806612173445
5565,0.000000599999999999999996009924247016530107767806612173445
5566,0.000000599999999999999996009924247016530107767806612173445
5567,0.000000500000000000000031140795728889928209448534346392989
5568,0.000000500000000000000031140795728889928209448534346392989
5569,0.000000500000000000000031140795728889928209448534346392989
5570,0.000000500000000000000031140795728889928209448534346392989
5571,0.000000500000000000000031140795728889928209448534346392989
5572,0.000000500000000000000031140795728889928209448534346392989
5573,0.000000500000000000000031140795728889928209448534346392989
5574,0.000000500000000000000031140795728889928209448534346392989
5575,0.000000500000000000000031140795728889928209448534346392989
5576,0.000000500000000000000031140795728889928209448534346392989
5577,0.000000500000000000000031140795728889928209448534346392989
5578,0.000000500000000000000031140795728889928209448534346392989
5579,0.000000399999999999999962874090641634866952203175571867177
5580,0.000000399999999999999962874090641634866952203175571867177
5581,0.000000399999999999999962874090641634866952203175571867177
5582,0.000000399999999999999962874090641634866952203175571867177
5583,0.000000399999999999999962874090641634866952203175571867177
5584,0.000000399999999999999962874090641634866952203175571867177
5585,0.000000399999999999999962874090641634866952203175571867177
5586,0.000000399999999999999962874090641634866952203175571867177
5587,0.000000399999999999999962874090641634866952203175571867177
5588,0.000000399999999999999962874090641634866952203175571867177
5589,0.000000399999999999999962874090641634866952203175571867177
5590,0.000000399999999999999962874090641634866952203175571867177
5591,0.000000399999999999999962874090641634866952203175571867177
5592,0.000000399999999999999962874090641634866952203175571867177
5593,0.000000399999999999999962874090641634866952203175571867177
5594,0.000000399999999999999962874090641634866952203175571867177
5595,0.000000399999999999999962874090641634866952203175571867177
5596,0.000000399999999999999962874090641634866952203175571867177
5597,0.000000399999999999999962874090641634866952203175571867177
5598,0.000000399999999999999962874090641634866952203175571867177
5599,0.000000399999999999999962874090641634866952203175571867177
5600,0.000000399999999999999962874090641634866952203175571867177
5601,0.000000399999999999999962874090641634866952203175571867177
5602,0.000000399999999999999962874090641634866952203175571867177
5603,0.000000399999999999999962874090641634866952203175571867177
5604,0.000000399999999999999962874090641634866952203175571867177
5605,0.000000299999999999999998004962123508265053883903306086722
5606,0.000000299999999999999998004962123508265053883903306086722
5607,0.000000299999999999999998004962123508265053883903306086722
5608,0.000000299999999999999998004962123508265053883903306086722
5609,0.000000299999999999999998004962123508265053883903306086722
5610,0.000000299999999999999998004962123508265053883903306086722
5611,0.000000299999999999999998004962123508265053883903306086722
5612,0.000000299999999999999998004962123508265053883903306086722
5613,0.000000299999999999999998004962123508265053883903306086722
5614,0.000000299999999999999998004962123508265053883903306086722
5615,0.000000299999999999999998004962123508265053883903306086722
5616,0.000000299999999999999998004962123508265053883903306086722
5617,0.000000299999999999999998004962123508265053883903306086722
5618,0.000000299999999999999998004962123508265053883903306086722
5619,0.000000299999999999999998004962123508265053883903306086722
5620,0.000000299999999999999998004962123508265053883903306086722
5621,0.000000299999999999999998004962123508265053883903306086722
5622,0.000000299999999999999998004962123508265053883903306086722
5623,0.000000299999999999999998004962123508265053883903306086722
5624,0.000000299999999999999998004962123508265053883903306086722
5625,0.000000299999999999999998004962123508265053883903306086722
5626,0.000000299999999999999998004962123508265053883903306086722
5627,0.000000299999999999999998004962123508265053883903306086722
5628,0.000000299999999999999998004962123508265053883903306086722
5629,0.000000299999999999999998004962123508265053883903306086722
5630,0.000000299999999999999998004962123508265053883903306086722
5631,0.000000299999999999999998004962123508265053883903306086722
5632,0.000000299999999999999998004962123508265053883903306086722
5633,0.000000299999999999999998004962123508265053883903306086722
5634,0.000000299999999999999998004962123508265053883903306086722
5635,0.000000299999999999999998004962123508265053883903306086722
5636,0.000000299999999999999998004962123508265053883903306086722
5637,0.000000299999999999999998004962123508265053883903306086722
5638,0.000000299999999999999998004962123508265053883903306086722
5639,0.000000299999999999999998004962123508265053883903306086722
5640,0.000000299999999999999998004962123508265053883903306086722
5641,0.000000299999999999999998004962123508265053883903306086722
5642,0.000000299999999999999998004962123508265053883903306086722
5643,0.000000299999999999999998004962123508265053883903306086722
5644,0.000000299999999999999998004962123508265053883903306086722
5645,0.000000299999999999999998004962123508265053883903306086722
5646,0.000000299999999999999998004962123508265053883903306086722
5647,0.000000299999999999999998004962123508265053883903306086722
5648,0.000000299999999999999998004962123508265053883903306086722
5649,0.000000299999999999999998004962123508265053883903306086722
5650,0.000000299999999999999998004962123508265053883903306086722
5651,0.000000299999999999999998004962123508265053883903306086722
5652,0.000000299999999999999998004962123508265053883903306086722
5653,0.000000299999999999999998004962123508265053883903306086722
5654,0.000000299999999999999998004962123508265053883903306086722
5655,0.000000299999999999999998004962123508265053883903306086722
5656,0.000000299999999999999998004962123508265053883903306086722
5657,0.000000299999999999999998004962123508265053883903306086722
5658,0.000000299999999999999998004962123508265053883903306086722
5659,0.000000299999999999999998004962123508265053883903306086722
5660,0.000000299999999999999998004962123508265053883903306086722
5661,0.000000299999999999999998004962123508265053883903306086722
5662,0.000000299999999999999998004962123508265053883903306086722
5663,0.000000199999999999999981437045320817433476101587785933589
5664,0.000000199999999999999981437045320817433476101587785933589
5665,0.000000199999999999999981437045320817433476101587785933589
5666,0.000000199999999999999981437045320817433476101587785933589
5667,0.000000199999999999999981437045320817433476101587785933589
5668,0.000000199999999999999981437045320817433476101587785933589
5669,0.000000199999999999999981437045320817433476101587785933589
5670,0.000000199999999999999981437045320817433476101587785933589
5671,0.000000199999999999999981437045320817433476101587785933589
5672,0.000000199999999999999981437045320817433476101587785933589
5673,0.000000199999999999999981437045320817433476101587785933589
5674,0.000000199999999999999981437045320817433476101587785933589
5675,0.000000199999999999999981437045320817433476101587785933589
5676,0.000000199999999999999981437045320817433476101587785933589
5677,0.000000199999999999999981437045320817433476101587785933589
5678,0.000000199999999999999981437045320817433476101587785933589
5679,0.000000199999999999999981437045320817433476101587785933589
5680,0.000000199999999999999981437045320817433476101587785933589
5681,0.000000199999999999999981437045320817433476101587785933589
5682,0.000000199999999999999981437045320817433476101587785933589
5683,0.000000199999999999999981437045320817433476101587785933589
5684,0.000000199999999999999981437045320817433476101587785933589
5685,0.000000199999999999999981437045320817433476101587785933589
5686,0.000000199999999999999981437045320817433476101587785933589
5687,0.000000199999999999999981437045320817433476101587785933589
5688,0.000000199999999999999981437045320817433476101587785933589
5689,0.000000199999999999999981437045320817433476101587785933589
5690,0.000000199999999999999981437045320817433476101587785933589
5691,0.000000199999999999999981437045320817433476101587785933589
5692,0.000000099999999999999990718522660408716738050793892966794
5693,0.000000099999999999999990718522660408716738050793892966794
5694,0.000000099999999999999990718522660408716738050793892966794
5695,0.000000099999999999999990718522660408716738050793892966794
5696,0.000000099999999999999990718522660408716738050793892966794
5697,0.000000099999999999999990718522660408716738050793892966794
5698,0.000000099999999999999990718522660408716738050793892966794
5699,0.000000099999999999999990718522660408716738050793892966794
5700,0.000000099999999999999990718522660408716738050793892966794
5701,0.000000099999999999999990718522660408716738050793892966794
5702,0.000000099999999999999990718522660408716738050793892966794
5703,0.000000099999999999999990718522660408716738050793892966794
5704,0.000000099999999999999990718522660408716738050793892966794
5705,0.000000099999999999999990718522660408716738050793892966794
5706,0.000000099999999999999990718522660408716738050793892966794
5707,0.000000099999999999999990718522660408716738050793892966794
5708,0.000000099999999999999990718522660408716738050793892966794
5709,0.000000099999999999999990718522660408716738050793892966794
5710,0.000000099999999999999990718522660408716738050793892966794
5711,0.000000099999999999999990718522660408716738050793892966794
5712,0.000000099999999999999990718522660408716738050793892966794
5713,0.000000099999999999999990718522660408716738050793892966794
5714,0.000000099999999999999990718522660408716738050793892966794
5715,0.000000099999999999999990718522660408716738050793892966794
5716,0.000000099999999999999990718522660408716738050793892966794
5717,0.000000099999999999999990718522660408716738050793892966794
5718,0.000000099999999999999990718522660408716738050793892966794
5719,0.000000099999999999999990718522660408716738050793892966794
5720,0.000000099999999999999990718522660408716738050793892966794
5721,0.000000099999999999999990718522660408716738050793892966794
5722,0.000000099999999999999990718522660408716738050793892966794
5723,0.000000099999999999999990718522660408716738050793892966794
5724,0.000000099999999999999990718522660408716738050793892966794
5725,0.000000099999999999999990718522660408716738050793892966794
5726,0.000000099999999999999990718522660408716738050793892966794
5727,0.000000099999999999999990718522660408716738050793892966794
5728,0.000000099999999999999990718522660408716738050793892966794
5729,0.000000099999999999999990718522660408716738050793892966794
5730,0.000000099999999999999990718522660408716738050793892966794
5731,0.000000099999999999999990718522660408716738050793892966794
5732,0.000000099999999999999990718522660408716738050793892966794
5733,0.000000099999999999999990718522660408716738050793892966794
5734,0.000000099999999999999990718522660408716738050793892966794
5735,0.000000099999999999999990718522660408716738050793892966794
5736,0.000000099999999999999990718522660408716738050793892966794
5737,0.000000099999999999999990718522660408716738050793892966794
5738,0.000000099999999999999990718522660408716738050793892966794
5739,0.000000099999999999999990718522660408716738050793892966794
5740,0.000000099999999999999990718522660408716738050793892966794
5741,0.000000099999999999999990718522660408716738050793892966794
5742,0.000000099999999999999990718522660408716738050793892966794
5743,0.000000099999999999999990718522660408716738050793892966794
5744,0.000000099999999999999990718522660408716738050793892966794
5745,0.000000099999999999999990718522660408716738050793892966794
5746,0.000000099999999999999990718522660408716738050793892966794
5747,0.000000099999999999999990718522660408716738050793892966794
5748,0.000000099999999999999990718522660408716738050793892966794
5749,0.000000099999999999999990718522660408716738050793892966794
5750,0.000000099999999999999990718522660408716738050793892966794
5751,0.000000099999999999999990718522660408716738050793892966794
5752,0.000000099999999999999990718522660408716738050793892966794
5753,0.000000099999999999999990718522660408716738050793892966794
5754,0.000000099999999999999990718522660408716738050793892966794
5755,0.000000099999999999999990718522660408716738050793892966794
5756,0.000000099999999999999990718522660408716738050793892966794
5757,0.000000099999999999999990718522660408716738050793892966794
5758,0.000000099999999999999990718522660408716738050793892966794
5759,0.000000099999999999999990718522660408716738050793892966794
5760,0.000000099999999999999990718522660408716738050793892966794
5761,0.000000099999999999999990718522660408716738050793892966794
5762,0.000000099999999999999990718522660408716738050793892966794
5763,0.000000099999999999999990718522660408716738050793892966794
5764,0.000000099999999999999990718522660408716738050793892966794
5765,0.000000099999999999999990718522660408716738050793892966794
5766,0.000000099999999999999990718522660408716738050793892966794
5767,0.000000099999999999999990718522660408716738050793892966794
5768,0.000000099999999999999990718522660408716738050793892966794
5769,0.000000099999999999999990718522660408716738050793892966794
5770,0.000000099999999999999990718522660408716738050793892966794
5771,0.000000099999999999999990718522660408716738050793892966794
5772,0.000000099999999999999990718522660408716738050793892966794
5773,0.000000099999999999999990718522660408716738050793892966794
5774,0.000000099999999999999990718522660408716738050793892966794
5775,0.000000099999999999999990718522660408716738050793892966794
5776,0.000000099999999999999990718522660408716738050793892966794
5777,0.000000099999999999999990718522660408716738050793892966794
5778,0.000000099999999999999990718522660408716738050793892966794
5779,0.000000099999999999999990718522660408716738050793892966794
5780,0.000000099999999999999990718522660408716738050793892966794
5781,0.000000099999999999999990718522660408716738050793892966794
5782,0.000000099999999999999990718522660408716738050793892966794
5783,0.000000099999999999999990718522660408716738050793892966794
5784,0.000000099999999999999990718522660408716738050793892966794
5785,0.000000099999999999999990718522660408716738050793892966794
5786,0.000000099999999999999990718522660408716738050793892966794
5787,0.000000099999999999999990718522660408716738050793892966794
5788,0.000000099999999999999990718522660408716738050793892966794
5789,0.000000099999999999999990718522660408716738050793892966794
5790,0.000000099999999999999990718522660408716738050793892966794
5791,0.000000099999999999999990718522660408716738050793892966794
5792,0.000000099999999999999990718522660408716738050793892966794
5793,0.000000099999999999999990718522660408716738050793892966794
5794,0.000000099999999999999990718522660408716738050793892966794
5795,0.000000099999999999999990718522660408716738050793892966794
5796,0.000000099999999999999990718522660408716738050793892966794
5797,0.000000099999999999999990718522660408716738050793892966794
5798,0.000000099999999999999990718522660408716738050793892966794
5799,0.000000099999999999999990718522660408716738050793892966794
5800,0.000000099999999999999990718522660408716738050793892966794
5801,0.000000099999999999999990718522660408716738050793892966794
5802,0.000000099999999999999990718522660408716738050793892966794
5803,0.000000099999999999999990718522660408716738050793892966794
5804,0.000000099999999999999990718522660408716738050793892966794
5805,0.000000099999999999999990718522660408716738050793892966794
5806,0.000000099999999999999990718522660408716738050793892966794
5807,0.000000099999999999999990718522660408716738050793892966794
5808,0.000000099999999999999990718522660408716738050793892966794
5809,0.000000099999999999999990718522660408716738050793892966794
5810,0.000000099999999999999990718522660408716738050793892966794
5811,0.000000099999999999999990718522660408716738050793892966794
5812,0.000000099999999999999990718522660408716738050793892966794
5813,0.000000099999999999999990718522660408716738050793892966794
5814,0.000000099999999999999990718522660408716738050793892966794
5815,0.000000099999999999999990718522660408716738050793892966794
5816,0.000000099999999999999990718522660408716738050793892966794
5817,0.000000099999999999999990718522660408716738050793892966794
5818,0.000000099999999999999990718522660408716738050793892966794
5819,0.000000099999999999999990718522660408716738050793892966794
5820,0.000000099999999999999990718522660408716738050793892966794
5821,0.000000099999999999999990718522660408716738050793892966794
5822,0.000000099999999999999990718522660408716738050793892966794
5823,0.000000099999999999999990718522660408716738050793892966794
5824,0.000000099999999999999990718522660408716738050793892966794
5825,0.000000099999999999999990718522660408716738050793892966794
5826,0.000000099999999999999990718522660408716738050793892966794
5827,0.000000099999999999999990718522660408716738050793892966794
5828,0.000000099999999999999990718522660408716738050793892966794
5829,0.000000099999999999999990718522660408716738050793892966794
5830,0.000000099999999999999990718522660408716738050793892966794
5831,0.000000099999999999999990718522660408716738050793892966794
5832,0.000000099999999999999990718522660408716738050793892966794
5833,0.000000099999999999999990718522660408716738050793892966794
5834,0.000000099999999999999990718522660408716738050793892966794
5835,0.000000099999999999999990718522660408716738050793892966794
5836,0.000000099999999999999990718522660408716738050793892966794
5837,0.000000099999999999999990718522660408716738050793892966794
5838,0.000000099999999999999990718522660408716738050793892966794
5839,0.000000099999999999999990718522660408716738050793892966794
5840,0.000000099999999999999990718522660408716738050793892966794
5841,0.000000099999999999999990718522660408716738050793892966794
5842,0.000000099999999999999990718522660408716738050793892966794
5843,0.000000099999999999999990718522660408716738050793892966794
5844,0.000000099999999999999990718522660408716738050793892966794
5845,0.000000099999999999999990718522660408716738050793892966794
5846,0.000000099999999999999990718522660408716738050793892966794
5847,0.000000099999999999999990718522660408716738050793892966794
5848,0.000000099999999999999990718522660408716738050793892966794
5849,0.000000099999999999999990718522660408716738050793892966794
5850,0.000000099999999999999990718522660408716738050793892966794
5851,0.000000099999999999999990718522660408716738050793892966794
5852,0.000000099999999999999990718522660408716738050793892966794
5853,0.000000099999999999999990718522660408716738050793892966794
5854,0.000000099999999999999990718522660408716738050793892966794
5855,0.000000099999999999999990718522660408716738050793892966794
5856,0.000000099999999999999990718522660408716738050793892966794
5857,0.000000099999999999999990718522660408716738050793892966794
5858,0.000000099999999999999990718522660408716738050793892966794
5859,0.000000099999999999999990718522660408716738050793892966794
5860,0.000000099999999999999990718522660408716738050793892966794
5861,0.000000099999999999999990718522660408716738050793892966794
5862,0.000000099999999999999990718522660408716738050793892966794
5863,0.000000099999999999999990718522660408716738050793892966794
5864,0.000000099999999999999990718522660408716738050793892966794
5865,0.000000099999999999999990718522660408716738050793892966794
5866,0.000000099999999999999990718522660408716738050793892966794
5867,0.000000099999999999999990718522660408716738050793892966794
5868,0.000000099999999999999990718522660408716738050793892966794
5869,0.000000099999999999999990718522660408716738050793892966794
5870,0.000000099999999999999990718522660408716738050793892966794
5871,0.000000099999999999999990718522660408716738050793892966794
5872,0.000000099999999999999990718522660408716738050793892966794
5873,0.000000099999999999999990718522660408716738050793892966794
5874,0.000000099999999999999990718522660408716738050793892966794
5875,0.000000099999999999999990718522660408716738050793892966794
5876,0.000000099999999999999990718522660408716738050793892966794
5877,0.000000099999999999999990718522660408716738050793892966794
5878,0.000000099999999999999990718522660408716738050793892966794
5879,0.000000099999999999999990718522660408716738050793892966794
5880,0.000000099999999999999990718522660408716738050793892966794
5881,0.000000099999999999999990718522660408716738050793892966794
5882,0.000000099999999999999990718522660408716738050793892966794
5883,0.000000099999999999999990718522660408716738050793892966794
5884,0.000000099999999999999990718522660408716738050793892966794
5885,0.000000099999999999999990718522660408716738050793892966794
5886,0.000000099999999999999990718522660408716738050793892966794
5887,0.000000099999999999999990718522660408716738050793892966794
5888,0.000000099999999999999990718522660408716738050793892966794
5889,0.000000099999999999999990718522660408716738050793892966794
5890,0.000000099999999999999990718522660408716738050793892966794
5891,0.000000099999999999999990718522660408716738050793892966794
5892,0.000000099999999999999990718522660408716738050793892966794
5893,0.000000099999999999999990718522660408716738050793892966794
5894,0.000000099999999999999990718522660408716738050793892966794
5895,0.000000099999999999999990718522660408716738050793892966794
5896,0.000000099999999999999990718522660408716738050793892966794
5897,0.000000099999999999999990718522660408716738050793892966794
5898,0.000000099999999999999990718522660408716738050793892966794
5899,0.000000099999999999999990718522660408716738050793892966794
5900,0.000000099999999999999990718522660408716738050793892966794
5901,0.000000099999999999999990718522660408716738050793892966794
5902,0.000000099999999999999990718522660408716738050793892966794
5903,0.000000099999999999999990718522660408716738050793892966794
5904,0.000000099999999999999990718522660408716738050793892966794
5905,0.000000099999999999999990718522660408716738050793892966794
5906,0.000000099999999999999990718522660408716738050793892966794
5907,0.000000099999999999999990718522660408716738050793892966794
5908,0.000000099999999999999990718522660408716738050793892966794
5909,0.000000099999999999999990718522660408716738050793892966794
5910,0.000000099999999999999990718522660408716738050793892966794
5911,0.000000099999999999999990718522660408716738050793892966794
5912,0.000000099999999999999990718522660408716738050793892966794
5913,0.000000099999999999999990718522660408716738050793892966794
5914,0.000000099999999999999990718522660408716738050793892966794
5915,0.000000099999999999999990718522660408716738050793892966794
5916,0.000000099999999999999990718522660408716738050793892966794
5917,0.000000099999999999999990718522660408716738050793892966794
5918,0.000000099999999999999990718522660408716738050793892966794
5919,0.000000099999999999999990718522660408716738050793892966794
5920,0.000000099999999999999990718522660408716738050793892966794
5921,0.000000099999999999999990718522660408716738050793892966794
5922,0.000000099999999999999990718522660408716738050793892966794
5923,0.000000099999999999999990718522660408716738050793892966794
5924,0.000000099999999999999990718522660408716738050793892966794
5925,0.000000099999999999999990718522660408716738050793892966794
5926,0.000000099999999999999990718522660408716738050793892966794
5927,0.000000099999999999999990718522660408716738050793892966794
5928,0.000000099999999999999990718522660408716738050793892966794
5929,0.000000099999999999999990718522660408716738050793892966794
5930,0.000000099999999999999990718522660408716738050793892966794
5931,0.000000099999999999999990718522660408716738050793892966794
5932,0.000000099999999999999990718522660408716738050793892966794
5933,0.000000099999999999999990718522660408716738050793892966794
5934,0.000000099999999999999990718522660408716738050793892966794
5935,0.000000099999999999999990718522660408716738050793892966794
5936,0.000000099999999999999990718522660408716738050793892966794
5937,0.000000099999999999999990718522660408716738050793892966794
5938,0.000000099999999999999990718522660408716738050793892966794
5939,0.000000099999999999999990718522660408716738050793892966794
5940,0.000000099999999999999990718522660408716738050793892966794
5941,0.000000099999999999999990718522660408716738050793892966794
5942,0.000000099999999999999990718522660408716738050793892966794
5943,0.000000099999999999999990718522660408716738050793892966794
5944,0.000000099999999999999990718522660408716738050793892966794
5945,0.000000099999999999999990718522660408716738050793892966794
5946,0.000000099999999999999990718522660408716738050793892966794
5947,0.000000099999999999999990718522660408716738050793892966794
5948,0.000000099999999999999990718522660408716738050793892966794
5949,0.000000099999999999999990718522660408716738050793892966794
5950,0.000000099999999999999990718522660408716738050793892966794
5951,0.000000099999999999999990718522660408716738050793892966794
5952,0.000000099999999999999990718522660408716738050793892966794
5953,0.000000099999999999999990718522660408716738050793892966794
5954,0.000000099999999999999990718522660408716738050793892966794
5955,0.000000099999999999999990718522660408716738050793892966794
5956,0.000000099999999999999990718522660408716738050793892966794
5957,0.000000099999999999999990718522660408716738050793892966794
5958,0.000000099999999999999990718522660408716738050793892966794
5959,0.000000099999999999999990718522660408716738050793892966794
5960,0.000000099999999999999990718522660408716738050793892966794
5961,0.000000099999999999999990718522660408716738050793892966794
5962,0.000000099999999999999990718522660408716738050793892966794
5963,0.000000099999999999999990718522660408716738050793892966794
5964,0.000000099999999999999990718522660408716738050793892966794
5965,0.000000099999999999999990718522660408716738050793892966794
5966,0.000000099999999999999990718522660408716738050793892966794
5967,0.000000099999999999999990718522660408716738050793892966794
5968,0.000000099999999999999990718522660408716738050793892966794
5969,0.000000099999999999999990718522660408716738050793892966794
5970,0.000000099999999999999990718522660408716738050793892966794
5971,0.000000099999999999999990718522660408716738050793892966794
5972,0.000000099999999999999990718522660408716738050793892966794
5973,0.000000099999999999999990718522660408716738050793892966794
5974,0.000000099999999999999990718522660408716738050793892966794
5975,0.000000099999999999999990718522660408716738050793892966794
5976,0.000000099999999999999990718522660408716738050793892966794
5977,0.000000099999999999999990718522660408716738050793892966794
5978,0.000000099999999999999990718522660408716738050793892966794
5979,0.000000099999999999999990718522660408716738050793892966794
5980,0.000000099999999999999990718522660408716738050793892966794
5981,0.000000099999999999999990718522660408716738050793892966794
5982,0.000000099999999999999990718522660408716738050793892966794
5983,0.000000099999999999999990718522660408716738050793892966794
5984,0.000000099999999999999990718522660408716738050793892966794
5985,0.000000099999999999999990718522660408716738050793892966794
5986,0.000000099999999999999990718522660408716738050793892966794
5987,0.000000099999999999999990718522660408716738050793892966794
5988,0.000000099999999999999990718522660408716738050793892966794
5989,0.000000099999999999999990718522660408716738050793892966794
5990,0.000000099999999999999990718522660408716738050793892966794
5991,0.000000099999999999999990718522660408716738050793892966794
5992,0.000000099999999999999990718522660408716738050793892966794
5993,0.000000099999999999999990718522660408716738050793892966794
5994,0.000000099999999999999990718522660408716738050793892966794
5995,0.000000099999999999999990718522660408716738050793892966794
5996,0.000000099999999999999990718522660408716738050793892966794
5997,0.000000099999999999999990718522660408716738050793892966794
5998,0.000000099999999999999990718522660408716738050793892966794
5999,0.000000099999999999999990718522660408716738050793892966794
6000,0.000000099999999999999990718522660408716738050793892966794
6001,0.000000099999999999999990718522660408716738050793892966794
6002,0.000000099999999999999990718522660408716738050793892966794
6003,0.000000099999999999999990718522660408716738050793892966794
6004,0.000000099999999999999990718522660408716738050793892966794
6005,0.000000099999999999999990718522660408716738050793892966794
6006,0.000000099999999999999990718522660408716738050793892966794
6007,0.000000099999999999999990718522660408716738050793892966794
6008,0.000000099999999999999990718522660408716738050793892966794
6009,0.000000099999999999999990718522660408716738050793892966794
6010,0.000000099999999999999990718522660408716738050793892966794
6011,0.000000099999999999999990718522660408716738050793892966794
6012,0.000000099999999999999990718522660408716738050793892966794
6013,0.000000099999999999999990718522660408716738050793892966794
6014,0.000000099999999999999990718522660408716738050793892966794
6015,0.000000099999999999999990718522660408716738050793892966794
6016,0.000000099999999999999990718522660408716738050793892966794
6017,0.000000099999999999999990718522660408716738050793892966794
6018,0.000000099999999999999990718522660408716738050793892966794
6019,0.000000099999999999999990718522660408716738050793892966794
6020,0.000000099999999999999990718522660408716738050793892966794
6021,0.000000099999999999999990718522660408716738050793892966794
6022,0.000000099999999999999990718522660408716738050793892966794
6023,0.000000099999999999999990718522660408716738050793892966794
6024,0.000000099999999999999990718522660408716738050793892966794
6025,0.000000099999999999999990718522660408716738050793892966794
6026,0.000000099999999999999990718522660408716738050793892966794
6027,0.000000099999999999999990718522660408716738050793892966794
6028,0.000000099999999999999990718522660408716738050793892966794
6029,0.000000099999999999999990718522660408716738050793892966794
6030,0.000000099999999999999990718522660408716738050793892966794
6031,0.000000099999999999999990718522660408716738050793892966794
6032,0.000000099999999999999990718522660408716738050793892966794
6033,0.000000099999999999999990718522660408716738050793892966794
6034,0.000000099999999999999990718522660408716738050793892966794
6035,0.000000099999999999999990718522660408716738050793892966794
6036,0.000000099999999999999990718522660408716738050793892966794
6037,0.000000099999999999999990718522660408716738050793892966794
6038,0.000000099999999999999990718522660408716738050793892966794
6039,0.000000099999999999999990718522660408716738050793892966794
6040,0.000000099999999999999990718522660408716738050793892966794
6041,0.000000099999999999999990718522660408716738050793892966794
6042,0.000000099999999999999990718522660408716738050793892966794
6043,0.000000099999999999999990718522660408716738050793892966794
6044,0.000000099999999999999990718522660408716738050793892966794
6045,0.000000099999999999999990718522660408716738050793892966794
6046,0.000000099999999999999990718522660408716738050793892966794
6047,0.000000099999999999999990718522660408716738050793892966794
6048,0.000000099999999999999990718522660408716738050793892966794
6049,0.000000099999999999999990718522660408716738050793892966794
6050,0.000000099999999999999990718522660408716738050793892966794
6051,0.000000099999999999999990718522660408716738050793892966794
6052,0.000000099999999999999990718522660408716738050793892966794
6053,0.000000099999999999999990718522660408716738050793892966794
6054,0.000000099999999999999990718522660408716738050793892966794
6055,0.000000099999999999999990718522660408716738050793892966794
6056,0.000000099999999999999990718522660408716738050793892966794
6057,0.000000099999999999999990718522660408716738050793892966794
6058,0.000000099999999999999990718522660408716738050793892966794
6059,0.000000099999999999999990718522660408716738050793892966794
6060,0.000000099999999999999990718522660408716738050793892966794
6061,0.000000099999999999999990718522660408716738050793892966794
6062,0.000000099999999999999990718522660408716738050793892966794
6063,0.000000099999999999999990718522660408716738050793892966794
6064,0.000000099999999999999990718522660408716738050793892966794
6065,0.000000099999999999999990718522660408716738050793892966794
6066,0.000000099999999999999990718522660408716738050793892966794
6067,0.000000099999999999999990718522660408716738050793892966794
6068,0.000000099999999999999990718522660408716738050793892966794
6069,0.000000099999999999999990718522660408716738050793892966794
6070,0.000000099999999999999990718522660408716738050793892966794
6071,0.000000099999999999999990718522660408716738050793892966794
6072,0.000000099999999999999990718522660408716738050793892966794
6073,0.000000099999999999999990718522660408716738050793892966794
6074,0.000000099999999999999990718522660408716738050793892966794
6075,0.000000099999999999999990718522660408716738050793892966794
6076,0.000000099999999999999990718522660408716738050793892966794
6077,0.000000099999999999999990718522660408716738050793892966794
6078,0.000000099999999999999990718522660408716738050793892966794
6079,0.000000099999999999999990718522660408716738050793892966794
6080,0.000000099999999999999990718522660408716738050793892966794
6081,0.000000099999999999999990718522660408716738050793892966794
6082,0.000000099999999999999990718522660408716738050793892966794
6083,0.000000099999999999999990718522660408716738050793892966794
6084,0.000000099999999999999990718522660408716738050793892966794
6085,0.000000099999999999999990718522660408716738050793892966794
6086,0.000000099999999999999990718522660408716738050793892966794
6087,0.000000099999999999999990718522660408716738050793892966794
6088,0.000000099999999999999990718522660408716738050793892966794
6089,0.000000099999999999999990718522660408716738050793892966794
6090,0.000000099999999999999990718522660408716738050793892966794
6091,0.000000099999999999999990718522660408716738050793892966794
6092,0.000000099999999999999990718522660408716738050793892966794
6093,0.000000099999999999999990718522660408716738050793892966794
6094,0.000000099999999999999990718522660408716738050793892966794
6095,0.000000099999999999999990718522660408716738050793892966794
6096,0.000000099999999999999990718522660408716738050793892966794
6097,0.000000099999999999999990718522660408716738050793892966794
6098,0.000000099999999999999990718522660408716738050793892966794
6099,0.000000099999999999999990718522660408716738050793892966794
6100,0.000000099999999999999990718522660408716738050793892966794
6101,0.000000099999999999999990718522660408716738050793892966794
6102,0.000000099999999999999990718522660408716738050793892966794
6103,0.000000099999999999999990718522660408716738050793892966794
6104,0.000000099999999999999990718522660408716738050793892966794
6105,0.000000099999999999999990718522660408716738050793892966794
6106,0.000000099999999999999990718522660408716738050793892966794
6107,0.000000099999999999999990718522660408716738050793892966794
6108,0.000000099999999999999990718522660408716738050793892966794
6109,0.000000099999999999999990718522660408716738050793892966794
6110,0.000000099999999999999990718522660408716738050793892966794
6111,0.000000099999999999999990718522660408716738050793892966794
6112,0.000000099999999999999990718522660408716738050793892966794
6113,0.000000099999999999999990718522660408716738050793892966794
6114,0.000000099999999999999990718522660408716738050793892966794
6115,0.000000099999999999999990718522660408716738050793892966794
6116,0.000000099999999999999990718522660408716738050793892966794
6117,0.000000099999999999999990718522660408716738050793892966794
6118,0.000000099999999999999990718522660408716738050793892966794
6119,0.000000099999999999999990718522660408716738050793892966794
6120,0.000000099999999999999990718522660408716738050793892966794
6121,0.000000099999999999999990718522660408716738050793892966794
6122,0.000000099999999999999990718522660408716738050793892966794
6123,0.000000099999999999999990718522660408716738050793892966794
6124,0.000000099999999999999990718522660408716738050793892966794
6125,0.000000099999999999999990718522660408716738050793892966794
6126,0.000000099999999999999990718522660408716738050793892966794
6127,0.000000099999999999999990718522660408716738050793892966794
6128,0.000000099999999999999990718522660408716738050793892966794
6129,0.000000099999999999999990718522660408716738050793892966794
6130,0.000000099999999999999990718522660408716738050793892966794
6131,0.000000099999999999999990718522660408716738050793892966794
6132,0.000000099999999999999990718522660408716738050793892966794
6133,0.000000099999999999999990718522660408716738050793892966794
6134,0.000000099999999999999990718522660408716738050793892966794
6135,0.000000099999999999999990718522660408716738050793892966794
6136,0.000000099999999999999990718522660408716738050793892966794
6137,0.000000099999999999999990718522660408716738050793892966794
6138,0.000000099999999999999990718522660408716738050793892966794
6139,0.000000099999999999999990718522660408716738050793892966794
6140,0.000000099999999999999990718522660408716738050793892966794
6141,0.000000099999999999999990718522660408716738050793892966794
6142,0.000000099999999999999990718522660408716738050793892966794
6143,0.000000099999999999999990718522660408716738050793892966794
6144,0.000000099999999999999990718522660408716738050793892966794
6145,0.000000099999999999999990718522660408716738050793892966794
6146,0.000000099999999999999990718522660408716738050793892966794
6147,0.000000099999999999999990718522660408716738050793892966794
6148,0.000000099999999999999990718522660408716738050793892966794
6149,0.000000099999999999999990718522660408716738050793892966794
6150,0.000000099999999999999990718522660408716738050793892966794
6151,0.000000099999999999999990718522660408716738050793892966794
6152,0.000000099999999999999990718522660408716738050793892966794
6153,0.000000099999999999999990718522660408716738050793892966794
6154,0.000000099999999999999990718522660408716738050793892966794
6155,0.000000099999999999999990718522660408716738050793892966794
6156,0.000000099999999999999990718522660408716738050793892966794
6157,0.000000099999999999999990718522660408716738050793892966794
6158,0.000000099999999999999990718522660408716738050793892966794
6159,0.000000099999999999999990718522660408716738050793892966794
6160,0.000000099999999999999990718522660408716738050793892966794
6161,0.000000099999999999999990718522660408716738050793892966794
6162,0.000000099999999999999990718522660408716738050793892966794
6163,0.000000099999999999999990718522660408716738050793892966794
6164,0.000000099999999999999990718522660408716738050793892966794
6165,0.000000099999999999999990718522660408716738050793892966794
6166,0.000000099999999999999990718522660408716738050793892966794
6167,0.000000099999999999999990718522660408716738050793892966794
6168,0.000000099999999999999990718522660408716738050793892966794
6169,0.000000099999999999999990718522660408716738050793892966794
6170,0.000000099999999999999990718522660408716738050793892966794
6171,0.000000099999999999999990718522660408716738050793892966794
6172,0.000000099999999999999990718522660408716738050793892966794
6173,0.000000099999999999999990718522660408716738050793892966794
6174,0.000000099999999999999990718522660408716738050793892966794
6175,0.000000099999999999999990718522660408716738050793892966794
6176,0.000000000000000000000000000000000000000000000000000000000
